ID,Target
ID_AAFIK,kisolo kiti kati talu kirimu kiri mu lukongo era ndubiriri bwene hotel ekindi ya kyongerera aheerata ekindi erinnyumaho kyasitiri ekimiromu ng'aki era ebwene wayo eriyo bunnyaasi kinyuma wayo eriyo bisaala bisaala
ID_AAJGJ,mmaayi mukwera wa rerere bibintu byeewe mu khatale ku bikulisa anyoolemo lipeesa lye kumuyeeta erimo kipaaka mapapaali erimo e kamatofu erimo kinyaanya ng'amanya are uuka neyeekse kane abikule naye anyoolemo lipeesa lye khumuyeeta
ID_AAMQV,waliyo inzuhi nga inzukhi lino eri ndw era musifaananyi inzuki lino erikuutsa mu bumuli kufuna nekita nekitesi enyala yayira yarambisa kukukola bubuuki
ID_ABIAC,ekibiina kirimu abaana bato bali kusoma halimu omwegesa waabo bayine ebibali kukuba aha mpapula zaabo
ID_ABIFP,umunabi we tsingubo wekhasi alaambise sisuma sirambisa ku munyakaasi waapangile tsingubo tsesaamalile khununaba tsingali ni weeni we ni wekenderesee naabi aloire sisyuma nga sili ku uraama akw ale lukhoba mu mmiro ulunyasa ko mupimira bifuba ni mushibu noomo yabandu naandabe etsingubo tsindaye
ID_ABOKW,esyombeke siboofu sye gorofa esyakolebwa bulayi ne kamadinisa ke tsindabiro esyombeke sino siboneka bulayi esyombeke sino sisomesebweramu ebwene y'emisibireyo tsimotoka ebwene tsana eriyo lukudo lwa tamaka lwesi tsimotoka tsibirirako mu ngaaki erimu tsiwaya tse kamasannyalazi
ID_ABUDO,anaano ekyibiina khirimo babaana b'esomero atweera n'omusomesa ne musomesa ali kuwandira khu lubaawo ne waamala babaana baafumbuule kikintu ky'abaamiire enyuma kira baliko ba kikondoola kyimoni kikintu nikyo omusomesa akaboone taawe
ID_ABZCX,pii madit dok i teng pii man tye yadi ma tye ka dongo macalo tugu kacel ki yadi mukene lum bene tye iteng pii man teng pii man bene tye odi ma kigero wigi ki lum
ID_ACHTD,eya ng'omuntu ndikuubo nazinzuzi biri zinzuzi bazombeka n'eri ttaaka n'ebisaala kuliko mabbaati gindi eriko bunnyaasi anze ali w'obiddomolo bibatamu n'ensi
ID_ACPMN,issewaani issewaani yino iriko mmeeza isewaani lino iriko ennyama y'esiboshere busewaani bunouliko n'ebitungulu n'ebindi ebindi biri mu langi eya guriini
ID_ACSBI,ichel man tie iye gudi kama motaka mapol ging'wejo e iye kibena ichiel man tie iye bas ario ma ochung' iteng gudi kibena ichel man tie iye dano mapol adada ma gitie kachalo jerme acha ma yet dano ma gitie i bas
ID_ADBYE,ogu n'omwanya gurimu ebyombeko bingi ebyombeko ebirimu n'ebya zaakanyina hariho ekishaaha omu maisho ahagati y'ogu omwanya hariho ekyombeko kiraingwa munonga ekirikusinga ebyombeko byona kandi ogu omwanya guhereire emigongo
ID_ADDJL,daho malego itadin pachilam tie obero mot e nyim odi chat kon kuoro dano matie kabino kachwalo kigamo chende iyamo pamono
ID_ADUXO,nindeeba orurembo ndeebamu emotooka ndeebamu epiki omushaija barimu nibagivuga ndeeba ekyapa kiri aharuguuto kiri omushaija nareeba aha siimu ndeeba abantu ndeeba itaahiro ry'amajuta k'emotooka nk'ebyiruka
ID_ADUXU,ebitande birimu ne biguzibwa ebimwe biyine erangi erikutukula enyuma y'ebitande haliyo emiti erikuleeta ekibunda enyuma y'ebitande haliyo amaju agamwe n'aga kaanyina enyuma y'enju haliyo ebicu
ID_AEWRJ,abantu bakwise ne banaaba engalo kandi omwe omulubu ajwire essaaha omukono gwa bumoso ali akooma akakwise ne kashowooza amiisi n'anaaba nseeri haliyo abandi bantu bajwire emyenda ya mutale nabo ne banaaba engalo
ID_AFFOC,nindeeba omukazi abyami nindeeba amabaare nindeeba ebitakuri abitekyire emirengo nooshusha naabiguza ndeeba ebiyooni ateekire ndeeba ebyoma ndeeba akameeza enyuma y'ogu mukazi n'ondiijo mukazi ashutami naaranzya kuriya obuseeri amabaare
ID_AFGNS,nnendeebe njuju zeemereire omupaaka ennyuma yaazo haliyo emiti haliyo obunyaasi zirino zirino obwana bwa zimwe zirino obwana bwayo ziyo nzitambu ziyo nzikye ebinyaasi omupaaka
ID_AFOKY,asi kuwira uye basani maviri bihaye durauro reburangisi uyehwe kunduaro rehundoroshati henji mawariwo handonga chizara cheiro riremongachi neburangisi uye guru ravo nehelee holeonely fhumbi
ID_AFPBI,omu kisoni halimu ekika ky'enkyende ekikwetwa empundu eri omu kishaka eyine langi ekuyiragula
ID_AHIXB,engaro mpango z'omushaija akwatsire ekyenyanja omu ngaro yaaheza okukiiha omu maizi ekyenyanja kyashami
ID_AHUKD,engoke eri mu bisaala bikali by'e grini birika kamasaafu era yeeyambireho ngaaki ng'eniiri ssaafumu hanw amwayo yalolerere u lubeka l'oulala yafaanira eyibone omundu we bataasisindokasiisa okwamaho olubeka lw'ebweneye
ID_AHVEP,ngat acel gingi latin matidi ma kitingo gin me ce i wi pii ki cung i pii i teng pii nam man madit tutwal li tye pii ma omake ai macalo ado ki me ngico ki bene iteng pii man tye cere madit ma cito eni odi mapol ma kigedogi
ID_AIDIY,emiti mingi munonga eri omu mwanya gumwe omu rubaju gwa bulyo halimu omuhanda n'ogwa bumoso halimu ogundi muhanda kandi effe y'emihanda yona haliyo endiijo miti
ID_AJDZO,nindeebaho ebintu bya kare ebibakwesha omu kweshongora hariho nk'enanga hariho n'ebishushani aha kisiika biri aha kisiika kandi biri nk'omunju etaine n'omunda
ID_AJILB,ebyombeho ebiikali biri byeeka mapaadiika mawanga bifuudisa ebirala baabimaalaho ndlon'esimendi obasimiiti bibiinita ebyombehe bino biri khiifa ky'esi bantu bakonamu byombehe bino birimo kimihoosi mu ndo n'ebuuyira bubirisa babantu bano akyeboole mumimu mu zinzu kyabwe baka
ID_AJMEI,i acata ma me labolo ma tye ka timme i cok ki poto labolo boda boda tye ma otweyo labolo kono ma dong ki wilo kun i te cuk me acata ki bene labolo mogo tye kitweyogi i kom lela kun labolo ma pud tye kicano ki cok ki poto labolo ma omako piny madit mada ma pot labolo man atye ka neno labolo ki dongo ma komgi yot adada bene
ID_AJPZD,abazaani b'omupiira bali omu kishaaha ky'omupiira biyineho oli kushalamu omupiira balyo ne bajaguza ahabw'obuhanguzi bwabo naye nga si bwa goola yaabo biyineho nana oli kubagyesa omupiira ali nabo
ID_ALXLC,mm mmotu mmotu gwo eya gwatira egiraa enaayu kyetu kinyala kyagira ez'enzoki zaaleka ku buluma ez'enzoki zirimu maanaana ne yaasi aliwo bi biimuli bi biigona
ID_AMAJB,i cal enini atye ka neno lutino kwan ma gitye ka mato pii i dog tangi kun lutino enini tye iye anyira ka awobe ma anyaka oruko tetei ma piny awobi oruko kor cati ma piny ki dong pyere tye ma blue
ID_AMUXQ,haliho ekisasala ky'enzoki kandi ekisasala ekyo kihumbasirwe enzoki nnyingi kandi olubazi olumwe nano olundi haliyo ebimuli
ID_ANIZY,omuntu orikwiragura ajwaire esaati ya mutare nana empare nana sikati erikwiragura ariyo naatereza ekyoma eky'okuruuka kandi aha rubaju hariho ebidondori by'ehuuzi byona biri aha meeza y'ekiti
ID_AOBPJ,efuvu eri mu nnyanza efuvu eno embaata ye mu meezi yaagiyimire ku mugongo efuvu ekunnyumirwa meezi ekuyisinga awo nga eriiwo ewulira buula mu buula ekabisa ne gufuvu gwe ne gwaleeya ne gubata nagwo gwaleeya kabisa
ID_AOFZG,ogu n'omwanya murungi munonga ngu reebekagye gwona n'omuyonjo kandi hariho obujuba obufuuha bushakaize ebinyaatsi aha ahansi nindeeba harimu otubaare kandi n'akahanda aku bakatairemu omu rubaju amabaare runa nihareebukagye
ID_AOOVO,tye dako mo ma tye muno oruko camongenye i doge oruko bongo matar labade bor kun oketo lapim jami me two ma tye oketo cok tye i wange
ID_APCMS,mmeezi mmagali galiko mayengo ku ngaagi ammeezi gano kiyina galinga ennyanza kubanga kw'onywa wabuuna kuttulo n'ekuttulo naye nga eringa budde bwe yangoloobe mu mu muumu nga guli kuugwa lina mufeeri aliwo omumali
ID_APDXI,akanyamiisa akalikwetwa enuuma kirine amahembe malingwa kandi kalyoni keeranza enyima ekikemeriire aliwo obunyansi bw'omire kandi omu lubazu enyima aleeyo ebinyansi bingi n'ebiti bike bitakwatiine
ID_APEVM,zinzu zingali zityo ziri mu icende mwe kaadinga biisaala biri kuupi n'ezinzu ziri kuupi n'eruuguudo lukomera luli ku nzu iri kuupi n'eruuguudo
ID_APLXR,ente enkuru nana ento ezimwe ziine amahembe maraingwa ezindi zitagaine ziri omu ruguuto zemereire kandi zoona nizireeba omu mwanya gumwe enyuma yaayo hariyo oruguuto kandi orubaju nana orubaju hariyo ebinyaatsi nana ebishaka kandi byona biri omu rangi eya kinyaatsi
ID_APQJJ,lutino adek ma gua ka gamo pii ngat acel ngako i teng yo anyaka acel tye omako jereken ma ite lela dok jeriken mukene tye piny lela acel tye obuto abuta
ID_AQTKN,litino matino ma tye i dog tangi mukene tye ka lwoko cing mukene tye ka mato pii litino magi iye wigi tye macego cego dok bene guruko bongo kwan i komgi
ID_ARGNK,omwanyi ogu n'ogw'okulambula ne bagweta equator aha n'aha mmwatano oguli kutandisa mu ihanga lya uganda omubicweka bibiri ekicweka ekya bukiizi bwa bulyo n'ekicweka ekya bukiizi bwa bumosho
ID_ARHYY,omuhanda gwa koolaasi tihalimu mmotoka yoona omu rubaju lw'omuhanda ogu haliho ebyoma ebiri aha muhanda ebiri kutangira emmotoka kutunga butandu kandi omumaiso g'oruguuto kulya haliyo amaju mingi ganagaanagire
ID_ARIBH,nindeeba aha aha ruguuto hariho stage ya piki hariho stage ya piki kandi hariho emiti mihango ebiri abakazi bashutamiho na za piki barimu bashutami bataire
ID_ARSVB,atye ka neno lela ma kijengo i teng yo kun otingo labolo iye ma romo tuge abic ma nen maleng ma gurin ki bene tung lela man tye bongo koyo ma tye kala ma piny iye ka dong komme oboyo ki bongo ma blue
ID_ASNYQ,amaizi gariho nigairukanga omu bibaare nk'obururuma amaizi aga nag'omugyera amaizi aga nibagakozesa kuganywa kuganaaba kugeshera n'ebindi bintu aha rubaju rwabyo hariho ebinyaatsi
ID_ASWCA,musifaani n'alwonemo emeeri eri siliko etimataaba kiboyire eku lwande lw'eno okundula okw'e kameezi eri nga esutile emmotoka ku ngaaki ikana kusimbula ebeko eniisi ezya
ID_AUEQF,aha nindeeba omushaija akwitse ekikopo abaana be babiri bamushutami aharubaju hariho akasero kariho eminekye hariho omukazi ayemereire akwitse efuka hariho n'ondijo mwana ayemereire ahaiguru yashe omushaija ariyo nanywa wenka abandi nibamureeba omukanwa
ID_AUHTN,man obedo ot lega madit mada ma kun ki inyime ki piny kiwero makwar inyime ki i kore malo ki wero ma obedo ocwak ocwak bute kiwero kome kiwero kala ma obedo buru buru dan polo bene tye ka nen maleng yen tye ki inge kuca tero ki piny kilingo macol
ID_AUXIR,latin awobi man oketo odilo omako odilo ki cinge aryo ocibo piny kun ogungu ma omako cing mukene omako ka mogo macol kamo mukene omako ka mogo matar
ID_AVELZ,babaana bali ku luguudo olw'eliiroba utuyole abapiisa n'aatimbiro babaana bano butyoli be kuisomero abundulayo eluguudo liriwo binyaasi ne buusaala
ID_AVITX,i tim tye madwong ma pa pa man tye kwac ma tye ka wot kun dwaro dwar kwac obedo lee tim madit dok magi adada gimaro bedo i wi yat ki bene pe kimaro wot tutwal kicamo ringo kun en tye ka wot i o ma tye ka yenyo gin acama
ID_AVVEY,ekishushani nikyoreka aboojo babiri bariyo nibazina omwojo omwe ajwaire orujegyere kandi ayemereire aha rubaju rw'amapiki enyuma yaabo nindeebayo abashaija bemereire nana ekikondo ky'ekyoma
ID_AWFQI,ichel mantie iye bung'a ma kene opeke ma iken bung'a man yadi mokene tie ma cheko cheko mokene tie ma bocho bocho ki iteng' bung'a man tie iye yo ma okato ki bene iteng' gudi mantie iye lum ma otwi matheno tieno
ID_AXCFL,man ka cano i bongo aruka ki bongo makwa magi tye patpat mukene kibano abana mukene kingabo angaba mukene kiriyo ariya
ID_AXDLG,bisaala biigali biri mu kirowo lubega bi bigona n'ebuunyaasi mu ngaagi na mufeera alimu omumali
ID_AXSLI,ano kinna ali obulalo kungaagi ku bulalo baateragireko byuma biriko ne kyanje ne kyanjeraka kyenemwe ya simwene aliyo mmeezi mmagali gatyo kugyeremesikwega mmeezi baakolako lumago
ID_AYJHF,magi lee adek ma gin weng gitye lee lagwa gin ngutgi tye maboco ki tyengi tye maboco komgi tye ma pok kala mucero kala matar
ID_AZCVQ,ekisana eki nindeeba emikono ebiri ekwikye ekyennyanza ekyennyanza kiyine amabala mingi agalimu ag'oku ag'okwiragula aga mutale nana okutukula ekyennyanza eki amunwa gwakyo n'ekya mutale ekyennyanza eki kya ssami kandi mu kanwa kaakyo n'aka mutale
ID_AZMSI,atino got kama pi mol kiye kigot moke mavapat matiy kenping kiyieri mokee mogodongo e wi goy kirng yieri muke ma gitiymocen kama bobo ki pol mano mobedo matar atara
ID_AZREO,cal tong gweno ma kirubo maber adada kun tong gweno man tye kiketo i cwan kun kitiyo kitiyo ma kiyubo i kom ma kiyo ki dit adada tye ma nyige nyige nyige nyige jami man gitye kiketogi i wi meja tye atera dong tic kwede
ID_BALMV,bangasi bali mu ssisaawo essye ku mupiira baakwalira ekitiishaati za ggule ne simbali ziwanga mutwera w'emire akali ne ku mupiira alakana wo washe wukunda aheeta w'asutira ebbanga w'akwalira ekingubo ki mmali
ID_BAZMM,aneno cal dano mucung i dye pii ma kala ma en tye iye bedo daro makwar kwar bedo macol col
ID_BBFUE,abantu bhi baliriloleere mutwera waloleere ibweni kundu waloleere eshataayi naye atye ahuirabula ennyanga yakuyye sshataayi liigulu lyabonekerey huliho lifumbi lyabuwere
ID_BBMIE,abaana babiri baliisize ente eshatu omwana omwe ajwire omusweta kusha ondiijo ajwire omusweta yaayezirika n'akatenge ahansi kali mu langi ya kinyaasi ayine n'enkoni
ID_BCDSS,omukazi ajwire essaati eri ku tukola ayekomire akatenge omumutwe ayekoliire ebbaafu ya bbululu erimu amasiyaani hamu n'ebikopo aliyo n'atambula kandi ali haliwo amabokisi
ID_BCEQG,lee tim macal ki jubi gunye ki daba kun gucung i nget pii acel tye ma keme atii mukene oloko ngetgi kilo odigi
ID_BCICP,abantu basatu baliyo no batambuula omulguuto leekoliire kandi bakwise obudombula bwamiizi alubazi lwabo haliho ebisaka ana ebyansi
ID_BCWCC,dano eni mado gitye ka matafali kun jo mukene ki pii jo mukene dong gitye ka lubo lobo ma acala ma kicano ma ki wa bene tye ka pii kun ki i nget matafali i tung kwica tye ma kiyubo iye ma mabor
ID_BDMMO,mu sifaani sino eho embona kameetsi kamakali nehumeetsi kamakali huno huliho kamaato kataru ammala kamaato kanookaliho n'eba bandu kam siifaani esyokesa inga endaye eba banduhumeetsi neehulobako esiŋŋeene
ID_BDXSV,aneno cing dano ma gin mo ma wan camo wa dwongo ni ogwal gidwongo wa kicamo ki cito i lum aneno ojubo tye i cinge otango cinge aryo weng i ocito lum acama
ID_BECMX,omukisa n'omu nindeeba omukazi ayeekoliire amasiwaani amutwe kandi enyuma yeeye haliyo erangi esiigire akizimbe ya kineke ndeeba amasiwaani ebikopo
ID_BEFAU,indebe ng'eriiwo nga baakireereewo nga ibonekana alyo khesi bakana bakana bakana ebeewo nga baakireereewo akicwale nga ny aeyeta woakiikalako ng'waakanire ng'ataayiriwo n'ayiyekamasaanya alaati
ID_BEIDC,bisaala biri mu isiro biikali nabi bye zingeri zihaalindwera tano waliwo n'ehaayira ahaabiriramu nga hali huuza ahundi ahundi bisaala birimu bipoofu bireeyi n'ebibimbi buusaala bufiiti
ID_BEPVI,enzu iyebunyaasi omuhasi ali mu mulyango witwikire ekindu fumulwe khiirala kiriwo ky'ebunyaasi enyuma w'ekhirala iriyo biisaala
ID_BEUCW,abantu bali mu katale bali kusuubuula b'eebimbiri baalala b'ebimbile tsimaafuuli baasutilewo baalala bibindu mu kono aliwo tsinyaanye n'ebibindu byekusuubuula bibindi
ID_BFGCF,engoye z'omwana muto zaanikire aha muguha nguzoome ennyuma y'engoye haliyo ekiju kyombekiise ebibaaho kandi ennyuma y'ebibaaho haliyo emiti mingi
ID_BHQRW,ezo ezino enyamiishwa z'enuuma ezino enyamiishwa bazeeta enuuma n'engashi enyemera zirya omukishugi omukishaka mu lindiro lyazo emu eyinamye ahansi n'erya ezindi zeemiriro
ID_BHYSR,emotoka erikumanywa nka karakita erikukozesibwa kuhinga eri omu mwanya gw'omusiri kandi aha rubaju rw'omusiri hariho ebishaka byingi by'ebiti biine amabaabi garikureebeka gye kandi ebiti byetoreirwe omusiri ogwine ebimera bito
ID_BIYFO,obwato bubiri buri ahagati omu nyanja buriho abantu baingi hariho obusigi erangi eya kinyatsi n'erikwiragura obundi tibusigiire rangi kandi obutasigi erangi buriho abantu baingi obundi harimu omuntu omwe enyanja erimu ebingonzi baingi
ID_BJEKB,basaani babiri bali ku lyato liri mu nnyanza mu nnyanza muno mulimu n'ebisolo biri kuwuga ennyuma yaabwe ku luwande lulala luva luli maaso kuliko bunyaasi bwoma ne gimisaala
ID_BJZDT,emmotoka esuda baasaabaze eri ku luguudo ate era kubita ahaasi we bulalo kyogesa eti luguudo lulala lubita ku ngaagi n'enkutte okw'eruguudo luno kirina aliwo bunyansi ne kisaala abaawo ne kisenge ky'esibi mbakkira aaa mu ssanyu ne simenti
ID_BKDEZ,ngato mo ocung i wi agwen madit adada tye kaneno pii me i nam tye i galo wa ki neno pii ma tye i nam
ID_BKDVT,cal nyig kic ma nen kome ki moc cam tutwalle ma oywayo ki i kom atura nyig kic man kome ki ye ma moc cam man oumo kome weng ingeye bene anen atura ma nen rangi aceng aceng
ID_BKVWA,cal man kono tye ka nyuto cal laco acel ma en tye iyeya oruko tet mola i wiye en tye i wang ot me yeya dok wange tye ka neno ma tye temme woko
ID_BKYDB,inkhima yeekalale ko sisaala yatte kumukono y'awambire kusaala esindi yabukuule ku munwa y'alumile ku sisaala esindi kumurwekuliko ebwa burauni liutu isyero siriruububumali bisaala byalandire eyi ninneeyi u busaafu bulimu bwa yeero bwabawo bwa guriini
ID_BLEPK,aseeza babiri bali ku lyato gundi mutwe gukuboneka gundi mutwe gukuboneka dda awambire kiisaala ate kunyaaza gundi mu kuno ne gukubonekako n'ebiibaawo naye nga munyaaza mulimu biinyaase ne ku ssayidi z'eddaano eriyo obuunyaase
ID_BLRFQ,mundu hawosha ingoho wakirere kumuliro heeya mundu wakwalre ingubo iwanga haeherhaayo hawosha ennyama hayikyosera kumuliro kw'e gaasi
ID_BLRNW,aneno lutino awobe angwen ma gitye ka ngwec acel oruko bongo ma gurin pyera matar acel oruko lai ti grin acel oruko yelo ki pe matar acel oruko oreny i odi madwong ata
ID_BLXHB,dano mapol ma gitye iyeya dok yeya man tye i pii kun pii man tye pii madit pii nam dano man gitye ka mako rec dok i kom yeya gini gutweyo iye tol ma kitero obwo obwo lamak rec ma kiciko ki rec tye i pii
ID_BMFLP,ennyanza yeirimo kameetsi kamakali ennyanza yino iriho kamayengo andulo iryo kamandu kakaabuusibwa kaareerebwa n'e kameeti k'amasaafu y'abaawo n'eki minyunyi kibiri kuteera kuwanga kukundi kummali n'ekumeetsi iriho kamaato kaalihoba bandu
ID_BMLVH,oba akasi babiri akuuluka mu kyeka nga adaani aliwo ezo baakasi bandibadde tubeka mu giniini mulimu ayambira omwana ogulira ng'ogwezi omwigula
ID_BNOOB,enzu liko mabaati eriko kaatuli emaaso yayo eriyo kaalongooti kuliko kaagoko kaabesemu nnimwo zirangi zingali ne mulongooti nno guli mu langi ginti
ID_BNRBU,aheeranizo gaine amabaati g'erangi ya bururu ekibuga kiine ebinyaatsi omuti guri enyima y'enju eiramizo ririyo nirishakarwa abashakazi bari ahaiguru nibashakaara enyima y'eiramizo hariyo emiti nyingi ehereine
ID_BNSAL,engagi n'ekinyamaishwa kihango kiine amaani kiine emikono mihango amaguru kandi kiri omu kishaka kiine amaisho mahango enyindo mpango kandi kiine obwoya bwingi burikwiragura
ID_BNYKX,abantu barikwiragura bajwaire obukaahi bajwaire enkwanzi omu maraka hamwe n'enkofiira zirikwera bemereire omu maisho g'ebiti kandi abamwe bajwaire emyenda ya bururu abandi bajwaire erikutukura
ID_BOIOB,enjojo ziri omu iriisizo iriisizo lirimu obunyansi n'emiti emiti ni nk'obugando obukumera ahantu h'empalamaata kandi zirimu ne zirya obunyansi
ID_BORVW,amuka amuka ma tye i lum kun gitye ka cam mukene tye ma obuto abuta mukene tye mucung acunga ma tye ka cam mukene tye ma lok nge luwedigi ye yat madongo maboco lum lum ma grin ma gitye ka camo
ID_BOUTD,i cal man atye ka neno ngat mo ma tye ka tic ki cimme me kubbe pa muno en kono oruko nyonyo pa muno i wiye me goyo tum atye ka neno bene obedo iwi kom ma yom i nget ngat man bene atye ka neno wok onyo buta mo ma kalane col tar col tar
ID_BPBOV,amaato abiri gali anyanja mpango munonga aga maato gali omulangi erikwiragula kandi ne gaseeyeeya ahali eginyanja eginyanja neeterwamu akasana kugira ngu n'amiizi gaahindura erangi gaasa aga kitaka
ID_BPBUV,oluguudo lulime nga luliko abandu era nga kuliko abandu babiri baazungu abaaleeya n'omwana omufi omwana omumali ng'awambira ehaaveera era ng'akundulo we luguudo luno waliwo bu biisaala ebyatoowa buulayi era baazu ku bazungu bano baakwalira esinsawo era ng'omu kundi awambira ekyuma ekikuppa bifaananye
ID_BQMXH,lacho ochung idog pi man tie mabo adita go tie idok pi man bere bwog meyiadi bene tie idok pi man chieng tie karieny ma omiyo chal palacho nitie kanen ing'om
ID_BRIPV,omukazi ashutami aha baraza ry'enju kandi ashemereirwe akwitse esimu ye omu ngaro kandi aha rubaju rwe hemerireho abaana babiri bato omwe ajwaire engoye ze kandi ondiijo tihaine ki ajwaire busha kandi omu maisho gaabo hemereireho omwishiki ajwaire esweeta erikutukura
ID_BRVGV,abantu baingi bari omu maato bainemu emishuburo yaabo omwe ainemu wotameloni n'emicungwa ajwaire enkofiira erikumushangira aha mutwe n'esaati erimu ebyokutukura n'eby'erangi ya kijubwe n'empare y'okutukura
ID_BRWCM,omuntu aine akakokoro aha maisho ayinami omu kyoma kya karimagyezi engaro azitirekire omu kyoma ekyo ekya karimagyezi ajwaire ebirikuhika omu mikono
ID_BSSMQ,mu sifaani sino ey'embona lukuudo n'ekimotoka baakiyimisire ku lukuudo n'ekinzu kindulo n'ekigaari ne babandu baali ku kkenda kamakulu k'esiifaani kookesa engenda n'erimenya lye babandu
ID_BTPYV,baana baazaanye baasoola eri nga bali mu kisaawe bali kwinnyaya mulala babiri baamali kunda omubesemu zimbega eyo babiikaale baawagizi baawe bali agati y'ekisaawe
ID_BTQUS,atye ka neno yat yati ni pote tye ma grin i wi yati lenge obuto iye lee ma obuto i wi yati kilwongo ni kwac
ID_BTQXW,cal man tye ka nyuto cal dano ma gin gitye ka lwoko cinggi ki pii mamol amola jo gitye ka lwokone ki i tap pyen i tap tye pii ma mola mola ka lwoko cing bene tye ka ma pii guloko ki cinggi romo omol ci dong cito piny i pai ngat acel oruko cawa ingut cinge
ID_BUFVX,oyo waliwo omuntu ayimire asi ku kisaala ku ngaagi agwatire zingubo zimali ate mmaaso eriyo ate ku ku ku ku kibaawo kweseemire
ID_BUPCE,ekizimbe kyemeryango esatu omulyango gumwe gwigwireho kake ogundu gukinjere ogwa hagati gwigwire gurumu irwarro ameigi gasigere erangi erukwera
ID_BUPEO,atye ka neno lee acel ma kilwongo nyinge yiri ma en ocung acunga i kin yadi i kin yadi mapote tye ma guri ocung tye ka neno piny mere anena pe ka camo gin mo ki bene atye ka neno yadi ma tye alum ai ma orumo kangete
ID_BUWBZ,latien matiri ma ochung' kakene ing'et maka makeonyo piny meja tie ma ochung' bene ing'etgi kiro ing'ei latien man dano bene tie magobeda bera kuon latien achil tike wuot char bongi
ID_BVJFS,i dog yo waneno ni ki dyangi ma kitye ka gudi dok dyangi man tungi bor daktar idye yoni waneno bene ni tye dano aryo ma gudo tye i wi pikipiki ka ma ngat acel ma kitingo ni bongo ne temo obedo kwar tartar ki bor piny waneno bene coron oto moo
ID_BWRRC,abakazi bakushuubula emishuubulo yaabo erimu nk'enku emboga haza bakushuubula rubaju gw'omuhanda bakuguza abantu abakulabo nk'abalya omu mamotoka nan'abandi
ID_BWSER,mono kw'omundu yino kwa akkwalusire kibifeera eraawa mbiri akuma kaamba akaapiima kw'okupakilisaawe ku mwoyo era wa mbiri n'esikwalo syemunwo
ID_BWUBB,akano k'amabala k'amabala keetimwani n'ebiisaala bibindi k'amabala kano baakabiikire atwera baakabuusire ekkoosi keemire mu zifo zitwera ate k'amabala kano ka zoir
ID_BXIGP,aneno nam pii nam ma yadi yadi ocung tye olworo ngete yat ma grin grin lum lum tye iye lupur lupur tye ma oboyo wi piine culane tye obedo bunga bunga ki gin moni macol aneno rii ne tye iye calo tye ka wot
ID_BXPPM,aneno latin anyaka ma oruko bongo macol kun omako nyanya ma kipiko i kavere oilo malo dok aneno nyanya mukene ma kipiko i kavere tye ka wero adek ma tye i odero kicibo piny ngom latam cing bene aneno kibolo ki odero man
ID_BXWVR,lee ma kilwongo ni aguragura ocung idye yo kun dok yo man tye dano ma tye ka ngwec ki pe i piki tye ka kato tye ka nwedo cere kun ceng bene tye ka ryeny ma tipo pa lee weng tye nen yo
ID_BXXDJ,enju nungi ya kanyina eshakiirwe amategura aha rubaju hariho omuti kandi omuri egyo enju hariho eduramu y'amaizi tanka eine orugo rurungi rw'amatafaari kandi eri aha rubaju rw'oruguuto
ID_BYTDA,no ndaba omusira ali ommyizi n'omu bwato ka ndi obwato obukuzi lw'enkaka mmotoka awo omu bwato omu ayina emu ekitimba omushiija ajuira empale engufu ya guli n'ekiti shirt n'ekire kandi akwasira ekitimba ali omuzi
ID_BZHLP,takci tye ka ngwec ki tweyo ka buto i wi takci dano tye takci laco ma oruko elmet makwar tye ka ngwec ki pikipiki otit ti ki inge takci ni jami mapol kitweyo tye i wi takci
ID_BZXKQ,ladingo dingo madit adada ladingo dingo man yec kome tye mapol ma tye i tyene i kore i wiye dok yec kom eni weko moc atura moko iye man opye i cwiny di wi ature dok tye ka ywayo moc atura me yubo mo ature man bene onyak mapol adada dok tye ka nen maleng mawonya ma tye kala ma piny
ID_BZZUG,biryo biirayi bye sibahalangire ne butto babira nga binnokofu baabireye ehusaani emiriyu iwanga biryo bino baareyeho kapiki hundulo ne hundulo baahala nga zinnyanyi z'endayi eziikula kinnyama nemmooko e sibaahalangira atwera biryo bino biirayi nambye
ID_CAQZK,ceng tye ka ryeny en laco enini ma ce onyongo anyai tye obedo i nget kavera madwong kun ki inge yeya tye kun yeya eni tye ka coc mogo i kom gin tye ka neno gin mo ma omako i cinge
ID_CAVTU,omukazi ali kuguza ebyokulya by'abantu ameyizi ebizuma ebyo kuliibwa abantu ali kubiguliza omu lyato ebizuma ebi alimu ewutameroni alimu emineke alimu ameyizi ga kunywibwa abantu emiyembe ebingi ne n'ebindi bingi
ID_CBIDH,omukazi libeera kalina ka ka masiki mwe awa mbiri ka ka kopo agwatira ezigiri a kutunda ga ma wamu kunuuna
ID_CCFON,eki no ekibuga ne kibuga ne ndabamu emmotoka eyinza kuteera ndala kulunda basa baazi ne ndaba emmotoka nyingi ayigulu ekizimbe ne ndaba ahigulu y'emmotoka eyi ziri ndaba abantu bingi na n'ebizimbe
ID_CCIHL,tol nilo ma odwalle dok odure ni cot ki onyogi i ngom kenyo acek kine ka ikine pe nen atala en kono rangine tye ma obedo alum alum en co cok ki dero dero lakite
ID_CCXBA,cal man tye iye jo madongo gin angwen tye iye latin acel tye iye yadi mapol tye iye lum ki dok bene tye iye yo madit
ID_CDFLJ,ndeeba abantu bashatu barimu nibatambura omwishiki n'ondiijo omwishiki muto ndeebamu omuntu gw'amashanyarazi ndeebaho n'obunyantsi ahansi aho ndeebaho n'akapande ka mtn ndeebaho n'obuduuka amaju agamwe tigataire plasita ndeebaho n'abantu bemereire
ID_CDOAC,bano baanabi be mu bintu byama mu masyeero aboneha baatunga bintu bihali bitwerato abaavumba tsingaatoha mu lmasyero kimisipi baabireeka haale birala aboneha ababitunga byehukulis
ID_CDXGO,olutambi olwabiro lwa bakozesa oluyina langi ekwiragura kandi eri ku bali ne erangi eya mu ttale omwani eggulu mu lino langi eya kye nzaali
ID_CFIQO,latic me yot kom ma oruko lagwok kome ume ki bene oruko bongo lagwok kome i kome ma tye matar en tye ka tic ki macin enini me neno kwiti ka tye i remo nyo jami mogo calo coro onyo lac en bene omako kalam icinge
ID_CFNCT,nindeeba omukazi ajwire esaati erikutukura kandi ayekomire akatambara aha mutwe karimu ebirikutukura n'ebirikwera ayekoreire ebaafu erimu nk'amasihaani n'ebikopo amasihaani garikwera ariyo naabitambuza ari nk'owabaire naabiguza kandi aha rubaju rweye hariho enju etsigire erangi ya kinekye
ID_CFYWF,dano madwong tye mutoka tipa ma gubedo mutoka tipa kitingo gi dano opong iye ento yo pud kipuro apura ki onyo daba ne iteng yo daba ki lum mutwo otwo ki yadi madwong tye i teng yo lum pok lum mutwo otwo obedo alum alum tye iye
ID_CGLKR,enyanga yaggwire anze ali ku maliya anze akyukire bumaalibwa bire kyalo kyakyukire eddala kya afaanire na binzaali kiri ku za kifaanana bumuli kiri ku ali azikuuma
ID_CGRGO,babantu bali olubeka balihunduloko ekameetsi nga baalala kabenyayira mu meetsi kameetsi kano kaabonekaane nga kamakali k'enyanzi
ID_CHBZX,umundu uyimile khumabaale kamabaale kano kali kamaleeyi era mu isinawo wawoleeleye khu meetsi ne khu meetsi khuno kameetsi kano kali k'eraangi ya bulu era ni niya khulala na mufweeli wawambilewo
ID_CHKGC,aba n'abaana b'eishomero nainga shi abarikubaasa kweta abeegi bari omu kibiina kyabo boona bashemereirwe emikono yabo bagitaire ahaiguru basinikire amaino bari omu kibiina kyabo abamwe bashutami abandi bari omu maisho abandi bari enyima
ID_CHQZP,dano mo ma en tye lamak rec kun omako goli i cinge ka tye ka yuto rec dok gola acel eno ojengo piny kun en tye idi yeya ma yeya man tye idye pii pii ma yeya man tye iye ni tye pii madit adada ma omane kabedo malac ma nen pii nam dok nen tye matut
ID_CHRAR,aha rubaju rw'enyanja mpango hariho enju mpango y'erangi erikwera seeri hariyo agandi amaju nago gatsigire erangi erikwera aha rubaju rwago hariho emiti mingi iguru nerya bururu n'obwire bw'eihangwe
ID_CHUDL,man enini gudu ma ocikke mabor atir gudi enoni dano tye ka ngwec iye ki piki piki i teng gudi ni tye cel ma kiketo ki bute tungcel bene tye yadi ma tye ka neno alum alum wa ki i cere bene tye ka nen yadi ma tye ka nen alumalum
ID_CIMGY,aga maanaana g'enzuki maanaana g'enzuki ge si ba kama mu buuki buuki bwesikulya ku anywera mu kyayi oba kwaliira ku mugaati bandi buukivuba bwiyaka kuŋŋoona liddiba lya we
ID_CJMOP,amiizi mingi ne gasyoka omu mabaale omu lubazu gwago alimu ebinyansi amwe n'ebiti bingi amiizi ne gakola ekifulo kya mu ttale
ID_CJTBR,babandu babiri b'emmire baambire bibindu byesibivaba nga beenyayisa nga bali ku meetsi mumutwera omwana omutiini kundumusaano omukulu bosi baakwalre bimmali b'emmire mu meetsi
ID_CJXOM,ino kikuutwa oba tsikoofuiira kyeerangi impesemu ng'etsindi kikuutwa tyeeba yeyebena kyeba baana addiini bisikhula nga basiraamu ni biikhooyi khu nduro
ID_CKAAB,kiŋŋoma tiriwomu buboofu bw'enjawulo iriwo kuboofu irala ly'abaawo ppakani bufiiti haasaala haly awo hasaalaawo batambisira owobupiratiŋŋomeeti eŋŋoma iriwo nayo inda eyi eŋŋoma inda eyi eyo erusalikono oli ekali naabe tindebe tiryawo era tindebe te kafaanyine oli baabaapa isi beehala
ID_CLITM,nindeeba obwana bwingi bwemereire nibureeba bujwaire emyenda etarikushushana eya kinyatsi eya kinekye eya kitaka erikwera obumwe n'obwishiki obundi n'obwojo
ID_CLQOW,i cal eni atye ka neno cal dano ma gitye tic laco ma kung eni ma obedo i wi pii pigi co adek gucung iteng dukan mukene gitye ka wot ki tweyo cuma ki tenge atye neno odi
ID_CLRSM,atye ka neno mon adek ma gutingo te i wigi ki bap gitye ka wot i gudi ma kigero ma pe kionyo iye lam
ID_CNDCB,cuk ma dano tye ka cato i cuk mego aryo tye ka neno gi nyanya ote me mutungulu ki jeriken ma kicibo labolo tye mo
ID_CNFHJ,laco acel ma en tye ka tic kun en obedo i wi yen ma kingunogi macego yen otit lawang matafali dok en tye ka wango matafali ma en ocano yen mapol i dog ot keno matafali ma kicano me awanga kun ibor piny i tenge tye matafali mukene ma kigoyogi ento peya kicanogi me awanga
ID_CNLPE,kany ci dano adek ma gubedo i yeya idye pii dano aryo gumako tal ma gitye ka cerone i pii ngat acel tye ma obuto i yeya
ID_COBLP,bunga yen ma gudi matidi opoko kingi mu cal anyim yadi kingi tye mu pike muduko cok tung kany tye i kin adi acel acel ceng tye ka ryeny i tenge tung kwija ki anyim i ngeye bura tye cere
ID_COGCD,emmotoka eye abandu baalambuula bifo bikali ebitwelata ebulangisi w'emmotoka yino wimihireyo omusaani uwe kamera ali uba bifaanani hundulo kw'elukuuto olw'esi emmotoka lyino eriko kuliho bunyaasi bukali naabi
ID_COMVN,anaaba ku kwolesa liri atunga liri ku meezi nga liriko batu babiri nga omutu wikaale inyuma awambire guno kino mugango gwe si bakozesa kukuba meezi ne lyato lisobolese kugenda
ID_CPGAM,aha na ha mwalo aliko abantu abamu eno batereeza obwato abaana batereeza obutimba bw'ebyennyanja abangi bayoza ebigalo kandi bali ono babyanika
ID_CPWHA,ekkanisa mpango omu kibuga alimu obunyansi obusaziregye emiti mirungi esyazire gye ekkanisa erina omunaala mulingwa ayi ggulu aliyo omusalawa ebinyonyi eby'okugula kamu mwana aaa
ID_CQIZH,dano ma tye i yeya kun yeya man tye mabor ma olulle dok tye ki coc i kome yeya man tye idye pii mo ma omane madit i kabedo malac ma bedo calo tye pii nam
ID_CRBMK,kameetsi ng'ama kaali eyaliko omutima enkondo lwo ekkameetsi eriwo ba bantu ne mmeeri ya ppaaka ng'era na mu eri lyato enkondo la ebwene eri olukingi endala olukingi eri oli eggulu liriko bwa bbulu okuwanga
ID_CRFGN,atye ka neno odi matino madongo ma nongo kipitogi bei i ka odugo dit ma obedo tyen yen macalo yat calo kalatuc ki jami mogo mapol
ID_CRWCK,yinzu baajombeka n'ebibaati amala magidiimi paaka bakola ettaka n'ezisega z'ebisaala enzu bye bagiteeremu ekateri yinzu nnyuma ya yo ne rubaga lwayo eryo madoote abyala madoote lidooterero kumpi n'enzo lyayo ekisa lyayo la kudda
ID_CSAOT,atye ka neno cal dako ma en omako pala tye ka yang yat ataka rac mito kwanyo cak ma i kin ataka rac ni oketo bao en tye ngolo kede
ID_CSDAV,abantu babiri bakomire edomora y'erangi ya kinekye aha gaari omwe naasindika akutereeza ondiijo ag'enyima naasindika bari omu ruguuto aha rubaju rw'ekishaka
ID_CSGWS,mu ba sirikale yunifoomu ye ba sirikale emmotoka luguudo ekisinga atu emmundu ekiba aga kyesindo lyo
ID_CSHYD,bim ma tye kala macol en bene dok dit obedo tye idye lum tye idi yadi ka en obedo tye ka neno laka yung kaca ki bene oketo gin cinge ni i doge
ID_CTVLT,omwana omusomi omukanda aliho utima simbiro waasutira ekitabo mu mukono ku munyereki we waakwalire eye bulausi ewa nga n'esikaati eya kuremu ne essingaato simmali aliho ottimira mu bunyansi ennyuma lwa taayi'omukono ku mulayi waliwo kyemisaala
ID_CTVQF,dyangi mapol ma komgi dongo dok dyangi man tye dyangi nyangkole dyangi man gitye idye lum ma gitye ka wot ki camo lum kun lum i kabedo man olot ma omako kabedo weny dok lum man tye ka nen ma grin ma miyo cam it dyangi man ka ibor piny tye yat mo ma odongo kene mabor lamal ma pote tye madwong
ID_CUHEC,b'abantu baali ku ulima ababuusa liiroba era waliwo ni kamatafaari inzu naye irio ye kamatafaari imboofu kamaddi ne sa kamalala kameekule ku mulyango ku mwikale era mutwera waakwalire ekingubo sabbulu
ID_CUIOB,entuigaemwe eyina amala ka malingwa eyemeriire omuirisizo binne akanyansi kalingwa kwomere kati gwe omusana eseeri n'oleebayo ebindi ebinyamiishwa n'ali entuiga ezindi waliyo ekisaka n'ali omuti
ID_CUSBB,laco ni tye ka loro lela alora en oruko cati makwar ki long ma dolo doge adola lutino awobe ma mukene ma guruko mye ki long ma blu tye ki ingeye ka ma kicato iye cat iye tye madwong ata
ID_CVTXN,hariho omufuregye gw'amaizi kandi omufuregye omu hariho omukazi ainamiremu nanaaba kandi ahu eruguru y'omufuregye hariho enju hariho na roora epakingire kandi hariho n'omushaija ajwaire tishati na butusi zirikwera ariyo nanyiga esimu
ID_CVUSY,hinguge hingugeene erimu mu misaala ne ng'aweene ensiri bunyansi bisa gati biri wo matu gaagwo g'e kusala g'ayomera aweene ne binyansi biri gaawo ne nga matu g'egimisitu gaabonekere wo ne gumu mu gwakasira emisaala mwene gwakasira eko ne kubisa gati n'enkungu gye eno emu moni ne nga enku gye ene ya n'ettaayi eriko ne emyoyo ya yamaliani emu mmoni ne nga emyoyo g'eno mimali
ID_CVWBU,abakazi basitami wansi binne engali bano ne batondooraho ebirimba babiteeka omu biteebo ebindi abangi ne batondola obusaza kangi bonna ennyumba aliyo ekimotoka
ID_CWEHK,kibungiiti ky'etsuki kyabuusanire ku kintu kiwanga andula ayo aliyo ekintu kirimo buusenge enkaatimba mu ngaaki moyo waliyo ekindi iri kupambulukakkira mu ngaaki irimu na mufeeri andula ayo aliwo erangi iriyimbesemu
ID_CWVBW,laco mo tye obedo i wi wi piki ka ma kiwango iye nyonyoni co adek ma aryo ki i kingi guruko otok matar tye ka wango nyonyo gin weng gucung acunga ki yako laco acel mukene tye ngat ma obedo abeda iwi pikipikine en ocung tye ka ot dogola madong kiwango
ID_CWVRZ,ot ma kicweyo madit adida maleng ot man tye ot lega pa dul dini me cilam dok i nyim ot man tye dyangkal malac ma kiketo mutoka aryo ma ocung iye
ID_CXJSU,lacene ma kicelo tye iwi oluto kwot ma nen komgi ryeny nyig dang dang kun mukene nen alumalum mukene nen wai te opok te opok
ID_CYAVD,nindeeba egaari y'omwika neetambura neetambura aha ruguuto rwayo kandi orwombekyire ahaiguru munonga orikuraba omu kibira kirimu emiti y'amarangi gatakushushana
ID_CYVIW,ensu ibonehane nga nga adde naabi ka mabaati ka akatalaka nga beekuula oku mulyango kweyo n'eritinisa mu mulyango omulimo hakateni awa nga nga ku mulyango kw'enyuma n'okuba kukuula ebo ne paka enyuma
ID_CZHOP,egiina enjuyu y'ebinyansi enjuyu ey'ebinyansi omurabazu yerimu emiti omuisu gayo harimu ebiti ebibagikingiraho kuliouseera ni ndeeba yo enju iebaate saide egii ni ndeebayo eeki kisenaabiro ne ky kyombekiise ebinyansi harimu n'miti ari ndiebona ekiti kya bakedo
ID_CZKGV,atye ka neno dye gudi malac ma obato ki idye tim ma lee kwo iye dok aneno yadi ma tye ocung oloko gudi tung ryo ki dye lum ma tye bat piny ma nen alum alum mwonya aneno bene i lee tim tye acel ma ocung cok ki dog gudi
ID_CZLLU,ano iri shikyeewa shiriko bunyasi bumiriyu naabi ne shikyeewa shenne khirimo obusaala ne khu sikyeewa shenne shiriko tsikhaafu tsiiri mukala eye langi ingali naabi tsiriwo tiri tsimmali tsabo tzirimo k'amatoowa toowa ne tsiri ni kameeka kamala
ID_CZUTS,omusaani yuno waameemere bandu babiri ku pikipiki n'omwana ebulangisi ne pikipiki warereho ku muliro ali kubibira mu sitaka ky'esibayambisire ku muliro ne liriisi lirimo likali naabi
ID_CZZMA,chogi kimon magin tie katowo toko tek kom malee mwono luoni rugbi gi tie katoko toko tek kom ng'at achieli tie kamano odilo bot lawore kadak bene ng'at achiel tie omako ng'at momako odironi kwon la ng'at achiel tie kaper odilo giching ng'at momako odiloni
ID_DBGHX,zinju bazumbaka ku ppini ga meezi ne maaso waayo waliwo maato ng'ebimisireninyumawiginzuwaliwoliidinga
ID_DBLVF,li ahundu n'ahundu anaano waliyo ingeri ye haayu hezimbaawo nga yobweni we haayu hano waliyo musaanu wehaalo eyo okukwalire kuofiira imbese mu abweni we ewaliyo engeri yey esidde omuulo itaayi waliyo ahundu esibatsi wa kasaasiro
ID_DBTAY,baahasi babiri baahulu ukundi wamemmera omwana mukongo nga alikuukendera mu bunyansi babaana baahaana ne baasinde biitiikire singuhumulwe balikuukenda balikuutsa
ID_DCDSQ,musaai umusaani wakwalira etishati emali omuhonoholiho embetta wawambireeniesiepande nga wansanyukire ebaba nti bali nnyuma waliyo ohoonywa neesinzu
ID_DCGPD,dyangi mapol tye ka wot i gudi gudi man tye idi bunga bunga man yadi tye mapoli iye dyangi man tumgi boco adada nen calo gubedo dyangi nyangkole laco meno bene tye ka bino ki inge dyangi man nen calo obedo lakwat dyangi ni
ID_DDIYZ,eno inzuki ndwena eri ku kimuli ki wa nga yezere kuyenza mu biryo byayo eri kunuunamu meezi manuli gaali mu kimuli ki naye esobole kuubawo
ID_DDLJW,ekyapa ki ssomero kyandiikirayo ebigambo nyamwingi biri omu mabala agatali kushanka gali ku tukola bululu amu ena gali kwiragula aliwo ebigambo ka we bali okuyisa ku teriri ayita b'essomero lya lushanga n'ebindi nyamwingi eki kisimbire ahagati y'entoo ky'ennimiti
ID_DDOJS,co adek gitye i idog nam ngat acel i cinge malo ceng bene dong tye ka bino ka tuc
ID_DDVFW,essaani ekwise eroho ebyokulya ebiri omu mabala ga kinyansi hamwe na kigazu eri omu mabala ga bbululu hamwe na mutale mu bazuyegisaane aliwo akandi akakwise kaaliwo omusiyo hamwe na wuuma ezisangirwe obwenda bwa mutale
ID_DDVYN,ekinyonyi kiteekami ahaiguru y'amaizi mingi kandi kiri omu rangi erikwera n'erikwiragura aha rubaju hariho ebinyaatsi
ID_DEKEO,hanomulimushirifa waliyo ebitima aliyo omusaani ne bakeremabi haaleehuba jaagi waliwo ttima baakoufuula b'ekombi gitaaye waliyo kimotoka imtimirirema
ID_DFNTK,ekinyonyi kirungi kirikwera kineho n'amapapa garikwiragura kine omunwa muraingwa n'otwisho tukye kiri omu maizi aha rubaju rwakyo hariho akakungu kariho ebinyaatsi kari ahagati y'amaizi
ID_DHCJL,abaana bashutamire omu kibiina aha ntebe omwe omu maisho akwaitse akacumu kaine akapfundikizo karikutukura akomire eishokye
ID_DHDXV,pii nam mumane malac kun i but pii meno tye cula ma mito bedo calo got ma oile tung ku kun i kore tye yadi ma otwi mabor idi nam man kono lum mogo tye ma gutwi iye kun pii ma tye ka mol mol mot
ID_DHWXA,omusiri muhango si eriyo musiri aliwo akasozi akasozi kaliko ebiti bingi ebiku mi byera ebindi n'ebya bbulu
ID_DHXVV,zituuga zidatu z'emiraadwera zaali ya mu muki nga zaali amagosi n'ebigere gi ndi yabonekera edda ali yaboneke erigosi eriyo nnene naye ali ya mu muki nga n'ebigere ne ng'awene ppaaka vunyaasi ne ng'awene byo ezibiriwo nze funa yaabonekere ku lu be ga ludambiruti yabonekere kuguunwa gwe ene edda ayi eno eziriyo zisolo ziri ndi zaabonekere ziko zirya buunyansi ne gi musa alagirira ku edda ali ya ne ng'emu mu gwa kaseera
ID_DIGEW,i cuk eni lucat eni gitiyo ki ambrela me yubo tipo gin gubedo ite tipo gini giti cato jamigi gin gitye ka cato nyanya labolo ovakado mutungulu wang
ID_DKJTH,ono ali omusaani omuzungu waawambire kumuroba omu nhono mwewe weehaale mu lyato ali huuroba kinyeeni mu nnyanza ali ni kumuroba okukundi kwesaabiihire mu lyato
ID_DLGZV,ogu n'omusiri gw'ebicoori bito ebicoori biine amababi marungi ebicoori binyiriire kandi tibyiine burwiire bwona ebicoori nibireebererwa gye omu bicoori tiharimu mwata
ID_DLIEH,entebe ebiti bingi birya mu esamba etoolirwe mugongo nyingi alimu aliyo ebuuyi
ID_DLIQS,di caro kamo ma nyuto gangi ma labolo tye ki pito yo tye okato ki ikingi odi mogo ma wigi omako tye iye
ID_DMHEJ,man gang' namo ma kichweyo iteng yo kama dano gichiero gibedo kayueyo ie wigi kibene atuorati nyime ma obedo alum alum kibene lawala tie nyime mata gichoyo ie choch makala machol yieri bene tiyo twi ing'e at gang namo man
ID_DMJVK,boma madit mada i boma man tie ie gudi ma okaro ki e kindgi kuon boma man tiegi odi iket mapat pat kind odi magi tie ie gorofa ka ot pari mokene mapat pat idiboma man bene tie iye yadi maduong
ID_DMYVN,i cal enini atye ka neno congo maromo adek ma gitye i bak dyang dok bene gitye i mito temo mako dyang acel ento dyangi nen gi pye apyeya keken
ID_DNHJJ,man dek ma kitedo kicelo acela i nge ot kabic me lacam kirubo ki rec bene ki ringo bene tye celo ki pilipili nyanya ka mo
ID_DNIWL,atye ka neno dano aryo ma gitye i poto ngat acel ocung acunga kun oketo cinge aryo i pyere ngat acel obedo piny tye ka mato pii atye ka neno bene kweri ma kipuro kwede ci kiketo i ngom
ID_DNQRU,enseenene ziri yo ne zikarangwa zirya kijiiko ko nga za zitakahiregye zikine erangi ya kinyansi kikwereka ngo tizikahirege n'enseenene zirya kijiiko
ID_DNREM,chuok mantie magicharo gin achama ie dok chuok mantie kachato wil dok ga machalo labolo nyanya tunggulu en aye magicharo iye dok lochat whill tie magin obero itechatgi kachat
ID_DNUWV,atye ka neno winyo nam acel ma kwo i pii keken tye i wi pii kun kala kome tye nen matar col tar col dogge tye madit en camo lee matino tino ma kwo i pii
ID_DNWKH,baaseeza bali badatu mulala agwatire engubo emwanga ye ga makono maleeyi gundagwatire engubo ye ga makono omanyi empe eziŋŋulooshe gundagwatire emusoota mutandalafu ng'ava lye akati y'ezikaafu mulala akugeza ku kuwamba ekaafu
ID_DNYDR,oruguuto ruhango ruraingwa rw'ahaiguru rurabiremu omu nguuto nyingi nyingi ezirikuza emihanda etarikushushana eziri ahansi y'orwo ruguuto omuhanda egyi ahansi harimu emotoka nyingi z'emiringo emwe n'emwe
ID_DOAEJ,maro bedo chel ban dera me uganda ma tie kikala machol ma yielo kimakwa idiere tie ichal winyo welo ma ochunachua e to chung' kitien achiel niken
ID_DOJUQ,atye ka neno kabaka pa buganda ki ka tic kio ogongo inyime kun lamony moni ocung ki ngegi ki laco ma oruko bongo pa jo macon tye bene ka nget eno
ID_DOTWV,obukomo nyamwingi obuhandikireho ebigambo ngu ninkunda yesu buri omu mabara nyamwingi gatarikushushana obukomo buri omu mabara nk'aga kituku kinekye kacungwa kikobe n'enyingi munonga
ID_DPAEF,enju ibiri emwe eshakize amabaati kandi endiijo eshakize ebinyaatsi ahaiguru y'enju ey'amabaati hariho ebiziga bya piki kandi enju ezo zoona zeetoreirwe emiti miraingwa
ID_DPGXB,kamaato kabiri kalihumeetsi b'abandu biihaaleho ni babandu ni kamafumbi ka buele kunyaatsa
ID_DPNLD,k'amahulu k'essiifaani sino hembona bibyombehe biyala siba bimaliirisata ne musihembonako ssiwandiiko ky'eri essomero ssiifaani ky'okesa liisoma
ID_DPNXM,mu kifaananyi muno ndikubonamu baseeza babiri ng'ennyuma waabwe ndikubona ali edduuka litunda ebintu yasi bakozesa ku kkanika zi pikipiki ng'omusa mu baseeza bano babiri muddo ena ali ku mi n'essimu gundi ekale gundi emikire
ID_DQFIA,omwana w'obutsigazi aheekire ebyokurya aha ibega ebindi abikwatiise mukono buryo ajwaire emyenda erikwiragura hamwe na mutare ari n'atamburira aha rubaju rw'enguuto omu nguuto hakwaitse harimu emotoka ya mutare n'omushaija naavuga pikipiki
ID_DQFII,ezziikaafu zili kugendera ku bunyansi wayoma n'ennyuma ey'eziikaafu eriyo lisaala
ID_DQPVJ,abaana baasome nga bali mu sibiina era nga balibize bali kusoma bitabu byabwe baalero ebitabo ku desikeku ng'akineeti ppeeni mu kono era nga balina ekirishaati kisaati kiwanga nga yunufu omu yaabwe
ID_DQQCY,omukasi muddwena asudira ekiibo kirimu omwogo wessiba watagire ba walagako ne gumba nga ne kekiwani kiva era emira kupi negamez
ID_DSNFC,i cal eni atye ka neno nam madit ma kicibo yeya matino tino ni ki iteng nam iteng nam eni atye ka neno co maromo aryo ma gucung iye
ID_DSTUT,kisaawe kisaawe kino mbaaho bunyaasita ky eriirobabusa kisaawe kino kiriko ba baana baasooleeri baaho lutima baasanyukire kisaawe kino kiriho egoolo yabonekera eni hundulo okuliko ol'omumako ne bisaala bikkali i kisaawe muno hundulo ohulimo ba bantu bimihire bali nga baalikulolerra kikuta mu mmoni
ID_DSVNC,ekifo ne ky'emu enkyende ettembere omu muti ka ndi egyo enkyende eyeneegira ekiyaleeba omu miisho gaakyo akuba n'oleeba eyino ekyetiire hanuusu ekiri kuleeta omu miisho gaayo
ID_DSZVN,bino bili biitiba isi babayiro mu tsinyeeni biitiba bino bili mu bili bitaru biitiba bino bili mu kameetsi nga kaaye tsulamu nae kundulo kwayo iriko bunyaasi buukali muli mu langi ya na lunyaasi baliyo bisaala biili tsindulu nga waalole esyanjerekha luliyo olukingi syamanyisa anti biitiba bino nga waabikolire ubayilo mu tsinyeeni tsinyeeni tsino wanyalise kuukulisa wafuna mukama wamule
ID_DTGEB,kuno kuubaata kw'ehumeeki kwale akamanwa kamanwa kayokamabesemu ne riko silyeriiro eyi kulimu kikala kikala kibiri imwanga n'immali
ID_DTHQI,ba bantu aba baatimakire mu kisaawa aba basangaalire ku mupiira oba n'egoolo esi ttimu y'amakuupaibweni ku kisaawa mulimu kigoolo kigoolo kyesi baapama ku mupiira abundulo esi essaawa buliko ba bantu ba akali babeemikire abawerera mu mupiira
ID_DTYGW,umuhasi wa ukwalire sikwalo sibesemu ng'era waabweyire misitambaala imu lweweewe waasutira eyibbaafu yemulangi y'ebbulu ng'eriho ne kisawaani kingali nebiikombe wabonehire nga uhootya uliho ne syahaatye
ID_DUBGI,omujera muhango oguyina miizi mingi agaali kusandaala kandi n'omuihangwe nga shayikumi ezihangwe izooba liri kulinga ennyuma aliyo ekibira kihango eky'emiti
ID_DUCFK,i cal man aneno dako ma oboyo wiye ki bongo makwar oketo gin iti ite tye ka kwanyo kopi ki i poto en oruko kor bongo macal ki cat ma yelo tye ki kere maleng
ID_DVFVO,zitundu baale zi ngali batu mmeezi galimu embewo mabaale galimu meezi mwe emu kino ne kitundu baali endala eriko bubesemu kuutula okukiina bantu bali kugendera ku bulala
ID_DWDHJ,abantu barimu nibazina tihaine ebezirikire omunyugunyu bajwaire emyenda erikutukura erimu amabara enyima yaabo hariyo omushaija ashutami nateera engoma hariyo n'abandi bashutami bajwaire ebirikwera
ID_DWLPL,ekikungu kimezire enyuma y'emiti kyetoolirwe ebinyansi bya kinyansi olutooke omuhanda ng'olaba aha lubazu lw'ekikungu emiti eri omu liiso g'ekikungu
ID_DWQQR,kimpanze mpango eine ebyooya bingi birikwiragura eriyo nendeeba kimpanze egi eine amaisho garikwiragura neerebeka nkwikuzire munonga kandi aha rubaju rwayo hariho endijo eyinami etarikureebeka yoona
ID_DWYXK,ekishushani kirikwera nana okwiragura enyuma hariyo emiti ahagati hariho enyanja mpango munonga kandi omu nyanja harimu eryato abantu bashatu bashutami omu ryato
ID_DXAFG,kikiipo baakhi nababuulayi kibonehabuulayi naabi kiri mu kirangi ki halindo erata muli embese mu emmali ne endala toli iwanga kiipo ekyo kiriiwo baakiraawo
ID_DXNBE,kic ma tye ka camo cwiny i atura cwiny wi ature ma tye kala ma tye i kala me tye pa ki matar ma alum alum grin grin
ID_DXOMA,egi no ggoonya kandi erihiihi na ne kidiba ekiba gitimbiire ekiruma meyizi ma kye kandi eriyo n'eteera wo kulugamu okuzza omu bunyaasi eyina erange eya kitaka erimu ebibala eby'erange erukwiragula
ID_DYAOK,ebiju bikozirwe nk'obufuuha bishakirwe obunyaatsi bwomire bwine emboga y'eitaka aha rubaju hariho obunyaatsi bushazire gye bugufu munonga n'omuti omu rubaju rwa bumosho
ID_DYCHL,abasigazi babiraba balya mudaala gwabo ne ndeeba biineho omuzito gw'ensonzi kandi biineho na n'ebyennyanja byomire balya mudaala gwawo ne balunda akasente
ID_DZOYQ,shisaala nga bashiyungakho shishindi hibutobibutokelele ebiraano shili mu bbakuli ilimo erangi eya nabitsaali alaba shireeye khu meesa iy'erangi eya bbulu
ID_DZQIV,lugoba lubira meezi makyafu lugoba luno kirina ba lwe mba kira sementi ne ga mabaale naye nga olubega ne lubega naye nga agati sementi ono kirina alinga awo ommoka aha ne wansi bye lugoba luno aliwo ekkala bati ereeta meezi gano kino
ID_DZTBW,emyenda ehanikire aha muguha eine erangi zitarikushushana eya kinyatsi eya kinekye erikwera erikutukura emiti obunyatsi n'ebicu
ID_EAECD,dukan ma kiyabo doge kun ka cato ringo lawil acel ocung inyim dukan man kun lacat tye i ot dukan man ma en tye ka tic ki kilo me pimo wil ma lawil mito en iye yom adada i ot dukan man kun tye ka wot ki timo ticce me cat
ID_EBHSD,man kic gugure ma gugure lakacel ki be lakacel gibedo kabedo moni kibedo i rii wang ma gimo aye bino odiyo i ci kia kikobo ka mukene i kin jami ma diyo kic ma weko gia ki kama gitye iye ni ito tye i kine
ID_EBLTI,abantu babiri balimu mu lwato luliyomu aluliya mu nyanza abazugayi aluubbombekiriwo olutindo lw'ekumu aliyo n'ebikondo ebyemasannyalazi
ID_EBOUJ,embogo ibiri emwe ebyamire ahansi kandi endiijo eyemereire ziine n'omwana ziri haihi n'amaizi agoomire omwihamba eri omusheenyi kandi zisigire ebyondo
ID_ECOOL,aneno meli madit ma kome obedo kala dan polo tye i wi pii kun tye i dog nam aneno odi orumo teng nam mo weng kun otingo bok madwong
ID_EDBMO,ezi n'embogo ezi embogo ziri omu rangi erikwiragura nseeri y'ezi embogo hakwitse hariyo emiti ezi embogo nicweleka ziri omu ishwa kandi ahu zemereire tihariho bunyaatsi n'eitaka ryonka
ID_EDOWO,lukingi luliho kimibaale kimireeyi asi aayo aliwo kameeti era kukukoonya kw'akoneremo kwalambaalire alya kwasa mirera
ID_EDSNL,akanyamiishwa akabalikwete engabi keemereire ko nka omwirindiro lya mireenyamiishwa ne kkalanzia kiina mahembe malingwa nangwa n'obuwooya bulungi munonga ennyima yaako haliyo emiti ekwatiine ya kinyansi ayi keemereire aliotinyansi tuguu
ID_EDWEH,abaana barikuruga kushenya enku beegwire enku aha mutwe baana beegwire enku hariho n'ondijo ayegwire ecupa omu ngaro hariho n'omukazi ahekire omwana ondijo ari enyuma ayeshembire ekitambara aha mutwe bari omu muhanda barikutambura
ID_EEHIK,dyang kal malac madit ma tye gweng gweng matino iye ot lum madit ma kigedo ma wiye oumo ki lum ma oguro ngom yat yadi madongo ma otwi ki itenge gang gang ma kicelo tenge ki lum
ID_EEYUC,kinzuhi nga kiry atwera sokesa butwera era nga kiri kingali era nga kiba kiri kikhola bubuukhi era bubuukhi bubuyeeta bula mu bebo abandu n'ebibindu bikali bitwerata
ID_EFGXW,okiito kibalambiramu kimirimu ky'ebibyuma bbaasaani baliwo bangi balikuramba kimirimu kyabwe mu kifo omu oliwo oliiroba kiitu kiiliwo kiihale naabi
ID_EFKZG,omukazi akwise n'ayera ebirimba n'agezaho okubyihamu oburofa ennyuma yeeye akwise aliyo entooke nangwa n'endiiro miti ogwo mukazi ayokomire kitambaala ali
ID_EFQMW,tol ma tikaneno nini tol unu tol ini tol magi wiya wiya gi tien tol inni tol mada gi tol matieno dujo magichoko kaka achil tol in lwakine tol in bene kalane tie ma green
ID_EGVMR,bitungulubi kisu by'ekamaru babihalakirohaamulwafiiti ni kiinyinyi tisuufa ni bubwooba na mashishe ni kamaki kabiri kinyaanye ni kamawondo ni fookeddo liisi bahaliroho luwande baalehire omu emiitso yeewe aakari ni ppiripiri umuumutu era baamuhalakiroho ni kumubono ku kuhalaka bibindi ibyo baabibihireho kibaawo
ID_EGYHB,atye neno dano ma oruko aboro matar bedo pa datari ki dong oruko jami tic pa datari ingute jami ma kiwinyo ki yweyo pa dano ki dong i cinge omako cim ma tye ka diyone
ID_EHKOR,pipino oa i kom atura pipino obedo kala ma yelo ki bene kome ka mogo tye macol pipino konyo mada i dongo pa atura ki i dongo pa cam mogo mapatpat i poto atura ni obedo alum alum atura man leng mada piny bene tye idye ceng
ID_EHUPH,cal eni atye ka neno gar ma tye ka ngwec i yone gar man kono kalane tye olinge ma yelo kala mukene tye ka nen ma obedo alumalum ki iteng yo gar ni kono lum nyo bunga tye iye
ID_EJLBC,atye ka neno lyec ma kome pek kome nen maleng adada ocung i kin bunga ma en tye ka camone bunga ne nen bino adada ki be lum ma olot lee calo tye ka camo lum eni
ID_EJLZW,lamu mu sifwaaninde kubonamo likoŋŋolo liri ku meetsi era likoŋolo lino liri liisuta babantu nga ne wandi beera immotoka isuta abandu ku na ku lukuutu era liriko ni ibbendera eya uganda likoŋŋolo lino liri mu uganda era koemeetsi kesi liriko kamatsi kano kali mu uganda
ID_EJOUF,omushaija ajwaire esaati y'ebinyarara ashutami aha piki navuga piki netukura obuseeri hariho abaana babiri bajwaire ebirikushushana emyenda erikwiragura bariyo nibetara bari omu maisho g'akaduuka enyima y'obuduuka hariyo emiti mingi
ID_EJOZJ,ndiyo nindeeba abashaija bariyo nibakurura akatimba bari omu maizi nibakutega ebyenyanja bariyo nibakanyurura ahu nibaza kukatega omu maizi kuronda ebyenyanja bariyo nibakurura abashaija abashaija bana
ID_EJWPE,omwanya muhango gw'obushozi bwingi gombekiremu enju ziine amabaati gakwera agokutukura harimu entookye enyuma y'amaju ago hariho emiti mingi eri omu kara erikwiragura
ID_EKHCE,omushaija ari omu kagaari k'abarema kandi omushaija ogu akuzire aine n'enju omu mutwe kandi omutsigazi muto amutsindikire kandi hariho n'egaari kandi hariho n'abantu abandi bashutamire ahansi y'omuti muhango
ID_EKHWJ,winyo kulu ocung idye pii pii um tye iye winyone tye ma tar ngo macol tyene bao
ID_ELBXZ,cal man nyuto cal kic ma opye i kom atura mo maleng kun woto ki camo pige bene
ID_ELDIR,omuseesa mutwera we emire kundula w'ennyanja ku mabaale waakwalire essaati ente eyi ka ma kono emali enkoofiira ku mule embale endeeyibikere waambira ekintu mukono wa kiro sereere emu mmeeti waloleereereyo kya njereka waliyo olukingi
ID_ELHDG,omusaaani ukwalira etiikhyaatimbese mu ye manchester united aliko okula na mutooto okumukhasi ulu kukulisa na mutooto ni ssukuma ni liboshe omukhasi yino waakwalira ekite enja wawambira kapupula haagulini muŋŋono waabw' alituuna emulwe baakhasi bali baakali baakola buuti
ID_ELLZO,ssaabbuuni eyookuna abo mu ngalo ssaabbuuni egi ne beera omu mulingo gwa miizi n'ogiteekamungalo osiyiterra engalo oziteeka amizigalo kwiruka okukala muno nga nkagaataapu engalo zeera leero gw'oku obufa ssaabbuuni ka egi ne kira kikolesebwa nkumbi na kiro ne nga kino mukolo onyo
ID_EMKDK,nindeeba ente ennyingi zirya mu luguudo zikulatiibwe abasinga babiri omu miso g'ente aliyo enzi ebiri n'ekiti ky'amasannyalaze omu lubazi olw'oluguudo alimu ebinyansi n'ebiti birina n'ebiti biri gwa
ID_EPOIR,winyo ma opye i dog kulu kun kulu man lum otwi i teng piine bedo calo kulu ma tye dago dago winyo man doge tye mabor bedo calo en tongo rec ki i pii ka en camo
ID_EPTKC,atye na odi madwong ki dyangi madwong man ma giti wot ki lek dyang acel ki yadi man ma gudongo i teng yo ki yo ma bedo ngom
ID_EQRQS,abaana bataano baana bekoreire edomora aha mutwe harimu omuto munonga ayekoreire akadomora kakye ondiijo ayebembeire aine egaari aineho amaizi gari omu domora borekyereire omu muhanda ogurimu ekisheka ky'amaani
ID_EQRVC,bunga mu cok yadi mapol bunga man tye i wi cere i wi got bunga man ka mukene tye ma ceng tye ka men iye ki ka mukene tye tipo yo bene tye ma opokke idi bunga man ma dano twero wot iye lela ki pikipiki bene cwero ngwec iye ki yadi man tye lum bene ma gitye ka dongo ma komgi yot
ID_ERMMT,abakazi bariyo nibazaana omupiira kandi omwe ariyo naatunganisa omutaahi we boona baine amashokye maraingwa kandi bajwaire empare ngufu
ID_ESMWK,kintu ze kibumbe era ka mabaati kamabesemu ga ziri alukingi nga ki ngali naabi n'eki misaala nengebweni waayo lwazo ki waya ateeka masannyalaze kabira na ki ngali naabi
ID_ESPNK,lamego ma obedo abeda i kom me opic dok en tye i opic ka tic ki nyonyo pa munu me kompiuta dok kompiuta man tye iwi meja iwi meja man bene tye cim cing ma kiyweyo wange ayweya ka en omako kikubo lamat cai mo icinge ma en tye ka wot ki mato gin mo
ID_ESWCW,omu dduuka alikanga muno nga erya byamaguzi ali mu omukazi aliyo n'aga zaako kugula eby'okulya ayina akaaguiseomungalokakusana akasuuti ayi nsiko ali kuyiragula ayisijgiro ebintu bi ku tukola omu mayisho na n'omunene
ID_ESWVT,inyanza iri mu kameetsi ni kumuyekhe khundulo khundulo nako okulikhoti ndiyo tsikoloofa yabako tsi bousita tibili yabako epikipiki iipaki ngibulaawo umusaani wakonele andulo epikipiki
ID_ETENI,i cal man tye iye lutino apararyo ma mukene anyira mukene awobe ki bene i cal man tye iye yadi ma otwi iteng yo ka ma lutino man gi ka ma lutino man gi ocung mukene gugungu agunga iye ni
ID_ETGOM,musifaani sinoho embonamo kameetsi kakeeha era nga kameetsi kano baamwatakamo kamandu ne nga sikali ka makalita kameetsi kano hundula kwayo iriho bunyaasi era hundulo kuno lubeka lutwera babirirako tsindulo kyosi kiriho tsindu nga kinzu kino kyakolakao iriwo n'ebibiiko
ID_ETPPE,neindeva momukadzi naanaruso mwana weruruguto neimoko hariyo mushizha runha ambura isvi risati mukunomiriringwa kandi nendeva yelataxi nemotokari zirucorataxi zidiro renyerere hariyo navazhavazi
ID_EVCCC,mon aryo ma gitye i cuk guruko kor bongo marom aroma marangine tye macol gubedo i nge cat ma meggi gin kono gitye ka cato nyig yen nyig yen macalo wota melon muyeme papai labolo ki mukene gurye madwong ata ka kenyo
ID_EVCUX,bibindu bye sibaabeetsa mu bisaala muuli shippuswa ni shindishindi nga byabotookerera aasi yaabyu bikaaye umeetsa meetsa nayo baakibeetsa mu bisaala
ID_EVPOK,i cal enini atye ka neno ma te polo ma bulu ki dong pol matar tye ki wiye idi atye neno ot wi ot ma olwore kun tye alum alum ki dong odo ma titidi ma ocito malo calo bia
ID_EVPTU,ot bati mo tye ma kiduro madwong adada odine mukene obedo gurofa gurofa dok yo mo tye mere ma obedo cing calo yo maram maram matoka lela ki dano tye wot iye yen tye ma otwi otwi bunga di
ID_EWCVM,haatale baahabimbisa litandalwa bakulisiramu ebintu bikkali muli mu kinyaanya kamamwa biitungulu n'ebintu ebinti babandu ba baarambira mu baafuura buukali baahasi ne mulimu umuhasi w'eekaale ali mu byambaaso bikkali
ID_EWXYS,nyig kic ma dwong ma odode i wi wadi gi ma gudile matek tye i jang yat iwi yat madit
ID_EXCBI,cal man tye iye dano tye iye labo yamo tye iye odero tye iye i me neno obedo tye iye nyig cam mapat pat
ID_EXIDX,enju ya basiraamu basabiramu kuutulo kuliko bubuuma bu gali ne mu nga ali naye kuliko byo byuma kuutulo kw'akolera namufeeri
ID_EXQIC,ente nnyingi ez'ennya nkola ez'amayembe malingwa zizaagiire aha nsi y'ebiti okubaasa kutunga ekyecyucu obunyasi bw'omere zimwaha nte ziyina ebibala ebya wayiti kandi zoona teziri kuyingingana omu buhango
ID_EXWUR,man tye ka cat inyime kenyo tye bongo ma kiruko i kom toyi tete ki yaka ika ki kore ingete bene tye lela pa lutino matino ma kitye ka catone ngat acel kono tye ma otingo gin me loro lutino iwiye en tye laco
ID_EXXDK,lee ma gucung kun lee man tye rii dok rii man gucung kama ma otal adada kun kicen bene tye lel mukene ma gucung kun dok ki nge lee man bene tye yadi matino tino ma gucung
ID_EYAJO,ebiibo ebirukire ebirimu erangi eya kitaka nana erikwiragura kandi aha rubaju hariho obundi bwibo bukye nana orutemere biri aha meeza erikwera kandi hariho n'akapapura akaro
ID_FADBD,man dako mu gongo piny obyelo latin ingeye kun boyo wiye ki bongo ma ngako ngako kun cinge tye ki gin cing ingeye bene yadi tye iye
ID_FAMIQ,ichal mantie ie pi na matir adada ma idie pina mantie iye got achiel ma boo adada ma iwi got mantie ie dano achiel ma ochung' kibene iteng got mantie ie pi matie kapiate mataa
ID_FBJSU,omuri eki ekishushani nindeeba ebyoma by'okwombira omwata ndeeba ebihingwa bihingirwe omu layini ebindi biriyo nibyomberwa ebindi byarabize
ID_FCFYI,winyo mo ma ineno calo atudu kulu tye ma ocung wi yen mo ma en talo opoto i pi pi mabedo waci nam en tye ma cung mot i yeni poto di pii wi otyeno maceng cito ka lwiny alwinya i odi iken dong nen macol acola
ID_FCPNM,inguke eri kusibira eri kubonekera mu masaafu inguke eba lifaananamu ne kiyina akali ndi inguke eba embogo kuli
ID_FCVOQ,ye n'abona emala enene alimu empanga agati mu mu eno eyo ebulira katambaala ka kabisse mu ku mutwe ali mu nnimiro akunoga zimwanyi n'abona eno kino esi zo nayo ezimwanyi zimwanyi zaatoba kuliko zitofu ziri ne zimbese mu zo ne enzimbise
ID_FEDQA,emotoka nyingi ziri omu ruguuto rwa koraasi zikwitse nizigyenda omu mbaju y'egi nguuto hakwitse hombekireho amaju nyamwingi kandi omuri ago maju hariho emiti nyamwingi
ID_FEIMB,omwanya muhango gurimu emiti mingi ya karitutsi kandi harimu enguuto y'eitaka yarabamu kandi omwanya ogu aha rubaju hombekireho otuju tubiri tushakarize amabaati gakwera
ID_FFWMT,atye ka neno lum ma gudongo ladyere ladyere ki bedo atye ka neno yat acel acel ma pud ki tino atye ka neno lacek angwen ma gitye idye lum gutero itgi kun giwot ki neno tung kany
ID_FGHNN,khaayuni khaayeelo kali khu siswi siiswi isi kaayu ni khaashombeka ku lusokya lw'e khaasaala asiiriwo bunyaasi buule eyi mu kasuumu enyala yamulimo k'amakiika ako oba buuŋgana bwayo uba taakhaanyu ni akheene kanyala kaabakaanganaaka n' okwingira mu siswi
ID_FGJSR,i cal enini atye ka neno acut mapol ata kun gucung acunga mukene tye ka wot ki ka ma gitye iye ni lum tye ma orumo kabedo eno onyo ki yadi madongo ki oboke kun nyuto ni gitye idi bunga
ID_FHALH,zinzu ki zaafa zaafiira ku muzinga ke ziri mu bulamu de baabugula mu buuki ebo baaziita zaafa zinzu ki zaafa zaafiira ku muzinga baabugula mu buuki nga ma ana ana gaawo zinuuna
ID_FIEZY,man dyang ma tungi boco dyangi ni komgi tye makwar ento tungi tar gin gitye ka wot yo teng i nget yadi tye iye madwong
ID_FIPZT,mwana womushici amiriri zvi rakatetei namasikati nyima yehece haro amakara kandaruva zhiramakara havo akateveke cht nyima yeye haruva vashizha vaviri vasita mikanda rumhizho rwavo haruva kanakande
ID_FIWKS,nindeeba abashaija babiri omu ryato omu nyanja barimu nibatega ebyenyanja hariho ebiti bingi
ID_FJLBB,abasiiza ba bazungu balikwingana mukaaga abaliyo bage omusaayi ne bazaana omuzaano ogwa basiga omuhango ogwa lagibe leero enyuma yaawo aliyo amamotoka hamwe n'emiti
ID_FJOEO,kinguke ekiŋŋana nga teetuule haasi mu sisina esisasaalikhanira mu bisaala nga tindula kwaliyo kumuomu ekikenda kaaasibusa kifiitiise ekimye esibusa
ID_FKPFH,babiinya ibeegu mupiira nga bano bakazi baagwatira empale emwanga ne kyangaagi lubega eriyo wukala mupiira agwatira ebimali azi bunyansi ku kisaawe
ID_FKZWY,kany atye ka neno dako mucung ki yeya iwi pii kun en tye ki nyig yen mapol ma kicamo mogo bene tye pii ma kipiko i cupa papap
ID_FLMKS,ekyeyigo kyombekiise amatafaali hamwe na nolwigi lwe mbaawo kandi kisakiize amabaati omunda yaakyo alimu akiina k'e langi ya mutale
ID_FMAST,bineeti baabifumbire mu kifo kyongene baabigoyereere eddala biriko erangi emma nga ku ngaagi biriko bululu obukulu na bindi biriko bululu obugi gi
ID_FMNWP,dye pii mo madit adada ma omako kabedo malac kun pe ka mol cito ka mo dok pii man bedo calo pii nam dero pa ceng tye ka menyo pii man ma tye ma yelo ma bedo calo tye kutyeno madong ceng tye ka donyo adonya i ode
ID_FNEIB,ekisaalu kye leka omwana ayina omupiira ali omu kisaayiomupiira n'ogwa mutale n'ebikuubo bya bulaaka nange sibikwiragula azwire ekipale ya mutale ngufu amu ene ssaati ey'ebikuubo bya bikwiragula na mutale ne bikutukula
ID_FNJFJ,lireekero lirihulukeewa etanuulu ba kipire eliiroba baakasi habaroka liiroba ku musaani halima liirowo shimbini liireekero abaana abeehengera amuidde nisa
ID_FNNAQ,enju ibiri zetoreirwe emiti enyuma nana omu rubaju rwazo enju eri aha mukono gwa bumosho eine orwigi rumwe nana edirisa emwe kandi eshakaize amabaati enju eri aha mukono gwa buryo eshakaize obunyaatsi eine orwigi rumwe
ID_FNSWW,ente ibiri z'amahembe malingwa ziinami ziwone zirya obunyansi kandi obunyansi n buli aha bulingwa bumwe
ID_FNYOO,lugedo mapol ma gin gitye ka gedo kun gin gitye ka yubo ot mo madit adada ma kiguro wiye ki bati ma bulu kun wang otte tye mapol dok ot man tye ot lega pa dini ma giye i kom rubanga kun i wi ot lega malo mabor ne tye alama me yat ariya ma kiketo i wiye
ID_FPOPM,man obedo tol ma kiyubo ki macin ma koto ki tye kacel kala ma obedo alum alum bene tye iye
ID_FQPRI,babandu babiri baali kukendaana eksimbusi ni kamakheese era babandu bano kabakendera mukhundu mumwomu waliyo n'elifu mbi lukali ibweeni waabwe waliyo n'ukundi naye uwimile wiboyile ireeso imbesemu era uwiboyele ireeso yino niye wafaanire weekhasi
ID_FQSZR,akaju k'ekifuha ebisika byombe ke bwe na n'itaka hamwe na n'embingo na nimiti kandi kasaka bwe ebinyansi omu misho g'akajuaka aliyo omulyango gutariho rwigi kandi omu kibuga akemerezibwemu ekidomola
ID_FRBGF,omuhasi era nga omuhasi yuno omumali omuhasi yuno ebowera ekitambaala kiibese mu omule kwe we era nga humkongo kkwewe asutire muko ne kwa la nga ne buusawo obundi ennyuma w'omuhasi luno waliyo kka mmeeti ne ebisaala ne bunnya si bule eyi
ID_FSHPY,gang lega gang lega man kitye ka gedone pudi adida en tye ki yat ariya madit i wiye kun lugedo gin adek bene tye malo kunu tye ka tic ki piny bene jo aryo ma tye ka tic ki piny kun odi bene tye inget gang lega man
ID_FSWVR,togo otwi i dog kulu togo mukene tye ma pud alumalum mukene tye ka two woko winyo matar opye iwi togo man togo konyo me yubo kabedo calo kolo me bedo togo bene konyo me yubo tol calo ladi
ID_FSYTT,ba kasi babiri bali ku luguudo ba kugenda mula asudde ekikapu gundi asudde zi ku ku mutwe amemere n'omwana wa mbiri n'omwana gundi mukono nga bagenda akutte olw'oluguudo ne nga basi be boyirezilwesunenkukkutukyanjerekakyenekuliyomisaala ne bunyaasi muutugunde emirala ali mu kusala ne nga mu eggulu n'ameeru bunene era mu ate mu mu gwaka
ID_FUGTD,obwato buliya omutwe gw'ennyanja kandi mundo mu lwato alamu abantu baberi beemeriire kandi abandu ba kitami kandi baberi omwajuwiro essaate ya bburu biine ebidomola
ID_FUOQT,eriyo bibindu ebyabiikibwa obudaala mu sifo kisandiba ng' emejaamu ng' bibindu bino byakwatibwa haale ne bikuuka by'ebabandu muenambo lya uganda nga mulimu obukofiira nebibindi
ID_FUYMD,ango ano aliwo ha kisyombehe ombehe kino ba asyombea ne kamatafaali u ng'aki babimba ne kamabaati mulyango mulimo ekateni uliwo bisaala ne kamatoole ne bunyaasi
ID_FVBJH,yadi matino ma kipito apita ka ma kipito iye yat tye ite tipo tye i wi ceng yadi madongo tye ki itenge ot bati tye ki i ngeye pol tye malo i wi polo
ID_FVZNC,waliwa kumizekiti nga niko kuli kufutesa kuboneka buulayi mu sifaane leeni waabaawo tsinzu tsi ndala siiri enyuma waabaawo n'ekimisaala nakyokyo ngahenyuma leino sinzu ti kindi natyo ongaho enyuma w'ekimisaala ekyo
ID_FWIIL,nendeeba omukira na n'omukazi omusiraamu n'asala omukazi eno no omukazi asitamira akatebe abangi waliyo ne batambula
ID_FWTEP,atye ka neno nam i nam i gi mo pe iye dano tye ocung ki i kom got got tye i dog nam ki tung kuca tye ka neno cere cerone lum lum otwi iye
ID_FXXIH,emeeri eri ahanyansa ahamiizi kandi ahamiizi hariho ebikamba byingi byeerangie ya kinyansi ebirandiireho obwato bw'ebiti buli aha nkungu kandi obu ndi buli aamiizi iri n'enkungu aa nkungu haliho abantu beemeriire mu ndiizo alooten
ID_FYDPY,ababaanu baba mu bifo byesibabayiramu esinzusi ali uyo wakkwaliira erala k'okkubo n'ekikoofira kyene ky'essaabonaali mma enzushi esingiriramu neali aweneawo ali kulambuula kimisisinga kyene kyesibagamu sinzuki
ID_FYOBQ,abaana nga bali babiri bali basangaafu innyuma we abaana bano waliyo abaana bandi abaana ba nnyo owa ibulangisi balihunaba bitambaala
ID_FYSFJ,man mino onero madit tye ki latinne ma gitye ka tuko ki latine onero ni kome tye ma yece tye matar tar ma nen dong dit mutii latin pud tye matidi
ID_FZCJW,emiti mingi eri omu kagongo afaanana omusiri mu ke gw'ebirimba ebyatandika kumera omukahanga alimu enju eshakiyize amabaati ga kinnansi etali lena na olutooke
ID_FZFXF,biimuli oba haasaala ate iriyo ituki mu ibbanga iri kupambuluka nga inyuma wabyo enyanga y'aburuhiiyeyo oba yaaboneha eyeyo
ID_FZLTK,fuj achiel ma mawuane tara tara kedong yire oyaro yire mabirda kwome cholo achola an fuj man miyo luoro bodan matek mokara kara an fuc man ne tie tenyono mo tie tenyonyo mo maorierda kwon nyonyo man tie mapek men calo peckful
ID_FZMJP,omukishushani omu nindeeba omushaija ayokize amatafaari n'ebiti byomire ajwaire emyenda erikwiragura kandi agubire tanabire
ID_FZRFL,egi n'ente kagabo eine amahembe gaayo gashongorize erimu netambura enyuma yaayo hariyo ebishaka omu maisho gaayo harimu obunyaatsi
ID_FZTZA,tulaleeba abakazi batali bamwe nabamwe bali kutondola ebirimba amasaza bali ku bipima omu kikopo kwenda abawagizi bika bakwenda ebirimba ne nga amasaza aba guba agoba kwenda baaba agaba agaba bimera bagaba
ID_GATEQ,enjojo zemereire omu bunyaatsi enyima y'enjojo hariho amatundubaare gombekirwe kunyamamu hariho n'emiti miraingwa enyima y'emiti hariyo obunyaatsi bugufu hamwe n'emiti etatagaine kandi obuseeri n'orushozi orushozi ruriho emiti hamwe n'obunyaatsi
ID_GCOKT,i cal eni atye ka neno lutino matino ma gua ki ikulu guyeyo jeriken i wigi dok bene gitye ka wot yo mo ma kato ki i kin poto atye ka neno lutino mukene gin aryo gucung ki i teng poto gitye ka neno luwotgi ka kato
ID_GCOKV,ekkanzu eyina na n'ekkooti yaayo kaali amu na na ggomesi erimu omweko
ID_GESQC,omukazi ajwaire bodingi ayekomire ekitambara ariho nayera ebihimba nana orugari rwakora enyuma ye hariyo enju nerebekaho kakye y'amabaati hariyo nana entookye nana emiti
ID_GEXFD,co aryo ma ngat acel tye ki i ot ka cato ringo madyaka ki ngat acel tye ki woko gitye ka lok i kingi ki iwang dini ca
ID_GFCWU,ano iri haatale haatale hano bakulisiramo bi biirimwa irimo biiraasi irimo maayito iri mo mwoka omwomu bandu balikamo mukatale muno babaali kuukulisa mwana muto era weekhaale kukasawu ali n' ebyoesehaŋŋoona bye mu bbaafu byabonekere nga maayito
ID_GFDJI,emmotoka eh ekire ensawo za ma kkala nnyingi eyinako emitayimbwa n'eraba omu muhanda gulimu ebyondo bangi
ID_GFHQX,ndo ne ndaba abakazi babiri waliyo ne basa gonza ana ebikole akali ndaba mulungi eri gonza ali akasa gonza ndaba kisiriizadasayiddeerindeabakaziaalmayindulagonza ndala asiriya
ID_GFSIG,i cal eni atye ka neno mutoka tipo acel madit mutingo co ki mon wiye ma dano opongo malo gudine tye ma pud gudi ma kipuro pe kionyo pud dyere itenge tye lum ma gutwi ma kongi yot yadi bene tye ki ngete
ID_GGROY,abashaija n'abakazi bamwe bajwaire enkwanzi omu maraka kandi bekurengyetereire engata zirimu amapapa kandi boona nibatagurira
ID_GGTDC,cal enini tye ka nyuto cing dano ma bedo cing munu ma tye ka lwoko cinge ki gin ma onyo cing lwongo man ni cani taya gin ma lwoko cing ma neko kwidi nyo ki kwai gin man ma tye ka kwo i cing dano ma pe rwate i pi yuto kom
ID_GGTQN,mu kangi ali mu ekkangiro wakwalira ebikwalo bye ba kangi wakwalire ne ebipiira bye ki mikono bino bimuyeetaho ku kisinga butiina bwosi bwesi baatiina beewe banyala kumuwambisa nga babeera mu bintu nga kamafuki
ID_GHWEH,zisuubo zidatune nga baanikirireko zingubo ne isuka ziimwanga zingubo ziri ne ziriwo ndiiro zingubo zindaazi yero zi ndi ze guliini zi ndi zitta ndalafu naye nga muyisi ne mwe ne mulimu buunyansi buunyaasi bwe ne bubisi ne gu musa agiri ga ko ziitulo naye nga mu bbanga mwene mwaboneke ena nfu era ali mu aboyere
ID_GIBST,zinzuhi zyebuusire mu mabungiiti kabiri libungiiti litwera liri ku mukono ku munyeresi lirindi liri ku mukono ku mulali
ID_GIPCH,nindeeba omusirikale akwasire emmundu bandi abandi banaaba lye emmotoka ya poliisi ndi zo omu eyimirire amazzi bali omuganda emiko gaawo waalwo ekitaala ennyuma yaawo wala ekyombeko
ID_GKEHM,turakita eyemereire omusiri muhango ogu eyemereire neetereeza omu rubaju rw'omusiri harimu ebikondo by'amashanyarazi omu turakita tiharimu diriiva
ID_GKSIE,man kany atye ka neno muni ki mutoka ki mucung i nget yat kun gitye i di lum ka ma kigwoko iye lee ki mapadipadi
ID_GKUIY,egaari eriyo eyemereire ekwatsire ekitansi ngu etaraga etagwa eyekoreire ebitookye mushanju bibiri omu rubaju rwa buryo bibiri omu rubaju rwa bumosho bishatu biri ahaiguru yaabyo bikobiise enkobwa
ID_GLFDQ,omuntu ogwo akwise omubazi omu ngalo agenaaguta omu ngalo endiijo engalo emu agenaageimatisa kandi endiijo eyeetegerekuakeera ekya ge na ayi mata engalo ze ye zonna zikulira empeta
ID_GLHYL,amaju maingi gari omu mwanya gumwe kandi amaju ago gari omu rangi zitarikushushana hariho na n'emotoka ezemereire kandi ziri omunyiriri kandi hariho na n'emiti mikye ahagati y'amaju eri omu rangi eya kinyaatsi
ID_GLKDI,mmeeza mmeeza kuno kuliko ekyuma ky'e kamakesi esi emmundu lino ekyuma ono ku mukono ku mutwe era kuliko essaawa ali kutambisa ekyuma kino oliho ne hakombe kaawa nga
ID_GOOPG,oyo omusaani ali kuŋoona sengaato siriko ts'engaato erikho n'etsisandoosi ali kuŋŋoona waambire embiso yeesi ali kutungira oyimikire ku nsu n'ekamatekkule eyo wabiloleereere
ID_GOUCZ,man mutoka eni tye en tye ka ngwec i lum mutoka man wiye yat i malo en tye ka ngwec i ka ma yadi ki lum tye iye ceng tye ka nen ma tye ka cito ka poto apota
ID_GQOQU,eni cal ot lum ot lum ma kiyubo ma wi opoto wa piny ki nge ot lum eni neno tye bunga labolo labolo mogo ma kipito tye ki tung ingeye kenyo dok bene neno ni yadi yadi mogo tye i kin labolo kenyo bene ma gudongo maboco adada
ID_GSPKV,atye ka neno cal ature ma kalane tye papol tar ki ki inge tye ature bene ma tye mukene bedo ma nen iri ki kic tye ma opye i ature man
ID_GSUIC,aneno dano matye i yeya tye ka ywayo obwo woko yeya pii mane ma blue madit bedo wai nam madit adada dano ne oruko bongo macol
ID_GSUZI,baana biikaale mu kibiina biikaale ku zi desk baterezippapula ku zi desk zaabwe musomesi waabwe ali kugenda mu kibiina omusomesa ono agwate ekiteeteeyi kye mwanga nga kiri gamu ne budooti bummali
ID_GTBLZ,nendeeba enju nungi eri nga a kabungo haliho eyombe kirenke enyombeka nk'ey'omuzigiti gwa basiraamu guva kusabiramu omu lubazi lwayo yeeyotooliirweemiti
ID_GTEKG,enini tye cal dano aryo mon aryo muni ma gubedo i nyim laptop gitye ka tic gitye ka coyo gimo i ye wigi kono tye ma obok ngat acel oruko kor bongo matar en oruko kor bongo macol
ID_GTFDZ,anweriyo omusaanyi mutwera akwalire si ng'atoni mbala endeeyi ehaale hu pikipiki akanaho kisimbula ebulangisi iriemmatoha ne yeeyimirewo lotaaye ali omuseetsa mutwera wehaalehu pikipiki ng'aloleereere wesheewe
ID_GTKCD,akaju akombekire gye kombekise ebinyaatsi kariho omuryango kandi aharubaju hariho akaju akandi akarikureebeka ekicweka enyuma yaabo hariyo emitumba nana ebishaka bingi bikwataine nana ekikindo
ID_GUAUY,omushaija ashutami aha piki piki akumireho ebitookye bingi akomeise orukoba ondiijo omushaija ayemereire amukwatiireho aha rubaju rwe hariho ebindi ebitookye ebitungikirine enyuma hariyo orutookye ruhango
ID_GURXP,enjoki nnyingi muno nga zikwatiine zeetoolre ziri kulonda awo okutuula zaaheza kuluga awuzibiire ne zituula ziri kulondayo eky'oku gye
ID_GUTNT,yikkanisa iye ebakatuliki era nga baafukiirizi b'akatoliki bano basaako kuyisaayira woweere waabwe ng'yikkanisa eyino yayombekebwa bulayi boneka buulayi ereeriko nnenebusayini oba bubonero w'ekumusaalaba nga abundulo waliwo osinze kereteeka matoore n'ebisaala
ID_GVNNV,ennyaanya nki ezihiire hamwe ne zitahiire zaali kire aha bishansha ahibali kuziguluza ennyaanya ezimu e ne empango kandi ezindi nutuke
ID_GWKAB,singisi sirimu kyewa siri kuukyenda mu bunyaasi ubbub'omu ne sitalu saasutire emulwe saloleerere erube muumuhono ku munyeereziitaali yaabonekere nga kuutibo kuuliyo
ID_GWRJM,omugyera gwine amaizi mingi kandi gwine n'amajumba ekirikumanyisa ahansi harimu amabaare kandi nikakora enyima omu nkungu n'ebishaka kandi omu nkungu eya sayidi egi harimu obunyaatsi n'amabaare baare
ID_GWVDQ,ichal man tie rech matino ma kirubo ital kilugore manen kwa kwa ma kirubo ital kikarogi iwi mach katale
ID_GWYLG,ekimotoka kiri omu rangi erikutukura kiheekirwe ekitupa ekiri omu rangi ya kinyaatsi omu mbaju rw'emotoka bibiri hakwitse hariho abashaija bajwaire emyenda ya mutare n'abandi babiri abari aha pikipiki
ID_GXDNB,ennyamiishwa erimu negezaho okulaba omu nguuto kandi eginguuto ne mwe alimu n'omusiza wa booda n'agezaho okuvuga piki kweyongerayo egi ennyamiishwa n'entulege y'amagulu malingwa hamwe n'ebisabiringwa kandi nsi eri eriyisa alimu emiti nangwa n'ebinyansi byakula
ID_GXNKG,aa yino a ensu yaayimbakibwa engulu emmiriyu a eri nga ekkanisa luwande haasi waliwo obubunyaasi ennyuma waliyo biisaala ni haalo ngoti haliwo mu nkaaki mwakosere ebbulu niunamufee mu
ID_GXNWG,enjoki nyingi zikwitse ziri aha kyoma eki kyoma kiri omu rangi ya mutare haza ezimwe ziri omu mwanya nizigyezaho kuhariruka ezi njoki n'enjoki nyingi kandi zerundaniire omu mwanya gumwe
ID_GYINJ,kino kisolo ekye mu kigona kyesikula nga ku ttimu osoni kiyambire ku lusa lw'ekisaala kisaala kye ne kiriko matumagani kisolo kino kirya bitunga matuufu kasooli a
ID_GYNUX,nya atye ka neno lutino ma gugure gitye i lawala ki ladit acel ma tye ka liyo pii i cing lutinoni piini kit ma nen kwede pii ma kikubo ko i oceke mabor ka kitye ka onyo ki pii i cing lutino wek gulwok cingi
ID_GYVLM,omukazi muhango alikolera ayine ekishakye ali ahataapu ayine omwana muto nawe alikolera baliyo nu banaaba engalo ahataapu haliho akakipa kalimu ekimuli
ID_GZDZP,moo kic ma kiliyo maber ma oo i wi bao matar i nget moo kic man ma oo ni kono tye kic ma kiliyo maber mabene kiketo i koc
ID_GZSOA,hariho enjoki erikureebeka gye kandi n'obwire bw'omwihangwe eteekami aha kimuri kirungi kiri omu rangi erikwera kandi omu rubaju harimu ebintu bingi ebiri omu rangi eya kinyaatsi
ID_GZTLX,mon adek ma guyeyo kweyo ki bat i wigi gitye ka wot idye gudi gudi ne obedo cere cere kweyo tye ma kigurogi i teng gudi ni
ID_GZUWX,mac tye ma tye ka lyel matar ite maci tye cam madwong ma kicibo iwi bao cam man tye nyanya ki bene mutungulu ki cam mogo mapadi padi
ID_GZZCO,man kono laco ma tye ka ngwec ki pikipiki idi gudi ki bene ingete tye dano ma tye ka ngwec ki mutoka ma kala makwar ki mutoka mukene tye ma kijengo ka ma kipiko iye moo pa mutoka ka mo otum
ID_HADHQ,man aye cal pa ature madwong ma kalagi tye ma blue kun i nget ature man aye tye kic ma tye ka tuk atuka i ngetgi
ID_HAJAB,ennyanja nnungi mpango eyi ne amiizi gakuubwa omuyaga aliwo omwala omulungi ogw'omuseenyimulungi omuntu ayemeriireho n'agureeba omusana guli yo ne gushuuma n'ali mu kutema ki kumanya na obuseesha n'ali obweru
ID_HAMGN,ebbaasi iri mu boguriini n'ibwayeero yeemire ku luguudo andulo iriwo babandu baakasi n'ebaasaani baali kukulisa bibindu mu bandu babeekhaale mu bbaasi ebbaasi eutiori keetsiaandu abweeni iriwo ebbaasi ikkindi ingerekera y'oluukingi luliko tsinzu ne kimisaala
ID_HAMYY,atye ka neno dano ma obedo iteng ot cat ki latin anyaka ma ocung ka nget ka ma kiguro iye makar kun makar meno nen calo tye me acata kun kabedo meno tye nen calo ka ma kitimo iye biye acata
ID_HAVJK,omusiike n'avuge ppiki aheekereho abantu babiri omusiisi kuvuga ppiki azwire helmet abo aheekere bayina obu manvuuli oba azwire aha mutwe
ID_HAXDS,abasiize bana batembere aha mutwe gwe kyombeko ekita kawiire balu muno bahanikira mbahanikira mirabba okugira ba gisakaale bali omu kuteeka emiti okugira ba baasise kuteekawo ku giteerahamabaatenukw'ekawa bakagitaaha
ID_HBGSC,kimisolo kibiri kyemu meetsi ky'esi bala nga hipopotamasi kili mu meetsi k'enyanza k'amakali nga kutwela kwareere kumunwa kwakwo ku mubiri hwe ku kundi
ID_HBPAC,muntu ng'ayambiremu kono mwe kacupa ka apima sinyaga ka bamadde nga akacupa ke ene kaliko kifuniko kitandaafu eky'e bigere ekyalaani nga kigiraasi kya likala
ID_HBYHG,kuyansa kukali waliyo enyanga irihukkwa ibukwa nyanga buwanga anzye hebwirabula
ID_HCSWB,dako tye ka rego ki kidi kidi kitiyo kwede me rego jami mogo calo bel kabi nyo pul kidi ki rego ki pul weko dok odi kabii ki bel ki rego gi weko dok mo kwon
ID_HDIAD,ebendera nyingi za buri ihanga zitaire orunyiriri ahaiguru yaazo hariyo waaya z'amashanyarazi hariyo n'ekiti kiine amataagi maingi ahansi hariho akaapa
ID_HDLOV,aga n'amaziba baaziwa go kutungira ebyenyanja n'amaziba amaziba go kutungira mu ebyenyanja n'engashi esonzi n'engashi n'ebintu olubala omungi eri mu
ID_HFUSS,dano ma oruko bongo matar labade i bor tye ka yubo cam cam man obedo ringo ma tye ka bolone abula ngat acel bene oruko bongo ma obedo grin grin kabedo man obedo kabedo ma kiyubo iye jami acama
ID_HGSOC,enkuba na mayi ammemira omwana ali mugunda ekyukiiraeriddooteenigamaaambiraomwana weewe ali mu lusuku lwegamaddooti akuze enku
ID_HHFZG,oyuno omusaani uwifumbire ku mukongo waatikirire ikhumbo kwisikamo ubweele likhendu ku murwe weewe uli mu meetsi okobyaala ku muceere
ID_HILOA,cal man nyuto cal otok ma ki tiyo kwede me mato pii en jo mukene tiyo kede me gamo pii bene
ID_HJAWW,emmotoka ye kaakula eri ku luguudo eyimire esimbire ewali kipande baliko bali kilomitana buli li ssaawa ennyuma waayo waliyo yinzu ekinu ye kifa kitooke mu ng'akamu abeera muti waya kyaka amasannyalaze muto ayimiri ku luguudo lwa koolaasi
ID_HJDYB,enensuki yatwira kimuli bali li wa kirimu ubuushi liri kunuuna kunuuna busi enkuki
ID_HJIWP,man otongo me lobo uganda ma tye ki kala adek mapadipadi i kin kala ma tye aye kala macol kala mayelo ki kala makwar ka yaka i dyere tye owelo ma tye bene ki kala adek i weng i kome ki bene ocung ki tye acel
ID_HKCTB,daktar tye oruko gin ma giruko i cing me tic pa daktari omako lum dog pa daktari i cinge omako gin ma pimo ko dano i cinge
ID_HKVNM,aneno cal dano aryo ma gitye gucung i wi got ma tye idi pii gitye guilo layut rec malo gitye ka neno tung kama pii tye ka bino ki iye gin tye ka ma gucung nen col col
ID_HLPTE,kifo eki kirimu tsinzu si eggoloofuinziyeggoloofueyi eriko ka mabaati ka ma mali ekyanzi eyi iriwo enzi ki ndi ye kamatihuli kifo eki kirimu tsinzuti ngali era eki ndi ibonehera etaayi sinzi si kafaananyi ekibumbe ha kya kiiri
ID_HLWUM,abantu barumunuba akajana n'akatimba ni bakanyurura omu nyanza abamwe tu bazwire esaati abamwe bazwire engofiira kandi ankungu hariho musheenyi ha musheenyi hariho akadomola k'ebikoopi ikumi
ID_HNDWD,atye ka neno lutino ma tye i dog kulu kun guruko unifom lutino meno gitye ka mato pii ki dog tangi kun ngat acel tye ka lwoko cinge ki piny
ID_HNOAR,ku mwala okkala eya era nga ku mwala kuno kuli mu kameeti kamakali era nga mulimu oba kasi babiri abali kuŋŋoona ku mwala kuno nga balusamu bw'ekyafu era ahundulo we ku mwala kuno kuliko bunyaasi obwa oba era nga waliyo nti abantu babeemikire ku lwanyi ne kimotoka ekibirirakulwanyi
ID_HNYBW,omusiija nakozesa emikono ye kuteeka ibumba omu kabaawo ako akuba kkozesa amatafaali aga ndi amatafaali egye akole gali ahansi haliho nefuka na ne kidomola
ID_HOIOF,musifaani mulangi kusaala luwande baahala kirayini akali muuli mulangi emali eyanabinzaali akali baalawo kamafumo
ID_HOWJB,ennyamiishwa nnyingi ziba kweta embogo zagiire ziri omuwanya gumu abali emiti miringwa kandi omusheeshe guli yo no gwaka gwizooba nufumula kandi zeemereire omunsi ekunduukire etema emu binyaaki ebingi byo meeru kimu
ID_HPFMT,kino kigona mulimu obunyaasi mulimu ne bisaala ennyanga yagwire nze kira buli
ID_HPPHI,inzeheleye litoole lili kubonekha tsikhootsilya kyongene ni litoole lyene siryaaya ni sata ni kamaru kali kubonekha murangi iyana binzaali ni na lubookha
ID_HQOOM,essowaani eriko biiryo kuliko ku muceere kwa bulawuni kuliko kabegi n'ennyama ehalange erimu bya guliini nti nnyana
ID_HRBOQ,ekizimbi kyango munonga kandi kiri ne omunaala aha mutwe na n'ekindi kizimbi eky'erangi ya kineke biri enyuma ey'emiti y'amatagi n'amababi ga kinyanzi
ID_HSFIS,omusaani aliko ufuka epiipihi wasitira etsimbaawo uliho bikere by'ebitanda n'ebyo esindebealiko ubira ku lukuto oluba ekka luliyo kitsu alikuutya kukola bitanda isi aholera asaka
ID_HSPXG,emmotoka ye balambuzi nga ennyuma ba aliyo kimipiringiri kibiri egenda ku luguudo nga ku luguudo hundulo kuliko bunnyansi ensolo ndo era ye mu kisaaliyo eryanaabi likosi y'emmere hundulo y'abaloleerere
ID_HSWZX,omukazi akwatidde giraasi mu kkono awambire kacaayi akwatidde masiki ku mu lugeewe ali kutunda abatu mu katale biti bye kirina mu mulimu ga mawondo zino nnansi na bingi
ID_HTMZS,bandikire emyenda kandi terikushushana eri omu rangi zitarikushushana hariho akaju kashakaize amabaati kandi kiine ebibaaho biri nk'edirisa hariho ekiti kyemereire hariho nana ekintu kyombekyeise amabaati omu rubaju harimu ebiti kandi biine amababi gari omu rangi ya kinyaatsi bikwataine
ID_HUAEM,cal eni watye neno ongera obedo mot idi bunga yen ka ma kibedo i ye tyweyo tye okuto cam
ID_HVAQR,iramizo lihango lirikwetwa omuzigiti alubazu haliho akasiika kalinkomunaala kalingwa kandi ennyama yaayo haliho amazu mmingi mahango kandi haliwona n'ebiti bingi ebiri awagati omu masu
ID_HVTNH,akati kalingwa munonga k'erangi ya kinyansi keene obumuli w'erangi ya bbululu kandi keetooliirwe n'ebisaka erindi by'erangi ya kinyansi aliwo omuiruma
ID_HWRBJ,nyig yat fene aryo ma lyere i kom yatte acel tye madit acel tye matidi komgi tye gwar gwar komgi bene tye kala alum alum fene mit tutwal ka kingolo pi bedo kur dok lim
ID_HXEKQ,naikondo eibarikutaho amaizi hariho ekidomora ky'erangi ya kinekye naikondo egi eyetoreire ebiti kandi eseeri hariyo ebinyaatsi hamwe n'emiti
ID_HXRSQ,ongera macol ocung i jang yat onyo anyonga i jang yat man poto bote nen kor yat ma tino tyeno bene nen ongera ni ogudo jang yat ki cing acel
ID_HYNXZ,daktar ma oruko roc i cinge kun omako libira ma tye ka tucu bad ngat mo daktar man kono cinge acel omako wi gwok ngat man
ID_HYOII,ekirabyo kiikyanda kirine ebimuli eby'erangi ya kenekye omutwe gw'ebimuli ne erangi ya mutale kandi ahagati yiikyanda eryo aliko ensigo z'erangi y'okwiragula
ID_HYWJA,emyenda y'emiringo etali kususana nkamasaati empale essuuka behanikire aha mu gwe aha nsi n'obunyansi obwine erangi ya kinyansi omu miisho alimu ekisaka ekirimu emite miringo
ID_HYYJS,mu kikye ewa mulimu buno zikula eyi si singaafu kinaalya era mulimu singaafu ziri ku kwaya ne bo abaana babiri ntola awambire ennyimba we kamuli ye kyandulo waliyo be kisala
ID_HZTED,baana baago ke ba kugenda ku luguudo bayamba ne limu ngatto bakwata ebipale binnya ppini siripa nga bagenda nga ku luguudo ne nga emisaala girimu gya maliisaluguudolenemisaalagegirikuzituloneng'omuntu ali dda aya asibye ebintu ku mutwe nga baana abaliko balunda ku ennyuma
ID_HZTMW,omuhanda haza arubazuru omuhanda aliyo ekizimbe nkimanywa nga fotubeeti haza arubazuru eky'ekizimbe aliyo akaduuka ne baguzaho ebyokulya baguzaho n'ebindi haza ahiiguru y'ebyebizimbe bibiri aliyo emigoye egya masanyarazi hamwena n'ekikondo kya masanyalazi
ID_HZZND,emmotoka ekudumia ku luguudo la koolaasi waliwo kapande kaali maaso zitulo zinzu ziriko ze ziggoloofa n'ebisaala zinzu zino ne zaayombekewakukagingi ebisaala biriko ne gumulongooti gukwessa eneetiwaaka
ID_IBEBO,linguki eyino irima lirima likkalinaabi iri halafu waliwo omundu ob' ekindu kyi kihalasire omundu waakirusireho omwana wayo namwe issala erikuukirya mubaawo kyosi kyesiiryaho taawe
ID_IBHZV,chuiny dipi matie kamol kun dwe nen chalo tie kalwiny nyo an buore kiken nitie kanen an koe moken ne olwinyo an ping nen lafuri ping e panen mabee ca man anni
ID_IELBI,ensu kye kubbuluka mu bunyansi yabala ayise eziri ppapo ne ng'enzu ki eno eri mu bu bwe yero ne bumuli ne ng'e kubbuluka mu bunyansi bunyansi bwe ne bu bwato ako bye muli bimuli bye no eyo ppapo ekubbuluruka ne nga mu mu gwaka siri bunyansi bwe ne bubisi
ID_IGBRB,nyig kic acel ma tye ka tuk kun tye ka tuk idye ature dok ature man onyak mapol adada ma odongo maboco lamal kun pe cok ki dog ngom ature man poto ki tye malac madwong kun dero pa ceng tye ka menyogi ma gitye ka nen maleng ma mwonya adida ma tye kala ma papo ma orupe aruba ki kala matar
ID_IHQDG,omwana w'omwishiki ajwaire sikati na burawuzi ayekoreire akadeeya aha mutwe ariyo naatambura omu bwire bw'obutiti hariho oruho kandi haihi n'omuti muhango naatamburira omu muhanda gw'eitaka kandi gurimu n'ebyondo
ID_IHTTD,eyino sifu tsirukwaaya bunyaasi mu sisaali mu sitsakha mu mulimo bunyaasi mu mulimo b'esaala endwela yaakonele aasi emboofu ni sinjeeke sibili
ID_IJVQW,ku muzinga kw'enzuhi kwezi kwe ku mulembe kwa lunari nga ba kukolera mu bisaala ne mu bintu by'ebisaala nga ba kuyimirira awo ku bibala byali ebyebaseeyo
ID_IKIHW,eni tye ka nyuto cal yeya madwong ma gitye i wi pii ki dong lokane cal odi mapol bene ma gucoke kacel odi gurofa odi mogo macego cego bene gitye ki malo cal pol bene tye ka nen
ID_IKUJC,bimmuli bimiriyu nga bimmuli bino biri mukala eyo ppapo era nga ne birala biri mukala ye gurieni nga waliwo inzu hindu era eri kuutima ikweku simuli situweera
ID_ILHLJ,emmotoka ne zitambulira aalukuuto gwa koolansi omu lubavu gw'enkuuto alimu abantu abali kutambuliramu n'ebyombeko biringwa muno nga kandi hamwena ebyapa
ID_ILQRH,lee ma kilwongo li rii gin aryo gucung tye idye gudi kun ongedo ngutgi mabor adada i teng gudi tye lum ki yen mudongo
ID_ILSBJ,dyang nyak kali madit ki ma ocung idye lum dyang man tunge boo kunu golle
ID_IMCZH,ku mmuli ku lyano kuboofu akali awo aliyo aliyo era ng'emmali yeririraho eya nabinzaali yamala ya mamalirize yo agamu wange ewangamu
ID_IMJQQ,ebyokurya by'ensi nini kandi birimu endosho ekozirwe omu kiti kandi zishariiremu obutunguru ebyokurya ebi nibigarusa ebishaju omu mubiri
ID_IMMGW,abaana bato bari omu kyaro nibairagura kandi bajwaire ebijwaro bigubire ebitabahikire bekoreire enku bari hamwe n'abazaire baabo haihi n'ekishaka omu ruguuto orw'eitaka
ID_INENK,cal enini cal ma kimako bedo calo i boma madit ka ma cat ki wil tye ma iye madwong en dano bene dwong iye adada odi ma tye iye kono weng odi bati keken ki yat yat mo acel acel bene tye iye
ID_IOREB,mutoka ma tye ka cato gweno munu i cuk labolo nen ca labolo mucek bene tye dwong mutoka bene tye ka nen ki laco acel mucung i wi mutoka mada ma kacato gwenoni cal kikabo bene tye ka nen ki mutokane
ID_IPNAZ,zikobe ze ekaale kuibaale zikobe zibiri ziriko mu ki nga ennyuma yaayo eriyo guliini maaso eriyo guliini
ID_IPOQD,ezi n'ekyeka zikwitse ziri aha meeza hariho omuguha hariho n'akapapura hariho epipande ebihanikire aha kisiika
ID_IPWYI,sinzu nga siri hundulo kwe kumutala ng'aho ng'aki kuli kwekamabaati kasembuule nga sinzu aasi ayo waliwo bucyafu buzuule buveera butimba ne buneeti atwera ne busawo buwanga nga aasiayo waliyo bunyansi asi
ID_IQWQE,abasinga beemeriire beekomire obukaahi wazira enkwanzi omu malaka mwe aliyo n'aguluka kandi ennyuma yaawo aliyo obunyansi esseeri aliyo emiti ahigguru aliyo ebiku ebyo luko era hamwena nebye la nsi ya bbulu beemeriire abantu aliwo ettaka
ID_IRKUD,nkameeti kamakaali naabi umeesi hunoouliho liryato lyato lino baalikola buulayi lir mu langi mbesemu ne yabbulu umeesi lulyato hunoouliho libendera ey'erinambo lya uganda
ID_IRPLT,dye bunga ma yadi tye ka dongo iye mapol adada yadi man tye ka dongo marom rom dok kipitogi apita yadi man kingi tye macok ma potgi tye ka nen ma grin ento mukene tye ka two ma pote tye ka loke mabraun tye itenge yo mo ma okato yo ma otal ma dano tiyo kwede
ID_IRSMB,aba n'abaana abarikuruga aha mugyera kwenda amaizi owa omu maisho amaizi agegwire aha gaari aine ebidomora bibiri omukuru ataire ayegwire kimwe aha mutwe akyegwire bunyongo n'omukuru ataire ayegwire ekidomora reero habaho omwana ayegwire akamwenda aha mutwe ow'enyuma nawe ayegwire ekidomora boona beegwire bunyongo
ID_IRUUR,oluguudo omuntu aliko ekale kuupi kipiki kutulu kuliko zikkaafu zikuubita kutulu ku luguudo kuliko bunnyansi ne gimisaala n'edda ali eriyo zinzo ziriko ma bantu mata ndala funa ga mawanga ne gimisaala
ID_IRXCX,kacato wil madit ka ma kiketo iye okono madwong ki dong nyig yen mapatpat ma i kine tye labolo ovakedo muyeme mon aryo aye tye ka cato jami man ki dong latin mo ocung ki inge mego acel mugungu agunga kom bene kiketo inyim kono ni
ID_ISBQD,ebiseera ebiri bye ku munsi hasawu baakaaliikireewo baatukireho piripiri bali kumwomesanebasobolesereokumurambisira mu kenya nye buulayi nga bali kulya biri
ID_ISLGG,omukishushani omu nindeeba obuju bw'obufuuha bwombekyeise amatafaari bushakaize obunyaatsi nindeeba abaana babiri bari omu kibuga barimu nibazaana
ID_ISMPK,tugu aryo tye ka nen i dyere pura bene ocung kenyo gweng aryo madongo bene tye ka nen lum ma komgi yot ma gitye ka dongo bene i tye ka nen
ID_ITNFA,omusawo nga waakwalira etsikiraavuzi wawambira empiso mu nkono nga abonekano ali oweesaako okubba empiso ku mukono kwewe nga waamuikuule ewokaana nga aliko ukubba empisoa nga kushibe kaabe ka ku mukono wa
ID_ITXJP,rii gin adek gitye idye lum rii aryo gin gitye i te yat mudongo matidi ki tung acuc ci rii acel en dako ocung kene dye pak man yadi tye ma gudongo ma kele acel yadi man pe gudongo maboco tutwal yadi macego rii pe camo lum ma i ngom en camo pot yat
ID_IUERN,laco ma oruko cawa icinge tung acam cing tung ci oruko iye tiko omako cim i cinge oruko kor bongo ma ongolo ongolo ma obedo eno area tye bene kipyer bongo ma obedo kaki
ID_IUMHD,lela ma otingo labolo madwong tye ki jengo i teng gudi ki tal tye bene kiboyo wi kommeo ki bongo mere kumeno funga nyo ku bulu lapwongi tye ki tweyo tunge
ID_IUNGG,zino zinzuki zinyukire muyuwi gwe ga maanyi nga ziri ku za ku engira mu mu singa ne lubega lwe ne lwe mu lubega lulala luliko lwedi mwifumbi mu ngaagi muliko kakkala ka bbulu zinzuki zinyene ziri mu kkala yennavinzaali mwabako ne kkala eri emali
ID_IVHGL,man cal eni cal tok i pak ineno tenge en yo ma ma kiyubo kado kulu ma luwot i tyen woto kicito ke i pak yito kwede mutoka me cito ga ma cito ka tic
ID_IVMEB,atikeghelilume dhakala kni ulimatiyedika dhika manti mu dhero dhakunke gyawa ona ghano kiygabantiye buwa kuntike yo li lighadha meti kera boloba iken
ID_IVRML,kameetsi kaatima nga kamamiriunaabi humeetsi kuno hundulo okuliho bunnyansi n'ebisaala biire eyi nga bya guliini ni lundulo hundi huliho kamabaale omusaani mutweera omuzungu w'emire humabaale wamwlatire kumulooba omumeetsi akaakaka wokuula ba kinyeene
ID_IWRIZ,cal man tye ka nyuto cal pa laco acel ma en tye i dye pii en tye ka tic ki yeya matino eni me ngwec kwede iwi pii dok en tye ka mako rec bene tye ka timo man poto ceng
ID_IXJPO,ot lum ma kirwado kom arwada adaba ki dong yen yen tye i wiye tye bati tye dong jerikan bene tye inget inyim ot enoni ki yadi yadi bene tye kalatuc mo maboco
ID_IYJID,winyo gin aryo winyo man dogi tye mabor kun gimaro bedo i dog kulu gin gicamo jami ma bedo i dog kulu macalo rec ki twol gin gupye i dye lum mo ma lum ma tye lum macal ki togo dok maro lot i kabedo ma tye pii pii
ID_IYKUP,egi n'enyanja kandi hariho ekyererezi nikyaka nikireetere amaizi kuhindura erangi kandi ebicu nabyo nibyaka biinemu erangi zitarikushushana aha n'ahabwekyo ahabw'ekyererezi kye kirikuruga omu bicu kyareetera amaizi kahindura erangi
ID_IYUHC,nindeeba esefuriya efundikirwe na ntaahi yaayo eteteekire aha mahega omwika nigutumuuka omu mahega hariho ebiti birambire aho bingi nihandeebekire kuba hariyo ahagati y'ekibira
ID_IYYXH,engwe ebyami aha kiti kandi eribatsire ah'itaagi ry'omuti egi ngwe eine ebibara birikwiragura hamwe n'ebya kitaka kandi n'ebya mutare ahaiguru yaayo oba seeri hariyo agandi mataagi nangwa n'amababi ga kinyaatsi
ID_IZLQZ,bumatongo obuba bureeye humeeza bweesi barambisa huukolabi bindu bye baahasibyehu kwara humaruni muumiro baareeye huni hawayaheene heesi barambisa hubyongaka neyo baaraka by' enjawulo atw era baamisa mu keesi balikuukana neyo aakira baahasi baabikula nga byabonekere buulayi
ID_IZSGT,kano kameetsi kamakali naabi nga hundulo uliho kamabaale ne ng'omuntu mutwera waasunire mu meetsi ni hataasa hali mu langi ebbulu ni bubese mu ne nga kalimu khintu khibwa nga akakwesa wafaaniro li kuwamba tsinyeeni
ID_IZXSJ,omusaani weehaaleho pikipiki epiki piki embethen ali fuutira hundulo olifo kamadduuka hundulo hoye kamadduuka n'eyinnyuma eriyo biisaala huulira na biisaala waliwo iitu ikindi
ID_IZYAC,abantu bashatu bajwaire emyenda erikwiragura kandi omwe akwaitse ashutami omu kagaari k'abarema bari aha rubaju rw'enyanja eshagatirwe akago nibagyezaho okuteeka amarobo gaabo omu nyanja mbaho bakakwata ebyenyanja
ID_JAEXJ,babantu bafuka kibeezibekyeoluguudo ne kikimotoka weene ewo oluguudo lw'awuliremu kimande kibiri iddala kiwutaawo ekende kiwutaawo nebirangusi wayo iriwo layiti omu kkali
ID_JAGED,inipi jokene ti ie kakwang jokene ti akar woo jokene ochuni doge aneno jomati pi jokene beraberamor kiwawo
ID_JAMEO,empundu eshutami ahagati y'ekishaka eri omu rangi erikwiragura neeranzya ahaiguru kandi n'obwire bw'eihangwe
ID_JBACC,nindeeba omu kishano eki alimu empundu bwe ne empunde egi eyi ne erangi yali kwiragula kandi ne ya mutale omu miisho ne ekekwasire omu ngalo kandi n'era nsi ayiigulu
ID_JBBHL,poto malac adida ma kipito iye cam cam man tye ka dongo marom rom dok tye ka dongo ki yot kom adida ma potgi tye ma grin dok tye malac adida cam man kingi tye mading kun i bor piny iteng poto man tye yadi ma odongo maboco lamal ma gujanyo ma tye bunga
ID_JBCRX,atye ka neno lutino aryo ma gitye ka wot i yo i wang yo ma gitye ka wot iyeni itwoke tungcel tye iye bunga ki toke tungcel tye bunga lutino aryo enoni gitye ka wot ma kun gugwoko ngutgi
ID_JBJDE,nyako ma owero wange makwar owero doge makwar wiye wi tye madit omako gin acama ma tye ka wil ki kama kicato iye jami ki oruko jaket madit i kome okulo wiye piny tye ka bunyo
ID_JBQMX,ekicuncu kibyami aha itaka kiine erangi ya kitaka nikireeba sayidi eya kuriya kibyami aha bunyaatsi bw'erangi ya kitaka kiine amatu g'erangi ya kitaka nana enyindo zirikwiragura aha munwa gwayo hariho obwoya burikwera
ID_JCQUK,omushiija ayemeriire ahalabazi lwa kaato akaato kalumuo kali ahankungu kandi obutimba gukobaako verege kali ahankungu y'ennyanja
ID_JDBRR,eggi n'ettawoni obwire ninya ekiro kandi omutawoni egi kalimu amataala agalukwaka abantu bali yo ne bakola kandi n'emmotoka zeemeriire oba zipaakingiri
ID_JDTNJ,ot tie mabo bene kikaro kabul yuki inyim me kabulyuki itie gi ariyo oti kiwer gi range mayielo bene ki rang'e magre ot eni cheli gi ati gam kwan nyo kamo kama dang gworeye
ID_JEORE,latin man oruko bongo makwar coc tye ingeye coc matar ma kicoyo i ngeye ki cayo acel acel acel oilo cinge malo ma kala ka ma en ti ocung iyeni
ID_JEYKY,nindeeba edduuka akatale akatale ahandikira mu eshaho ebizwaro ebitenge n'akatale kalimu ebintu ebizwaro ebitenge eshaho na ne ba aha mmeeza aliwo ebitenge
ID_JEZLO,embunommasi ahayaya bulitinyanyi wamamukunda wammemera omwana nga lesiteeyasimmali wabyenu litune lyessiswayil
ID_JFJDP,abantu babiri b'eemire baayombeka ssittindiro syaniina o noesindiisireko kama ddaala kali nga karraano babandi beebotookerere ne babemira ebweni kola essaatiiwanga iv'esitiimali baakwarereni embala emali n'essaawa eriku mukono okundi etiikyaatiiwanga lung'laloosi lwabunamu olomumali babandi bemuri atalin' ssaatikimbesemu
ID_JFMIY,nyig kic mapol nyig kic man gugure kacel dok gupokke tye kabedo aryo kun tye nyig ki lawotgi acel ma tye ka kubo kingi kabedo man ma en okubo bwome ocito ibwom lawote me dul acel ka kubo tyene ocito lawote muken
ID_JFNQJ,emmotoka eziri kiki n'eramuzo iramizeeri lyombekire kulungi kandi lyo na lishemiire omu mayisho giba iramizeeri lyeetoolziibwe ebimera ebirukulebuka kulungi kandi iramuzeeri zi kira ku sanga no zikozesebwa ab'eddiini y'obusalaamu
ID_JGSWI,omutwe gw'omuntu gu alikwiragula gujwekire anyindo ye nzaye ajwekireho akakookolo
ID_JHQOH,omusiija ayemeriire ekintu kyombekire n'amatafaali kandi aliwo ekyuma ekyemeriire omushiija ayekwasira mu nsawu n'aleeba omu miizi g'ennyanja ali ebinyonyi bingi ebiriyo ne biguruka ayiguruyo ennyanja
ID_JHWMB,man cal yadi ma kipito cal kalatuc ma kipito mukene otwoo mukene pud pu otwo gitye ma ibo ogure kacel yo mon eni okato ki itere matidi en
ID_JIBME,cal ot gurofa ma kicweyo tye i teng gudi gudi man kono tye kiketo kigengo ki nyonyo mo ma orine ocito atir gurofa man wiye tye makwar i ngete tye tang pii ma plastik macol ki dong yat acel tye ma otwi ma tye inge cel ma olworo gang man
ID_JJCXW,inguke eyaakonera emu bisaala amalaayo aboneho anaeriire kamasaafu keku busokyabuuli simbi koosi kinguke ekino kiteraho lya kamasaafu ne kamatunda aka kaanyoolekana mu sisaali
ID_JJIMS,aneno yati ma okace matek adada idye bunga bunga ni ki itere ki pii ki iwiye malo tye yadi keken yadi enoni okace tye ku kuto ki tol tol yen ki itere piny tye otit
ID_JJNHS,waliyo simmenke ssikonere mu bunyansi bwe muyiswa nga simmenke zino ziri kuba kawo okuwummula sibimenke zino zitera kumenya muyiswa bunyansi nga kirya bintu biba muyiswa nga bunyansi bulala n'ebintu bindi biva muyiswa
ID_JJVEO,bibindu biikali biri mu pakisi abikamanyika aneta bimiriyu biri mooli kingaato ye mulangi imbese irangi imali bikamanyikaane
ID_JKANX,eni gudi i kare me oro ma ceng ryeny otwo bene lum ki teng gudi yo weng kwede bene kitye ka wango lum ma otwoo ki teng kudi ni bene dano mo jo mo to odode ki pikipiki ki i di kenyo apuwa bene tye omako piny pien obedo oro
ID_JKMZU,omundu waakwalire emasiki weehaale mu ndebe waakalire kamahono atwera waakwaalire zingubo ziimali babandu babandi beehaale ibweni were baamuloleereere
ID_JKRGI,atye ka neno dyangi madwong ma gitye wot i guciko gudi atir ki dano be aryo ma tye i ngeye i dyangi ni dyangi gitye oput di gudi atir teng yo ni weng tye yadi ki lum ki angec ka atye ka neno odi mutoka mucung
ID_JLEYZ,acucu me pii ma tye ka mol ki kero adida kun woto ki pyete i wi wi cere pii man tye pii me nam kun i dog pii man tye bunga ma yadine gudongo ma ojany adida dok kingi tye macok kun tye ka nen ma grin
ID_JMXCG,kisaali ky'e gimisaala misaala migalli gy'osizzana gifaana nga liito mu kisaali muno mulimu enzira ibitira mu enzira eddambiiti ikubita mu kisaali muno emisaala gyayippa nga kumu giri konyene konyene konyene gya leeya
ID_JMYTF,man ot cat macok ki dog gudi ot ma ododo adoda ma kiwero bute mukene ma yelo mukene makwar ki dong dyang macol ma kome opoko matartar tye ka wot dok cing
ID_JMZUE,eizooba nirirengarenga yateera aha mutwe gw'amaizi aha mutwe gw'amaizi hagira erangi erikwenda kutukura nka eri ahaiguru aha eizooba
ID_JNIKU,kinsu kibiri kyeriiroba tsiinonge zibonekana kuba tsiihale naabi era babimbaho ndwera n'ibuunyaasi hungaaki ikindi iriho kamabaati k'amahale syanduloosyo ekinzu kino iriyo bisaala bibiiri biireeyi
ID_JOBSW,ku muhono kw'omusawu kwasitire kirekeeresa munda kibimba muolu ne kumuhono kwewe kuliho kibimba kamatere ngahapimo mundu
ID_JOHTE,birimu ebya byali bwa bulayi bya ppini bwa bulayi enyuma eriyo liyitira eririmu kimisaala kimikali ate ekimuli eyina kimiboofu eriyo ka mufumbi aka afaanana nga ana mu fweri
ID_JPZQQ,man yeya ma ketogi ketogi i dog nam rangine tye ma oteko bedo apol apol matar ki dong mukene nen coc tye i komgi ma acel macok ma nen tye coc ma kicoyo acel adek aboro nen ki doo aryo
ID_JQCHA,egaari baakipangireho k'amatoore k'amawangafu nga kamalala baapangire khu ndulo baaleere mu bisawu kakandi baapangire khu ndebe inyuma baakabweyire ni kimisipi amala baakiimisire ku lukuudo
ID_JQUKT,atye ka neno cal aketa me uganda kit ma kimako kwede tye ka neno ni cal man maleng adada
ID_JQZNO,babandu bali khu bikaali byawe byeshibaabasa by'e shitsifalaasa tsikhwesa bikaali bino basutiirekho kameetsi kimipiira kimikali iri khutimira ku lukuudo olwo koolaasi beemireko na bokundulo ni tsimotokha tiriko tsiri khutimirako ku lukuudo olwo
ID_JREXH,mutoka ma tye i yo yo ma mutoka tye iyeni yo marac adada yo ma kiyubo ngom mutoka ni dong cok poto mutoka ma otingo yec ki teno atena dong ki yen wek pe opoti gitye kuro cwiny ka yaka okati
ID_JRIFI,siimuli siiboofu sibalaayi hasikendebwaho ni inzuhi akariesi esiimmuli sino era akariano waliwo siimuli sya syeri mukala yayero inzuki yaleeremookumuna mu mu simuli akariana
ID_JRMGS,embogo mpango nyingi nizitambura mpora mpora omu irisizo riine akanyaatsi kagufu kandi komire enyuma hariyo ebiti biraingwa bihango n'omushana guriyo nigwija nari nigushuma nikimanyisa nigusheesha nari nibwira
ID_JRQFK,kinguke ketikyalisa luguudo luguudo lw'eriroba ku lwande neriwande kuliko bulunyansinizissaala kinguke tiri kitavu nwe undulouulwande kutoera kulio w kuliko usiisi
ID_JSOGU,nindeeba engufiye z'abaseraamu ziri aha mukeeka zino kkalaazi zinne langi emwe ebiri zi ne langi eriko era alimu ne langi ye kusana ey'omuceere endiizo eri ku kukula
ID_JSOOS,man eni pii idog nam dok nam malac ma godi godi omane malac i tenge dong neno dano ma acel tye iye atye ka yuto rec yot acel ma oilo maromo
ID_JSRFF,omwala omuhango guyina omusenyi mulungi aliwo amaato mingi na n'olugo wombekere omunda alimu amaju g'abantu ba kutuulamusseeri aliwo emisozi
ID_JSSMH,hariho abakasi beboyire bujoji mumiro omurara amemire omwana omu mabega baatu bariho bagari
ID_JSWDH,musifaanisi n'omulimu eggaali era nga eggaali lino oba buyireho kamatoole kamakale era nga baakiimisire awohungira era nga hungira kuno kuli kweri luba busa
ID_JTVLT,omushaho ajwire essaati ekkooti akwasire essimu omu ngalo ayina ekyoma eky'oku ebeera bali
ID_JUEMW,nyig kic mapol nyig kic man mukene tye ka kati woko ka acel mo tye ka tuk kun mito donyo iye kun gin gitye ka kato dok gitye ka donyo ki dog bong mo ma kiweko ma tye malac
ID_JUICR,omushaija orikwiragura ashutami aha ntebe ajwaire eshweta ya mutare n'empare erikwiragura akwatsire aha kyoma ekirikuruka eshweta omu maisho gaakyo hariho ehuuzi kandi aha kyoma ekyo hariho makaasi
ID_JUKOH,dano mugungu agunga kun en tye ka rego en omako nyig kidi ka tye ka rego gino mo ma tye ka kati moko i wi kidi kun bene kidi man kiketo i kabedo mo ma otal ma nen tye i ot jami ma kirego ni tye ka ony piny i kicaa mo ma kiyaro ite kidi rego man
ID_JUVNX,ot madit ma kicoyo i nyimme ni ento tic cing acel tye ot bati madit matoka ki pa ki i nyime matoka adek ma acel matar tar dano mucung inyim tye yat bene tye matidi atura inyim
ID_JVBRG,i kisi ka kisiko emire naye nga kale kaliko mo oyo ga bulawuni ne mu esi na buwa nga kaali azinze ga ng'ate ga ziri ku ma kutu ka emirala bunyaasi bunyaasi bwe ne buli obu bunyiipi edda ali ene bisaala biri gaayo naye nga ko ebiri biri ebisalabiriabyayoomaganayenganibunyaasinigimistu gyabonekeera edda ayi ene naye nga awa ne buwa nga buli w'esu ka kisiko ene ka emire
ID_JVJPE,yino omusooleri waakwalira essaati ya skueya eri ya brauni n'e bubulu bwe aleeyi wakwalira emasikimali wamala littune lyewe baali boluraka mubunaabuyu butwisiti
ID_JVMXY,mon tye ka rubo lobo me goyo matafali ingetgi laco acel tye ka gero ngom me tongo lobo en me rubo matafalini ki dong ngat acel ki i kin mon tye ka onyo pii i pipa inget ot ka ma gin gitye iye ni dano aryo laditi latin gitye ka bino ka ma gin gitye ka rubo iye loboni
ID_JXHEL,katale ezingubo ze esi basungire kwikitiini kwabawo bitengi ne ka masaati ka malayi emwabamu n'ebikwariso by'ezingubo
ID_JXIUU,omwishiki ariyo nacunda nayikondo nereeta amaizi ebidomora omu maisho bataire orunyiriri enyima yaabo hariyo akagari kemirizebwe n'omuti muhango emisiri y'abantu
ID_JYJVY,mu kifo eki mulimu tihima tihima ekiti ŋŋana era tirihutimira asiho bunyansi mu kifo omu mulimu ne nzira mulimu ne bisaala biholu kifo eki kirimu ne ebiri byekamake inyuma bisaala biri wo bi kali
ID_JYUCU,man laco acel ma ocung iteng pii cok cok ki yeya mege iye omako bwo lamak rec ki dong yeya man tye ki tang me mo ma ngweco angweca kwede
ID_JZFXM,bano ombekazinzungakalikung'agikuezinzubalibaaseza banne ze ne baagombekera amatafaali aliwo ne kisala ne bisaala biri biri dda ani ne masannyalaze wayazagga masanyazi
ID_JZPEA,maayi yubo e kitambaala ku mutwe abeera omwana ku mugongo niraesu yeewe naye ey'omu ene ebeera era esi ama kumu ono ali liita akaali atusire mu bukyafu abuusire alikugana ku ku buyoolawo abusiiririire mu ene asitamiri
ID_JZYAW,busaala buli eyi buliko bumuli bwenzi langi zi ngali inzuki eriko bupapa ye langi emmali y'abamoni buwa nga ki kwonoona kwama mu kimuli
ID_KADSD,cal eni kinyuto cal laco munu ma obedo tye ki kompiuta ma mege tye ka tic kwede dako mo bedo calo ocung ki ingete ma cinge ki kenyo nen mako lac ki ot man nen calo gin ma tye opic laco ma tye ka tic ki kompiuta
ID_KAPVI,bibyamba ku bi gali naye nga bisinga bu gali byonna bya kalina ano amaaso aliwo kizimbe kirindi kiriko mabaati mabesemu ba kibakako erangi imbesemu nga si aliwo zi mmotoka ze ngali
ID_KCAFE,dako ma oruko bongo labade bor kun tye ka tic ki macin ma kilwongo ni kompita ni dako eni kono ti tic ki macin eni i col piny en kom oruko ocamo ngenyo matar yubo me ki doge
ID_KCCXV,bibyombehe hulusha huliko kamanda manda kano ne bakakulisa ne babandu beihaale ehufa omu ne babaana baateni beemihire ne kamatoore bakaleeyeewo
ID_KCENP,esaaya kya musana bantu bakwisa masowaani ne batunga kya musana na n'abaana bonna n'abaana balya kulya batunga kya musana
ID_KCFGJ,awo kino kimotoka kiroole kiyimikireanze essaawa ze gumu si mu mu gwa kasire mu maaso waliyo enzu ye laawundi eriko buwa nga mabaati ga guliini ne gi midaala ne ga madaala
ID_KCQBZ,dano abicel tye i nam dano abic gitelo yo kun gu kube akuba dano mogo ma woko ma ki piki nam ki omako odo dano ni gitye ka yuto rec
ID_KCVZE,nindeeba omuhanda gumwe gubaganisiremu ebiri nindeebayo emiti mingi n'akanyaatsi kateriire nindeebaho ekikuumi ky'eiteka yaabo
ID_KCXTT,yuno ali omukelema uwambile kamakono keewe wareere ku shaalaani ne kundule khoeshyaalaani kuliko ibbulangeti ne mukerema ukundi naye wemikhili
ID_KCYDV,ekimuli eky'erangi eya kinekye ahagati kirina ebala eri kiragla eriri kiragala lirimu obubala obu kye buko bwa kinekye enjoki eri ahagati omu langi ekiraga anaaba
ID_KDMBC,muliro gukwadubuka mu kisaali ku
ID_KDQII,ekishugi narishiishwa rikakwatwa omuriro ryatsya rikaba ryainemu ebinyaatsi ebyabaire byomire byiine erangi eya kitaka byona bikatsya byatsirira byahindukamu erangi erikwiragura omu maisho hakirimu omuriro ebimwe tibyakahiire
ID_KEFMP,cal ene tye ka nyuto lee tim ma obedo tye ki lak yat onyo i jang yat ma tye ka yenyo gin acama onyo obedo tye ka yweyo kama yadi madwong gin ogure iye onyo i dye bunga lee tim eni kilwongo ni abim
ID_KEJFZ,abantu bali mu kisaawe baliko busonamung'akyefundolofokisaawe eriko ka masomero kasembuule wa red nga kya buno ne luli eggulu liriko buwa nga ne bwa bulaaka
ID_KETWL,eriyo babandu eriihumi na bane nga baakwalira eksikoofiiro baasangaalire baasutire k'imikono gyaabwe babandika bampaka mu nkono beeboyira ekisaasa baakwalire ekingubo kifaanana nga habarina baasangaalire
ID_KFAYM,dano nongo reto ngat ma nongo e kono gu man ma lwongo ni latwo dong latwo ka ma nongo e mono mito kony daktari gitye ka tic i kom latwo daktari kono pe gimito ni two maki ruko roc i cingi me gi otwo kope i komgi bene
ID_KFIAB,nindeeba omutsigazi muto ajwaire esaati erikutukura ayemereize omukono ari omu mwanya gw'ekishaayi ekishaayi ekitarimu binyaatsi kandi obuseeri bwabyo bwakyo hariyo ekisiika
ID_KFJIW,kitye ka ngolo yat ki gin langol yat kun laco eni ma kore nono ni tye ngolo yat man kun en tye ma okule piny kun en tye idi bunga enini ma lum dwong matek ki tee ni kun yadi man tye ma koo gitino tino ento ki dongo atir
ID_KGAFW,empundu eri omu rangi erikwiragura eriyo nerya ekijuma kandi ahu eri erotami eri omu mwanya ogurimu ebinyaatsi bingi empundu egi nerebeka kuba ekwaitse ekijuma ekindi omu mukono ogundi
ID_KGISS,nhambonum hasudea haranga varuka matore varomzani belli kudora kunyanzva kwematore kuruwanyi
ID_KGULA,omushaija ajwire masiki y'erangi erikwiragura omushaija ajwaire esaati y'emikono miraingwa aine enshaho omushaija aine eishokye ryine erangi erikwiragura omushaija aine amaisho mahango aga
ID_KGUZX,abaana b'eishomero babaishiki n'aboojo bashutami omu ntebe omu bibiina byabo biine obucumu omu ngaro n'ebitabo byabo aha meeza zaabo ezi barikuhandikiraho bamwe bakomire eishokye abandi bategire
ID_KHKNR,eryato rikye ry'ekiti riri aha mwaro rwine omusheenyi aha rubaju hariho enyanja eine amaizi marungi abantu bemereire aha mwaro nibatereza akatemba k'ebyenyanja omu mwanya harimu ebinyonyi ebiriyo nibiguruka
ID_KJEPL,n'ekibera kingi mu nonga kirimwe emiti etari kusushana kandi orubazo rumwe orwabu mmosho naharaabamu na n'umuhanda kandi arubazo rw'umuhanda hariho ebinyansi bibise
ID_KJNMQ,ngat acel tye ma idi nam en tye ka yuto rec ki goli en ocung iyeya winyo tye kwang i pii
ID_KJOHS,ennyamiisa mpango eri kutiinisa eri omu ksaka omuiruma baagiteera mutooki eyakangalana eyimusi ebyisiya byayo emuna ereeba okutookiyemkoluga enyamiiso egi n'etuula omu kiaka
ID_KJSQB,emmotoka ye basirikale nga yeemihirehu lukuudo basirikale baala ba bakwaruretsi ng'osa madwado abeekaaleho mutweera we babiri beenyuhireho mutwera w'emiraaw'aambire emundu obatali kumueneraale eyukundu wetierire ku motoka
ID_KKGZL,ebinyoobwa ebiteekere empogola biri essowaani kandi otuzuma tuki tutondwire biri ameeza eyibalukire eyina n'amabala
ID_KKNQO,dano mapol ma gin gugure i ot mo malac ma bedo calo tye ka myel tye jo aryo ngat acel obedo abeda ka tye ka wot ki gono bul ki ngat acel obedo i kom plastik ma ingete tye radio mo madit me tuko ee
ID_KKTZE,enyamaishwa nyingi munonga zete ente ziri omu eishwa oba omu eirisizo zaryo zikwaitse niziryaayo ebinyaatsi ezi nte ziri omu mabara nka aga kikara hamwe na mutare kandi ziherereirwe emiti nyamwingi eri seeri y'ezi nte
ID_KKZLX,abaana b'eishomero babiri bajwaire za yunifoomu omwojo nana omwishiki omwojo ahekire ebaga ariyo naranzya enyima kandi nana omwishiki ariyo nasindiika egaari bariyo nibatambura omu ruguuto rw'eitaka aha rubaju rwabo hariho nana emiti
ID_KLCNG,ekyombeko kihango kandi kiraingwa kishakaize amabaati garikutukura aha rubaju rwakyo hariho emiti mihango ekyombeko eki nikishushana ekyombeko ekiri omu myanya y'eby'obutegyeki
ID_KLMXR,mu kirimba mu khirimba mulimo bisaala laabyeekamasaanyalaaze biitima birikuutima sipikipikino ekimmotoka kiisaala kirimo maavuuliiriwo sumuuni haalemumu asaakukenda babanu baakenda uramba
ID_KLOGC,omusiiza akwise ekiibo kandi ekiba eki ki ne langi eya bbululu wamu ene ya mutale kandi ne yakineke omukibo kiizwiremuomwani kandi omwani ogugoomire
ID_KMHTI,aneno lutino kwan aryo ma gitye ka lubo gudi malac kor bongogi tye matar dok aneno opye bongogi tye ma obedo kaki kaki yo man malac aneno yen ma kipito lobo teng yo man ryo ryo dok aneno lutino kwan mukene ma gitye nen ka nyim ka mabor
ID_KMZDW,eni ti nam madit tye ceng tye i poto ma nyuto ni tye otyeno dano tye ka mako rec
ID_KNBRG,co aryo ma olunyo korgi gitye ka cero yeya acel cero ki tungi ki acel cero ki tung kwica yeya woto ka kicero ka gik cerone omito cungu pii nam man dit kun pe ka mol ocung mot
ID_KNPDU,sino siri simuli siri mu owayero wammoneebwa red akkalibesimuli ulimu enzohe irikusuusuuna buunulu buuli mu kimuli
ID_KNPRG,kihaafu kisaleya kindika kiisi balanga bali tye ankole kiri kukendera ku nzira omwayi watso ali kukirondaho okwama enyuma w'ekihaafu ekiiti
ID_KOIOM,lee opego ma oloto dog ume ki i kin bao kun bao man kiguro ka kiyubo ki ot opego man ma kitye ka gwoko en iyeni dok ot man itenge tye ot ma kicweyo acweya ki matafali ki daba ma kome nen oloke o
ID_KOMYE,cal man tye ka nyuto cal mego acel ma en tye idi poto dok tye inget yat acuga acuga tye ka neno anyime acuga makwar tye madong gucek woko ento ma pudi neno tye alum alum pud pe gucek mego man oboyo wiye ki gin labo wic makwar
ID_KOXJE,eze nendeeba eri ennyanza mpango ahalubazi lwa ennyanza ayemerire omusiija ayina akasaati ku mukwera k'emikono mugufu omusiija aha lubazi lwe ayina obwato mulimu emuguggo ya basa abaana
ID_KPDAI,laco acel ma oruko kor cati labade bor ma ongolo ngolo en omako papai ma dong oceko i cinge kun papai man kingolo doge ka kome bene tye mo ogiro gire ma owanne dok en ocung i dyang kal mo ma tye ma otal labongo ki lum mo keken
ID_KPDKG,nindeeba omwanya muhango guli mu bushatabiri mu bintu ndaba n'omusijanindeben'omushiijainoenk'akatomungalo kandi ne asa kaali ha mmazi ana n'ezo bali ne ne ereeta na nku kulya alyonkai kizoba kirina kireetana
ID_KPKRL,biseera ebiri bye kumuusi abantu bali mu katale ba kutunda kinyaanya ba kutunda ebintu bingi ku mu mu kwa hasire babwereeka mata ndala ku higibirisakumumukosiebintubyaibesibalikuutunda ebisabiraakwonekata
ID_KQGQI,aneno idye tim dok aneno wi nya aryo ma ginen ma bulu dogi man col tung nyimgi nen tartar gucungi wi yen mo ma okule orye i wi lum
ID_KQIRX,atye ka neno laco ma oruko kor bongo ma kalane bedo waci blue ma oruko tiko ki yako tol bene tye ma obedo kwede ka ngete obedo oruko gite aa bene nongo cal pa li ento bedo nyuto wange pe dong nya i kit i kom en
ID_KQLPV,aliwo emmotoka bibiri kimwe eky'erangi ya bbululu kiriyo ne kisuka ettaka omu luguuto n'ekindi kimotoka ekisala oluguuto kiri omu maaso gaakyo ne kitereeza ettaka eri kusika ekimotoka eky'erangi ya bbululu
ID_KQPET,abantu kamatoore kumuumu koshele omulala weehaale hupikipiki isibaweyeraho kamatoore ukundi weewambirewa mulala waewambire kakandi hukari abandi beehaalaazi
ID_KQVCK,aneno laco dano madwong ki laco icel kine omako bandera ma kicoyo ni wiye ki coyo makwar co ce kwar en cere namo
ID_KRXVV,omushaija ari aha rubaju rw'omuhanda naasindika egaari omushaija ajwaire engoye z'amabara n'akakofiira karikutukura enyima yeeye hariyo abandi bantu bashatu babiri nibatambura omukazi ayemereire
ID_KSJHV,abaana bashatu b'emyaka erikwenda kwinganayingana omwe ajwaire tishati y'erangi eya bururu akwaitse kamera ayorekyereire kuteera ekishushani kandi nihareebeka kuba hariho omushana mwingi munonga
ID_KSKDF,zinzofu zi biri zi zaawangala endala eriko masanga gi ndi mpaawo endala yawambire muno yateere mu mu ezi gundi yawambire ekigere kino yateere mu mu ezi yawambire muno eku nnyama ezi ne nga zaanetta migga nene nga mu mu gwa kasire gwa gokere ku endala biri giri gundi gundi yokere kw'emunwa
ID_KTTFP,umuzigiti muhango munonga murabazo rwago hari muwe emiti kandi arimu nina ebizimbe byindi bingi umuzigiti ugu guri umu ruremboruhango rrumu n'ebizimbe bya kanyuna
ID_KUYFX,enkyende ebiri ziri omulangi ya kigaju nangwa nahamisho ziri kwiragula zirina emikiro ya miringwa ziti zisitamiahansinseeriyaazo hakwise aliyo emiti nangwa naganda mababi g'emiti gali omulangi ya kinyansi
ID_KVKJJ,latin kwan tye ka pwonyo luwedigi en tye ka tic ki coka me coc i kor bulakbod tye bene ka tic ki ka lita ki buk me pwonyo luwedigi en tye ka pwonyo luwedigi ki cemeti latin kwan man oruko bongo maleng dok bene ocung bongone maber
ID_KVPBC,omusaani wubayire kamatoolehugaari kaakasindiha habirrahundulo kweluguudu lwataayi bantu bali kaawoonisi motohaano ebibyombeho ebiikali ne kimisaala ky'e kamasaanyalazi kiriwo nekimisaala kikindi
ID_KVTBP,pii macol tye ka mol yugi tye ka ngete yugi tye ka nget ot acel ma wiye pe kiguro ot acel madit tye wiye kiguro ki bati ma gurin ngat acel ocung ka nget ot enoni en oruko kor bongo ma papol ki pyere ma blu
ID_KXWYJ,enju ekuzire ey'ebiti eine ebiseeka bihomborokire n'amabaati gakuzire enyuma yaayo hariyo ekihoronio nakyo kikuzire eky'amatafaari kandi enyuma yaayo ekihoronio ekyo nibatayo kasasiro buzima haro bufakiire munonga
ID_KYGQZ,bano baasaanyi babiri buli muunu wo emehireho mulyango kwewe ulana ono wakwalira embala emali wambi rimu nŋono ddi ku mushingaezingubo kaawe baakwalire bukooti baalekere etsinda saawe ebulafu tinda awe ebulafu
ID_KYLEM,bava omusaanyi mutwera n'omukasi mutwera baasitira ebibendu omukasi waasitira ebbaaga emmali wakwalire ingaofu era emmali b'oki bali kukenda balola lwangaaki isi bali kutya waliyoba baana batalu
ID_KYOCN,bitambaala birimo kikalaaki nga li kinyene babibiikire asi lobitambaala waliyo byekala embese mu bimali biwanga
ID_KYOVM,abiiki basatu beekoliire ebbaafu zoloho omusenyi bagono batambula ebigere no bagenda mmaso
ID_KYXYN,aha hariho obufuuha bubiri ahagati y'obufuuha hariyo omuti gurungi gw'ekikindo kandi ahansi aha rubaju rw'ako kafuuha hariho abeereere babiri aha rubaju rwabo hariho ekidoomora kandi aha rubaju hariho embuzi akaana k'embuzi kariyo nikaza kukwata ahansi
ID_KZOMS,musifaananyi ssino waliyo siifo ng'afufaanaanu waliyo yi traini iri kukendera kuutirairwa e layinizi nga yino esutte abantu n'ebigugu byabwekwamaahundu yabayirahundafundi yennyuma waliyo engeri esingingi n'ebiyi birabya ebiriikimitti yennyuma yitaayi
ID_KZTHZ,bunyaasi zinzu emisaala batu bali kulima bidomola ba kasiba nti ba kuddayo amazzi kamwa mu ppipa
ID_KZVSA,ekiri n'ekikungu kyemereire mu mbuga omu maiso gaakyo harimu ekifuuha ky'enju y'ebinyansi aharubaju hariho orukomera rukorise ebinyansi kandi obuseere hariyo emiti na mukono buryo hariho muti gumwe muhango guli ahiiguri y'ekikomera
ID_LAMRJ,i cal enini atye ka neno laco acel tye ka wot iyo ma oroyo icinge jeba co dek gitye ka yubo yo ma acel omako ceri oruko obeo ma blue gam boda i tyene otok i wiye lawot acel bene oruko otok i wiye ogungo agunga lawot acel bene ogungo agunga ki dok inget acel otingo dano ki pikipiki tye ka ngwec kwede idye yo
ID_LATQC,ekisusani ne kyereka enju ziri ahagati y'emiti n'ensozi aliyo omuhanda gwitaka gu kulaba omu miti egyo ayi ggulu ne eggulu erya langi ya kasendahamwenamutale
ID_LAYIS,isuniya isuniyay ne bateerako sumbuusa ne manda azina yaliko nikambakamba ne nga byakiire bulayi babi kalangi ebya kiiri bulayi byamiriiye ne ng'essomo ye n'embalaayi ne nga buwa nga bwamulikiye ku ku kusuniya ku enene ku bye si ba kalangi li biri kusuniya ku ene
ID_LBEBD,mutoka madwong kicibo ki ocung mot kine dano madwong tye ka wot odi mado tye ka nen ki tenge ot matino bene tye ka nen
ID_LBETJ,enini tye ki bandera me kabedo mapat pat me nam acel tye kala makwar tar col me nam aryo tye kala macol kwar yelo me nam adek kono tye col tar kwar tye bandera me kabedo mapat pat
ID_LBUMH,abaana babiri nga omulala waambira eluwimbo balikwayissa tsingaafu hulukyeewa oba mu bunyansi ate nga shandrondro eriyo bissaala
ID_LCLYK,aba baana baasinde ne ba akaana bali ku za kuireegero bandi baasugira ebitabo mu buveera bandi bagwatira yunifoomu lya bbulu bandi balimu zingubo zaabwe eza bulijjo
ID_LDOCV,ni donati eri aha rubaju eri aha mutwe gw'ekipapura aha rubaju rwayo hariho ekikopo kiine erangi ibiri eya kaaki nana eya mutare omunda kandi kiine orugaga rwa buru
ID_LDODT,cal man tye ka nyuto cal lela ma kicibo i teng yo dok lela man otingo labolo mapek lela man otingo labolo dok kijengo ajinga ki lot labolo mukene kipiko piro ento gin weng kitweyogi ki adida
ID_LEBKP,khaakuudo nga khabirira khaamalamu khabiriraawo shimbi ni biirimwa iryo ku musiru ku muleeyi ng'aluwande iryo khaaceewa yaabawo ni busaala bulikundulo khwe lukuudu inyuma ayo ilyo lukinji
ID_LEEHA,i cal man atye ka neno lee amuka ma acel obuto abuta acel omito teno wiye i kom lawote acel oloko wiye odok tung kama yen maboco ocung iye yen man kalagi obedo alum alum ki dong kama gin obuto iye tye lum ma obedo alum alum
ID_LELDW,lutino awobi angwen gitye i bar me gweyo di gitye ka ngwec itenge tye lutino matitino ma gucung odi nen waya ma kimoyo iye bongi bene anen yadi ma tye i odi bene tye ka nen
ID_LFAYF,man gang kanica ka lega madit ma ot tye tye ot adoda ki dong yen ki yadi tye iye ma kipito ka mapatpat
ID_LGNZV,enju eyeetooloizibwe ekikaali endiijo teyeetooloizibwe ekikaali emitumba egirihihi ttanka erihihi n'enju ennyuma y'enju aliyo omuti amazu galihihi n'ebinyansi ebinyansi birihihi n'oluguto oluguuto lwene omucucu turutiire ku olwa nsi
ID_LGWTO,lapur aryo ma gitye i wi yat acel obuto abuta i jang yat acel tye obedo abeda dok yate tye ma kine okade adada
ID_LHXTF,babaana basomi beehaale mu sibiina kabasoma biyitavu ukundi w'emihire enyuma waabwe wakwalire hakookolo
ID_LIFKW,obwire n'obw'omwibazyo hariho oruhanga hariho eihamba rikwataine ririmu ebiti bigufu by'amataki mingi
ID_LJEZT,omu kishushani eki nindeebamu omutsigazi omutsigazi ogu aine ente nyingi aziri enyuma ariyo omu muhanda kandi omu maisho geye nindeebamu enju ibiri hamwe n'ekikondo ky'amashanyarazi ninteekateeka ngu omutsigazi ogu ariyo naaza kuriisa
ID_LJPMZ,kibira kiba ofunaabi era nga kibeera kino kibone buli naabi kuba nga kirimu bisaala bi kkalina bi bya ka lituusi ebirala eya naabi era nga mu kibira kino mulimu obuguudo bubiri bufiiti obukenderamu mu kibira kino
ID_LJTQG,omuntu omumali ng'omuntu oyo agaliyo essaati nga kimiho n'akifumbiremuerang'awambiireekicyapati ng'akalangiiremu liiki ng'ali emu ne kimbonga ne kinyaanya ng'aliko kifumbafumba ng'ate okuwa omuntu kikulire era nga waliyo n'eri dduuka eri kulissa ebintu eriri ennyuma omusiisi oyo
ID_LJVCW,bantu baddatu nga mulimu omwana omugeeke kkwatirako okufiira a mbiri ninyeeni mu abamu n'omukazi agwatira empale nnyimpi essaawa omukono n'omuseza n'agwatira eppalinyimpi essaati mmuli asiiga lubaga ludda ayina ennyange
ID_LKJUS,labolo ma kitweyo i te lela labolo ma kitweyo ki te lela lela ni kijengo ki tal kitweyo wa ki tweyo wa bongo i kome
ID_LKRDX,egi n'enjubu eri omu maizi aha mutwe gw'enjubu egi hariho akanyonyi k'okwiragura omu rangi kandi enjubu egi ahaiguru etsigireho omunwa gwonka ebicweka ebindi biri omu maizi
ID_LKWZO,omuntu ali aha kaato k'ebiti ayemeriire ekanda kaato kali aha miizi ayineho ebyokulya ebingi ebibisi ayineho wotameroni emiyembe nana ebindi kandi aha lubazu lwa kaato keeye haluwa kanda kaato kaliho enkasi ekumisere omumiizi
ID_LLPTO,lee mapol gitye idi pak man kun bene mapol lee gitye ka cam kun mukene bene gucung acunga yen acel acel tye i kin lum ma tye nonge i di pak man
ID_LLRIE,baana bataano mu diyina we si atangira maaso aku biringsa eggaali ate abeeko ne kidomokye ga meezi basigaale bali b'ekaana baasudira ebidoomolo bye ziri tali ekkumi baana bano kirina ba kugendera mu kayiira akali mu kigona bafaanaddyotibaamameezi wa kuliira enzungu ewaabwe
ID_LMOIA,ka makerenda ka ma kali kali atera kali mu langi ze afaanana ata kaba ne mukolo afaanana ata ka ka ndi kali ka makerenda k'ebukapusozi kaba amakerenda busi mulimu ka mawanga mulimu ka na bye ssaala ne kirangi ezi ndi
ID_LNAJR,ntebe mushija ndeba mizi era mu na so ebyenyanja basala koma ajwira nkito agiri essaati yeru maka bala ka kweri nyuma ndeba misho aliyo kingunzi kya atera ky'amazike kwe era ne ebikulu ndaba ye
ID_LNDHU,nendeeba omukazi ali aha kyalaani kibuzi aha lubaju ne ndeebawo amasweta agiri abaziire kandi aliwo mu ku baziira alina ekyalo egyaliwo na bazireze ne esweta ne ndeeba bandi bantu baliwo mu lubaju
ID_LNXLX,atye ka neno kicaa angwen ki cako acel kore olingo makwar ki carani kipiko macungwa i mucungwa ma iye acel ki yabo doge tye twolo cim ocunga mukene kingolo iyo
ID_LNZFI,ahaatale babantu ba ppankile sinyaanye n'ebi bintu biwanga by'esi bali ku kuliso
ID_LOFDX,ot dok ot man tye madit adada dok ot man bene tye ki wang dirica madwong iye adada kun bene ot man bene tye i ga
ID_LOGVN,ppaapa mutwera ng' ali okwosha biibya ali okwosha ahole muosheesi alikuukana ffaana lino eri igalagi ppaapa mwene alin' ekoofiira embesemu
ID_LOMUT,aocioimboaatw
ID_LONAY,omushiija ayina ebirevu by'eranga erukwera kandi ayina n'ekitambaala omu mutwe ayerubasi omu minzi kandi akwasire ebinyansi omu ngalo kandi ebindi abe n'abiwa omu minzi
ID_LOOBF,omusaanyi watundula wo olu wakwalire ebikoofiira ye buuma
ID_LPEMH,omwana omuhaana okwa ekiteeteeyi keeko ma kono ka membi mule bamu be kali tu ne ali kuutimisa ku mupiira ku eggaali mu bunyaasi ali inyuma w'enzu yaabwe baakyombekera ka mataffaali kamooshe inyuma we we waliyo kimuli kiri kamasaafu ka green
ID_LPVFX,omuhanda gw'ittaka guli ahagati ey'o bunyansi butyebwemu omusana gukwenda kuuma aha mukono ogwa mmoso aliwo ekisaka kihango kandi kemu omuti mugufu kandi aa mukono gwa buliyo aliwo emiti mahango kandi mugufu
ID_LQIUS,co kara macon onyo maca gitye ma guruko bongo tekwarogi ma ma amana ki tiko ingutgi mukene i wigi gitye ka wot
ID_LSOJD,ekihoronio nari shi ekiigo kikozirwe omu matafaari nana omushenyi kandi kiine orwigi rw'ekiti hamwe nana ak'okukyingisaho nk'ekyoma omunda kiine aha kweyambisa aha purasitika
ID_LSYVP,atye ka neno mon ma gitye ka pwonye ki tuko odilo me tyen gin tye ma gucibo jami ma yelo ma ipal kede i odilo i kine dong lapwonygi omako jami mo i cinge calo bab tye ki bongo macol tye ka bino ki
ID_LTBTH,aba n'abaana b'eishomero kandi bari omu kibiina bajwire sokisi ezirikushushana ezirikutukura abamwe enkaito ezi bajwire tizitaire mubazi
ID_LTEIP,latin ochung' ing'er maka make onyo kijomokene begitikinge maka jo madong kilatin matitidi chi bere kawuot kilabolo kichu kituge toge ing'ere bere
ID_LTONL,kumukhono kw'omundu kwawambile iŋŋeeni kwale baalebesire mu meetsi ni kameetsi keene kali murangi iye luubookha ni kumukhono kweene wakwarire ingubo emali
ID_LTOSB,ligganjiro batera ya nze kibuuto kye kusibira mukono liganjiro miryango giri gidatu miryango baakire langi etandalafu
ID_LVDAJ,aha aliwo emmotoka akatale akatale aka nako ebitooke aha ndi kiri n'emmotoka n'oreebawo abantu aba kiriira ebitooke ebito ndi ezo n'oleeba akiriize ebitooke agaali ye eyo eyo na agisindika
ID_LVKFH,aomwana n'aseka ayina omu ndiza amuliyenyuma anyina nondizo omukolatiire ndeeboona abatobeemerere aho mubaleeba miino
ID_LVMON,ingukye yeekhaale mu siru umu khumasi ingukye ino yeeyambile kumukhono kweeyo mutweela imunwa yaaloleeleele shishindu shili khu shisaala shimbi ni naye
ID_LVSUL,omukazi asitamereya akatebe omu miso gyalomo akameeza kali omulangi ya keneke kahandiikireho ebigambo akameeza ayinewo ebitabo kandi ennyuma ye ye haliyo enzu
ID_LVVTK,endeebe ekimotoka kye kiroole kiriyo mu manda kyemeriire kwonka kyemeriire kikusuuma ka ndaba na ne kitakata kiriyo mu kusoma ngeri gaali eky'e kiroole
ID_LXFLL,omusaani w'ehaali akari etsi mwaani wawambile k'amakono mu sifuba n'ebibindu bibindi mwiduuka yeewe
ID_LXWWJ,ku mukhono kw'omundu ukwalire isaawa kuli khusaaba kameetsi kaali khukhwama mundu lyenge tsindu lyenge tsino tsili tsibiri era nitso sili khufuirera kameetsi k'eesi ali khusaawa
ID_LXWWL,omusigazi w'omuyiraguju azuyire essaati ekubira ekubiraa mikono mikono emikono yombi gumu ya mikono ayinawo akakomo ogu ndi ayina asala kandi omu ngalo ze akwise essimu y'okuseereza
ID_LYCCJ,dano madwong ma gubedo dok gitye ka cat kun gitye ka cato jami madwong ata nyig yen mogo mukene mapat pat dok ki itenge tye gutiya madwong ma kiguro
ID_LYYLM,atye ka neno dani dongo iye mukene ma do i taki ma gitye ka camo lum yadi bene tye ki cere en ki pol obedo bulu dan polo bene tye blu
ID_LZVMK,ki ng'ofiira ke basiraamu kiri singa linaabi ne nga ekifaanana taawe ekifaanana mu mbone ata ne nga bakikola mu binu by'enjawulo
ID_LZYAO,dinam malach mapine tie kamol mot chieng' tie kato atoya kuon derone manen oranjni tie kacharo dinam man tie mamunya totwal kikala chieng' matie kato atoyani
ID_MARJP,abakazi basitamire ne batondola ebirimba na ne obusaza birina ebikopo birina engaali birina ebitemere birina obukutiya kandi na n'ebisunku eby'ebikimba
ID_MAUSF,i cal eni tye iye dano apara acel ma abic tye co abicel tye mon ki i cal eni bene mon abicel gitye ka myel ma igi yom ki co abili gitye ka dongo bul ki mukene tye ka yenyo ajar
ID_MAUXJ,aboojo bana nibareebwa barikwiruka n'abaana abandi bari aha rubaju barikubareeba nibairukiira omu kishaayi omwe ajwaire tishati eya kinekye ondiijo eya kacungwa ondiijo eya buruuru kandi ondiijo eya kinyaatsi
ID_MBCDF,laco ma tye ka buko ma obedo abeda buk ma mege i ngete me mako rec laco man tye ki co owal madok ki cati ma blu
ID_MBDRQ,omusaakulu ali mu mugunda gw'e gu muceere asuddira ekibbo agwatire kigubo kinyiipi aweere kitambaala ku mutwe enyuma we we mugunda gw'e gu muceere eriyo bisaala kuliko baabwe yero era ewaya yayitooloola mugunda gwene gw'e gu muceere
ID_MCQWT,man cal kic ma gitye gugure kacel i bedo bedo me moo kic ma megi kic tye madwong bedo calo gitye ka cweyone wek kiketo iye moo kic
ID_MCVVC,i cal eni atye ka neno jami ma kicanogi i bao ma kiguro i kin jami eni atye ka neno otok wic atye ka neno cati kacel ki kitenge mogo ma kicanogi me acata
ID_MCZAF,aneno yeya tye i nam ki dong kala ma tye ka nen tye ka nen kala ma omito bedo pol pol gin ma an aneno gin ma an aneno
ID_MDIYN,kino kipande ky'eri ssomero ly'ekisinza lye zibala nga bati rushaga mulamwa guli adwera kunyala kwa bifuna kuliko n'endagiriro wali obisaala ennyuma ye eri ssomero olina bizimbe zisekerezega madoute ziri kimpi
ID_MDKEQ,ebyombehe bikkali birala by'ekigoroofa ebindi taanu hu ng'akiwo esyombehe ekiirala uliho kimotoka sa paaki ngaho bisaala bikkali
ID_MEGRT,laco man tye i dog nam ki yeya adeki yeya acel tye mayelo acel tye mablue acel tye ma obedo buru buru kun laco man tye ma oruko otok otok man tye macol kwar obedo ocwak ocwak bene
ID_MFJQJ,omushaija ojwaire emyenda ya kituku n'empare ya bururu akwaitse naatsindika omuzeeyi w'eishokye rya mutare ojwaire emyenda ya mutare n'empare ya kikara omu kagaari kabarema omu maisho gaabo hakwaitse hariyo egaari nangwa n'emotoka hamwe n'abantu abashutami ahansi y'omuti
ID_MGDRU,ka eni atye ka neno lee gin aryo ma tye ka wot idi bunga kun nyinge kilwongo ni ni lyec
ID_MGEXB,abashaisa ne batambula aha lyato eri bavugire ne bagenda aa mazi essa eri abo ali ya myezi mingi n'enyuma zaabo ali ya myezi mingi
ID_MGFNN,ogu ne omwana w'omuziki akwasire akaveera akalimu ennyaanya akwasire essente omu ngalo ndi ezo wamu ensu gye aliko ekiro kiriyo ennyaanya aliwo mabaala aluvazu kandi ayemereire omu luguuto lwa koolaasi
ID_MGPPO,emiti nnyingi nga mwingi omu mwanya ngumwe kandi ekkwaatiine munonga hamwe eyetooliirwe bua obunyansi
ID_MHQZG,mu katale mulimu bw'abantu baliko kulissa ebintu baaba kuleeti meeza birala birimu ki bbaafu nga ba kibeerera mu ai mu buveera mulimu habutu kaawa nga ennyuma we katale waliyo tu eriko ku mulyango ku mwekule
ID_MIIIZ,omukazi aheekire omwana ashutami aha piki piki eriyo nekuvugwa omushaija omu ruguuto aha rubaju hariho enkaito eziri omu rangi erikwera ezitekire omu mwanya gumwe
ID_MINTR,hariho etwiga eratambura kandi omushaija ari aha piki ariyo aravuga araza kugirabaho kandi aheekire ebintu bingi kandi omu rubaju harimu ebinyaatsi byomire kandi harimu n'ebiti bikye kandi ari wenka
ID_MIOVN,mon aryo gitye ka ngat acel tye ka dwoyo tangi ngat acel ocung i nget jeriken ma yelo jeriken tye gin abiro owor tye ki inyim tangi mucung tye ki lam tye ka oyo tangini
ID_MIUCU,atye ka neno cal laco muketo carani tye inyime tye ka nyero oruko ki ti wange oruko otok tye i wiye cawa tye i kor cinge
ID_MJAHC,ono omuseeza omubessemu nga agwatire muumiro mu ka neekireesi engubo ye ga makono manyimpi alikuusa aba makono ge we ku ttaapu lubaga eriwo bibbuyu birimu enguuli abasinga amakoola
ID_MJPGY,eni tye ka nyuto cal mego ma obyelo latine mege ni orukke ruk acoli maber tye ki tiki i cinge oboyo wiye bene aboya maber ki kikoyo
ID_MJRLJ,lino littuuli ly'ekihaafu kikifaanana ng' kikaafu kino kyosi kiri ne kinzika tsindeeyi amala kirimo irangiimbesemu ni kindala iwanga kikaafu kino kibonekana kaki tsa kukhwaya obata kaba kirootisa nga baama kusaamisa kukhwaya uwiire buliibo angoloobe
ID_MJSNG,obusozi mulya mwana guli kutemba kandi hagati y'akasozi alimu ama g'abantu na na mutwe alima amagulu g'abantu omu miso g'akashozi akaali omu geera gwameze kandi omu rubaga lwa kasozi alimu emite emezeremu
ID_MKJUG,man laco ki dako ma gin weng nyomme guketo lagit icingi dako kono oruko bongo matar ki cawa icinge ma lagit tye i cinge laco oruko bongo macol ma lagit bene tye i cinge
ID_MKMFU,omuntu ajwaire enkofiira erikwera kandi ekozire omu nkwanzi enkwanzi ezi zirimu erangi erikwiragura eya kinekye nana eya bururu hamwe nana eya kinyatsi kandi enkwanzi ezimwe azijwaire omu kutu nareeba orubaju rumwe
ID_MKNUK,emicungwa erya buti egya kati kaago ekire haliho n'amapapa omuti gwagwo
ID_MKUHZ,bubangiri buno buli bukali naabi buboneka buulayi babukhola buulayi buli mu tsirangi ts'engali era ts'enjawulo babuwandikakaho biiromo bbangiri buno buulayi era nga wiitire wakalolereko aukakukola wakana kukakula
ID_MMIMA,enkoko idwaya ba gubeera mu litu lyeliddoote enkoko eno baga ayise ku kitundu nti balunda ennyuma waayo aliwo matu ma gali ge ga madoote enkoko eno eriko kintu kito ndalafu ku mutwe
ID_MMSNG,kamahono k' omundu yuno omundu yuno aboneka omuzungu omahono ho ayitsula kimyoya alihusa aba kameeti kakaama mutaapu walambise nessaabbuuni lifulo lya kuye
ID_MNGEA,abaana basatu beemeriire ow'omu miisho akwitse ekyoboma eki bali kkozesa kuteza ebisusanikandi akiteereze aha miso gye ali aha kutere ekisenyi enyuma yaabo aliyo enju eshakiize ebinyansi byomere
ID_MNIAL,gang me bedo pa dano kun gang man tye iye odi aryo ma kiyubo komgi ki daba ki yen ma otwo ma kikado ot acel kiyubo wiye ot lum ka acel tye ot bati di kal me gang man tye macol ma opoto bota mapol ma otwo onyo iye ka yadi mukene tye ma potgi oyabo two ma piny tye malyet i kabedo man dok ceng tye ka ryeny matek
ID_MOFYL,kintu kiri kibiri ke ndo era ye bunyaasi ki ndi ye ka mabaati amala kintu mwe ne ky'akola sso si asambisa na kyayombekebwa n'eki misaala n'eri irobaaliwandeekinzukiralikawobuusaalassaala
ID_MOPSE,man ot madong oti ot mogo kiyubo con kome nongo tye ka oa oa dogolane bene tye bao madong con ma wol wiye dor loko rangine ben pe nen kit con wiye loke tye nyal keken
ID_MOWPA,waliyo tsinguudo tsiyingali nga tsiguudo tsino kikifuulisa buukaali kiri kukwakaanana tsinguudo ksino baasombeka buule inaabi kusinguudo ksino kuliko tsimotoka tya bulingeli ekalindu era taawe kiri kukenderako
ID_MOYGB,muofiisi muamiriya mulio siiwandiiko n'innebe baakikola bu layinaabi kiseesi beekhaliraho kameekhaliro kiriko ilangi ya greeni ate eriebyo ecyuma munzu muli mu ulayinaabi
ID_MPHHA,man enini tye awobi awobi enini tye ma oruko jaket ma oreny en bene tye ki otok iwiye iwi otok enoni tye bedo ature atura en kono tye ka tuko odilo tye ka cito ka bolo odilo i net
ID_MQYVV,tye laco mucung idi pii ma en tye oruko cati macol acola pii tye en tye omako mo icinge ocung kede cal yeya ocung ki pol i cinge lumlum tye ocung i pii acel acel ka ma en tye ka kwanyo iye pii
ID_MRGMM,mu kifaanani muno mulimu ozinzu mwe abamunizi mmotoka ani babaatu nga bali ku luguudo deni sayidi yeddaani yabagabo obisaala n'ezizinzu zindi zirigira ssaidi eryokinaya lwa ngaagi
ID_MROFD,hano inzofu iri kwigenda mu kigona hano inzofu iri kwigenda mu kigona
ID_MROQP,ensoki zikwasire akisaasi kangi na ne kikama kyazo kiriko agati yazo kangi zonna zikwasire akisaasi zaagumawo
ID_MSDKC,puc ma wange ryeny kome col obedo tye gin mo ma obedo nyonyo nyonyo pol kare dano gwoko puc i gangigi me konyo me ryemo yo oyo rac adada pien yo balo jami pa dano ma kicamo acama ki lakgi kine aye romo obedo cam kacel bene ki bongi nongo buk bene ma pii gitye adada
ID_MSTDC,baasaani bano balihoosha kamaddinesa atuela n'ekimiryango baasaani bano bali ni kamadinisa n'ekimiryango kyeese bamale ehaale ohoosha era baaba emisiraawo u kusaala babandu bano e baakwalire n'ekegaagoomu mmoni baalala sigaga ete kibayeetaho kuhingirira kimunsaabwe hoonaka
ID_MSURK,omundu o uboneraane nga haapa ku mupiira wasambire haasi era kumupiira kuno kuli mu rangi iwanga era omundu habapa ku mupiira kuno omumaliisa ali omuzungu taawe haapilabusa muiroba mbaabuunye asita
ID_MTENF,omukazi ariyo naayegyesa omwana we kunaaba engaro bariyo nibakoresa sabuuni ey'amaizi kandi aha rubaju rwabo hariho ekimuri kiri omu kakopo akarikureeberwamu hariho nana akatandaro akabarikuhanikaho ebintu aha rubaju rwabo
ID_MUHIZ,amaizi mingi garikuruga omu mugyera ogurimu amabare mingi kandi omugyera niguraba ahagati y'ekishaka kirimu emiti y'ebitaagi bingi kwonka migufu aha mukono gwa buryo hariho omuti muringo gwine ebitaagi bikye
ID_MUPZW,owoepikipiki waasutire omundu kaatimisira ipikipiki ku lukuuto lw'eliiroba hundulo ku muliro hekwaburuha amala bubwiire hebwira bula
ID_MUZIA,odi bati ma kigerogi kun kingi cok cok idyere tye kulu ma mol wang otul lee tye ma pii tye ka mol
ID_MVHNY,omusiisa ali aha miizi agaliko sya kandi aliyo naatamu amawuliomumiizi galikoosya ag'omu kitagata arotami azwire essaateerikwerakandi aliwo namiizi mingi g'ekitagata
ID_MVSWM,yeya tye ka ngwec idye pii teno yeya ma gipol adada kun teng pii man tye odi mabeco ma ki giro agira odi gurofa maboco boco ma tye oketo mapat
ID_MWFGW,aneno aneno nyang ma oa ki i pii obuto i wi cere ka kamo otwo i ngete tye obedo alum alum en obedo te opok te opok
ID_MWHIH,eyi ndeeba abana b'ishomero bali mu kiraasi abaliyo mu kirina na basoma bali yo bino ebitabo birina ubucumu bana abasomi ge bakurikiriziba kubashomesa
ID_MWQQQ,ngati eni tye omako cim icinge kun en bene tye ka diyone ki dok bene oketo ingute lapim kono dano en bene oruko bongo pa daktar en tye daktar
ID_MWRNR,ki ng'ofiira kye basiraamu baakipangire atwera ki ndala kinandaafu oba kimbesemu kiti ndi kiri kamu kikala kimali n'ekimbesem n'eki wange baakireere atwera kiringa kyesi baliko osooboola
ID_MWVDQ,mu makulaaniro keekka matoore baabwereho ku sipikipiki akandi baabwere ku sigaali uyihaaye ku pikipiki wakwarire ingaopfiira ye baasiiraamu wi mirayasi wambire hu matoore naye nga mutwera wakwarire tikyaatimbesemu n'embala eya bbulu abandi bimmakirewo zindulu
ID_MXBOC,ot mawiye kwa matie kichiel makichweyo achweya dok chel man tie kidogola achiel machol dok ki ing'e chel man kiwoko tie yadi ariyo ma gitie mayam tie kakotogi dok ot man tie kitang achiel me pi
ID_MXBQI,egi ne ppaaka ya takisi halimu takisi nnyingi munonga na na obubaasi obukye harimu abantu ne batambula abantu abamwe ne baba bazire kutemba takisi kandi abantu bali kuluga mu takisi
ID_MXTUM,omukazi ozwire omwenda guli omulangi ya kikobe akwise n'atambura omusiri gw'ebikyooli ebikoolibyakulaby'obulabyobwamutale n'amababi ga kinyansi
ID_MXVJH,atye ka neno godi ma kun godine mukene wigi okwone ki yadi ki dong mukene kipuro i wi godi man woko godi ni i kine tye pii ma tye ka mol
ID_MYGHU,omusiisa ali aha lyato eriri ahankungu aha abamu misho g'ennyanja kandi omu lyato alimu obutimba obuli kukwata ebyennyanja ayina ebyabayo n'atereeza
ID_MYSHT,omwana nga wakwalire essaati eya na be ezaali umwene umumali nga wasenuule kameeno ibulafu kukookesana lisanyu kuba bandi bali mugongo we we
ID_MZEQI,gumuzikiti gwe baasiiraamu nga nikwo kuli ku muleeyi naabi kuli ahuntu akulayi naabi bisaala birira bya guliini ne bunyaasi bwa guliini gumuzikiti guno kumuleeyi naabi ne kamafumbi kaabe a kaakolerekamawaga
ID_MZHOE,kameetsa aka kali hutimira mu mabaale kameetsa aka kalihuppa liiful'ohundulo era hunduloo huliho kamabaale hundulo hungwene ehuliho libaale liiboofu era kifo ekiriba abantu baayambe hamo n'esinzu kifo eki kirimu n'iruukinge
ID_MZRQQ,abashaija babiri nibasindika egaari omushaija omwe akomiireho embaaho ondiijo akomiireho ebindi bintu kandi omu maisho hariho ekyombeko kihango kiriho eby'okushubura niga eby'okugurizaho hariho nana ebiti bingi aha rubaju rw'ekyombeko ekyo
ID_MZXDP,ennyanza iriko kameetzi kaabonekero oli kaabulu ne kamawanga iriko ku musiro kuuliho iliko eryato liiliko kundula eno kuliko kamaato iriwo abandu baaliwo liriwo n'ebunyaasi buuliwo
ID_NASLF,abino madongo aryo ma kitweyo komgio kicaya labolo kicibogi bene iwi otac ma kidolo maber adada gitye ma kicibogi i dyang kal ceng kun bene tye ka ryeny nen abino ca mwonya mwonya mo mada
ID_NBEZL,ehaaniyafu yeeyambire ku sisaala yaloleera eraasi ayiri ehaaniyafu yiriho bibona irangi ku ng'age ku mugongo kuubesemu ne mukare mmayeero ne kamao nei mumihono gyayo babiikere biriho bubwe irangi ebenzaale
ID_NBSHO,i cal eni atye ka neno abim ma obedo i cinge oruko ryo weng omako muyeme tye ka camone abim eni obedo i di lum
ID_NBXOR,ano iriwo babandu baakali babeekhalakire ku kindebe babandi beemire era babandu bano bositana baakwalira ekimasiki ku minwa kyabwe era baayambagire mu buveera bw'erangi ya bbulu
ID_NBXYD,cal man nyuto cal bunga pa ngato mo ma kipito apita kun tye ki ot bati mo i dyere bene
ID_NCJKV,abazaani b'omupiira ogw'engalo bali omu kisaayi baliira yunifoomu bali omu kwiruka ne bazaani omupiira ogwogwe ogw'engalo ennyuma yaabwo aliyo emmotoka zaabwo n'eza baagizi
ID_NCQHI,babantu baakali bali mu hatale nga mu basaani bano babiri balinaekipiki baawoleereko ki elementi ku miro kyaabwe baba ndi beehaalekha bakulisa bibintu asiye kuusaala mu bombea bli
ID_NDASR,abaana b'eishomero bari omu kibiina nibaringuriza aheeru obwo barikuringuririza omu dirisa abaana aba n'abaana abashemereirwe ahabw'okuba baine obumwenyo aha matama gaabo abamwe omuri bo bajwaire yunifoomu y'eishomero kandi abandi bari omu myenda yaabo ya buriijo edirisa ei bemereireho barikuringuriza aheeru n'edirisa ekozire omu kiti
ID_NDEVE,man tie yo makifuro afura yo enini kono tie madit yo man kono tie ri mochungi anyi mitie ma otelo ng'ore mabo tutwali maing'e ni kono tie kawot donyo ilum
ID_NDJGS,hariho ekyererezi ky'eizooba hariho enjoki erikuturuura hariho ekimuri kirungi kiriho ebimuri hariho nana akamuri akakye akataagi karaingwa
ID_NDONT,enjojo mpango eyinami aha itaka ryomire omu binyatsi nabyo byomire enyima hariyo eihamba
ID_NDPYF,tangi ma kiyubo maber adada dok kicweyo tera acweya waneno bene ni tengi man kilworo ki yen pii tangi obedo pii ma pire tek adada kin paci pa dano dok kitiyo kwede me timo jami madwong ma kine aye tye tedo ki me amata
ID_NFUFX,nindeeba abashaija babiri bashutami omu maato gaabo omwe ajwaire ekigofira kya white ondiijo nikyenda kusha ebinyaatsi byomire kandi boona bari ahagati y'amaato baine ebiti bariyo nibajwaire butuusi za white
ID_NGAOW,egi n'enju yaitu y'ekinyakare orikwimuka okaigura enju n'omwirembo n'ekanyima kandi hariho nindeeba akatimba aha muryango akokukora nk'orutimbe amabaati g'enju egi gakuzire nangwa n'enju egi nayo ekuzire enyuma nitureebayo agandi maju
ID_NGUDT,liguge limali likaale akati ku kisaala lyayambire mukono mulala mu ngaagi kuluka lw'ekisaala emunwa ekudya kisaala ne kkuturo aliko misaala gi ndi giriko ne ga matu
ID_NGUHP,omukira ne ndeebamu ekimotoka kipaaki enjiri kye langi eya bbululu kandi kiwandiikirweougandapoliisin'ossaneekyapoliisi kandi enyuma kuli aliyo ekiti ky'omuyembe ne ndeebayo n'embaawo zirunze a
ID_NIBFK,sinzu kisiri kutwera kutwera siri ku ndulo kwe kameetsi lukongo sinkongo k'amatibo gabonekele ne kameetsi kamakwalaafu
ID_NIHDV,atye ka neno laco ma tye ka wii eni cal ngat ma lagwok gang kabedo ma maber biacara i tenge ki can pa tye ka wot maber eni cal maber pul gamo woto
ID_NJBLP,latin ma ocung i dog kot ma kiyubo ki bao waneno ni latin man oruko cokci matar i tyene en kono oruko kor bongo matar ka yaka cat bene matar col mungolo ngolo ki ot man waneno bene kom matar tye iye
ID_NJGQX,kamahono ka ambire eriroba ate nga ka macaafu n'abikayambireeliiroba akaleere yasi kuloba kake ne ka ayambire eriroba ate nga amacaafu kamahono ka ambire eriroba ate nga ka macaafu ate birime ebiriwo balimira wo balima
ID_NJIKJ,chilagwa ariyo madiet matirine gi tidi ba la gwa madiet ticam lum matiri chung lwote nga mi ne ba ma lum kigege
ID_NJILD,abaana b'aboojo bariyo nibazaana omupiira omu kishaayi kandi bajwaire emyenda etarikushushana omu rubaju harimu abarikubareeba naho bemereire abandi bashutami
ID_NJZKN,omukazi ajwaire emyenda y'abaganda aha rubaju rwe hariho ebitookye enyuma ye hariyo enju n'abaana n'egaari aha rubaju hariho emeeza eziriho enyaanya z'okuguza byona ebi biri ahansi y'omuti
ID_NKGKZ,lidda yanende eyi ene yaasudiye ebikwata baapangire mu biitu yasudiire ene nga yatubiire ku luguudo luguudo leero eri itaaka migulu gy'enyuma gya gyonna mu gajja agatera mu itaaka mu enene nga baadiyidiirisiire emisaala ne ono eri ke kugwa ne nga kutu okweni gumatoka gundi guliko gwe bitera ko lidda ye ka pikipiki ka abonekere eyo ne bisaala biri ga yo ne buunyaasi kutta okweni ku luguudo namafwerimu nga aga abonekere aboyire
ID_NKHIK,yen yadi tye madwong mukene tye alum alum pud dyaka yadi mukene tye aburu aburu yen mutwo yo tye okato ki i dyere matidi
ID_NLDCS,yino omu ayi mutwera nga ali ku mudaala kweewe esakulisira ebintu by'enjawulo umutsinaanansi biiraazi kamatole n'ebibindi balambisa tsimaafuulu biseera biribye ku munsi
ID_NLWNE,empundu mpango munonga eine erangi erikwiragura ningashi ebyoya birikwiragura eine nk'oku ebyamire ahagati nagati y'ekishaka kihango munonga kirimu emiti ekwataine nana ebinyaatsi bikwataine ekihundu nikituura omu kishaka kandi nikishushana nk'abantu
ID_NLXKA,omusayiza akomerera ttaapu ali ne ssaabbuuni mu ngalo alina nabo mu ngalo ahalubazo lwa sinki haloho ekintu kibeyizire ke kya ate
ID_NMGRQ,man dye kal onyo ni ot pa lucilam ma ki lege iye aneno odi maromo abic tenge tenge waneno labolo tye ma kipito yadi tye odi pa dano mutoka ma kiketo mot i jami mukene calo yadi tye ma orumo nget ot lega pa cilam man
ID_NMLLJ,wi pem malac adida ma kicweyo i dye pii kun pii man tye pii matut pii nam teng goli man bene kigengo ki nyonyo ma kiwero matar kun tye odo goli lamak rec ma kicatogi i wi pem man kun kitero me mako rec ma rec moko iye ci ki yuto gi ki goli man
ID_NMSYA,abaana beehaana ne b'esinde bali mu sibiina balala b'emire balala beehaale balala baasise emikono mu nga kiba
ID_NMZPC,laco acel ma tye ka bwonyo omako laptop i cinge laptop man kono cil alama ma mapatpat tye ki ingeye en laco ni kono oruko maraya wange ma tye ka bwonyo omako laptop man ki cinge tung lacam cinge tung lacuc tye ka diyo ne
ID_NNGQA,daktar ma oruko bongo tic pa datari kome omako camo ngeny bongo bongo i cinge kicoyo i kome ni atera mako alip aryo mako alip aryo nono ki ma oruko roc i cinge ki omako gin lapim kono dano i cinge
ID_NNPNB,baazungu baagali biikaale kukutebe hagati eriwo emmeeza erikokakuuma nebuutabu omulala aambire ekyuma mukono yenyuma ewaawe eriyo midyango emirala mirigale ng'one muigule
ID_NOAUO,omusiri zi essaati emikono miringwa ne ne ssala mukono ali akakali magezi alaba ziwa eyali olupapula n'obu kumu ekyo okuwandiika omukugu eyali n'essimu nga ne ndiiriro kati magezi eri mu kkola eyakula si kamu okugiyita
ID_NOFLN,atye ka neno dyangi mapol gitye ka wot mukene matar mukene macol mukene ma broun ot moni bene tye ka nen yen yadi mapol tye ka nen bene gitye ka wot i gudi malac
ID_NOIKF,ekyenyanja nikibisi kiri omungaro z'omuntu kiine omunwa gwashami kiine erisho ririkwiragura kiine erangi eya kinekye omukira nigwiragura
ID_NORBJ,ndoho nindeeba ssente ssente ezi aliwo enkumi etaano ery'omu kala gy'ekinyansi nindeeba ak'emitwalo ebiri kali omu kala y'oku tukola nindeeba aka lukumi kali omu kala gy'ekinyansi kyo mere nindeeba ak'omutwalo kali okukala y'okwenda kuba ka
ID_NPHMZ,kuunye enywe kuwe mukyeewa kunaluko shaakoshe kuimmire emuyitira kulya kwambira esshindufu munwa kulya zinnyeeni kwalya n' ebiiwuha biba mu kyeewa kunywunyi kunookwanirra emmunwa ne nga kulya bibindu biibisi nga zinnyama nga kwatuyire esinjere n'esesu kumiraka kwaba nga biryo byako
ID_NPJVT,abajungu bashatu bajwaire enkofiira bajwaire esaati z'emikono migufu n'empare ndaingwa omwe ajwaire ebirahuri birikwiragura ondiijo akwatsire kamera omu ngaro aha mukono gwa bumosho hariho emiti mihango miraingwa aha mukono gwa buryo hariho obunyaatsi enyuma yaabo hariho omwana ajwaire yunifoomu
ID_NPRUJ,iteng pii man watye ki odi ma dano bedo iye mukene tye cok i dog pii mukene tye bo piny manok yadi bene tye ma orumo kabedo man godi bene tye madwong ceng bene tye ka ryeny dano ma tye ka tuko i teng pii mukene ma tye ka tuko i pii bene
ID_NQVRK,man atoka orukke o bongo ma obedo tar tar ka mukene col col ma tye inget bong kic mito toto kic inget bong kic enini obedo lum ma tye ma obedo alum alum ki bong ki mukeneni weng tye ma komgi tartar
ID_NRATS,lutino matino aryo ma gitye ka wot igudi lutino man gumako ngutgi gitye ka wot kacelo guruko cweta ngat acel oruko cweta makwar lawote oruko cweta ma blu guruko bene yunifom me kwan ka yaka guruko cilipa ityengi gitye ka wot iyo ma tye ma otal iteng yo meno tye ka ma yadi tye madwong iye ma obedo bunga bunga
ID_NRTWG,eki ekimotoka n'ekya kyo kkaata giri oruguuto nindeeba aliwo n'ekindi kiyiza kikyokorire ekyo kirimu nki kya ate aha nsi ekindi kiruhe emipiira ebirayi eguru
ID_NRXMW,luguudo ng'era luguudo luno olwa koolaasi ku luguudo luno kuliko kimotoka kiriko ki pikipiki ne bugaali ng'era kuliko n'eba abantu ba akali bali ku kenderawo abundulo we luguudo waliyo bizimbe ebiriwo ng'era bizimbe bino mulimu ne ziggoloofa
ID_NSAES,kinzuhi nga kinzuki kino kiri kingali era kali kamapupu kabiri era kamapupu kano kiri kingali keebuusanireho kutwera kutwera era kiriwo kiri kukwama eyi nga titeyi kyakolire akandu nga haakoye
ID_NSOUL,mukyeewa mulimo bunyaasibukali esolo esibala nga bali esimba y'emmihire yaaloleereeye ebulangisi wayo yaluseo lulimi mu hanwa
ID_NTBSW,atye ka neno cal nyig kic kany madwong calle tye mogo macol col obedo alum alum ki mubok ki makwar
ID_NTEAS,omuhasi omuholu n'omwana nga habasaaba mukono ng'abalambisa etaapu ey'emunsu
ID_NTVPH,aha katare hariho emidaara hariho abantu bashatu haza aha muntu w'okubanza nainga aha mudaara gw'okubanza hariho ebyozi bingi birikureebeka gye reero enyuma y'ebyozi hariho ovakedo nana eminekye
ID_NTYVW,cal dano ma kitingo ki pikipiki ma kitye ka ngwec kwede idye yo ma dyangi madwong bene tye ka wot iye dyangi man gimito ngolo yo man bene pien gitye ka cam inget yo man
ID_NUFJI,amaizi gateikaine kandi amaizi aga garimu obunyaatsi bukye hamwe n'enjubu aha kikungu ky'amaizi aga hariho omuti muhango kandi muraingwa kandi hariho n'embogo zirikwota omushana obuseeri y'amaizi hariyo orushozi orushozi oru ruriho emiti n'obunyaatsi kandi birikureebeka gye
ID_NUZFX,tsingudo akarikumasanganira tindulo bayombe awo titu ketigorofanetakumenyam
ID_NVFII,enjoki ziriyo niziruga omukiina kandi endiijo eriyo negyezaho kutaahamu omukiina ako nihiragura kandi ahandi hoona hari omurangi eya kitaka
ID_NVMGL,lee mo ma kigwoko gang ma kilwongo ni puc ma kome col ni cuc cuc cuc tye ma obuto ite nyonyo pye apye kun gweo wange tye ka neno ma pa lara ma ciko yite ocikke atir en obuto mot ite nyonyo ni enoni
ID_NVREW,abaana bato aba biki abeekolire eddomola za miizi aha mutwe bali kutambulira omu muhanda gw'ettaka aha lu bagula musiri gw'ebicyoli kandi beebembeirwe omwana w'omwojo aliyo na asindika eddomola akagaali
ID_NVZZP,ekishushani nikyoreka emere etekire omukyeri gusiikire hamwe n'enyama nana kabegi kabegi ezi ziri nkazitegurisize baitu zirimu enyaanya egi emere eri aha sihaani
ID_NWBDV,dalo maduong tiyo alega gig tieg kalega idiwuo en itie lamego mo modo otok omiyo wey an tie kalega matek gi joma duong i ngeba gitier kalega
ID_NXDKQ,omushaija ashutami aha nkungu y'enyanja ajwaire ekaito zirikwiragura zirimu obuntu burikwera ajwaire empare erikwiragura ajwaire n'eshweta erikwiragura akwitse akati kari omu maizi
ID_NXTYO,omusoolueri wakwalira ebimmali waasuttire ku muhono kwemu ng'aki ng' ali ali kuluwanderwe lw'ekkameeti nga mumeeti era ndi hubonamu bisola ebiri mu biebikuinyayiramu
ID_NYGCR,aha ekifaananyi ki kiriko ogesa kityo ba kasi eba kirina ne baaseeze aba kirina baliko ne gye ennene gye si bali kuyimba ayi sibakina ekyogesere aliwo ennyumba bali kukuba nga zi ŋŋoma aleese musazi olukoba bita mu agatali kuyimba agwatira bbendera yaffe e uganda mungosi bye mu kasi be mu maaso oba kirina ne baaseeza abali ku ku bamwenya
ID_NYIQG,yo ma kiyubo mapol yo man tye ma ogone agona ka mukene tye ma olwore alwora lawala yoni mukene tye lapiny ka mukene tye i wi pim lamal dok iyo man tye mutoki mapol ma tye ka ngwec i wiye
ID_NYKAU,ekisolo kye mu kigona kyesi bala nga bati namuunyu we ekale mu bunyansi mu bunyansi byuma ne lu obulala budambi buti luko bu green kisolo kino kikaale kyasiiriire lubaga luda ena ne kye ggule nga matu gaayo ma kutu gaayo
ID_NZHON,lyec madit ma kome obedo lobo lobo tye ocung i bunga madit ma oteno obedo aroo aroo kun ki ingeye tye yadi madwong macego ma obedo alum alum
ID_NZOWO,i cal ma atye ka neno dano dano eni eni moni munu aryo mon muni aryo ma gitye ka tic i it yamo pa munu acel tye ka dini ca acel oketo cinge me cok ka diyo bedo calo wai yuto ki lawote
ID_OAWTB,omuntu ate eri itakarkasire omu kataba aliyo n'aza kusolooza etaffaali amatafaali bamala kugoosya no bagombekesha enzu n'ebindi bintu bingi
ID_OBFPG,bili liiro lyesihula nga kuri ku mutala nga ku mutala kuno kulimo kameeti kamakyafu bukyafu bwayamira abandu bamwatamu bukyafu kukwamako ngaaki nga ba bubuweerera mu hafeera nga hunduluhe ku mutala kuno huliho k'amabaale nga libaale lye kumuhono ku munyereti ku muumu kwarulireho ukwama ku nyanga
ID_OBHGZ,ekihumi ky'enjoki kikozirwe omu mbaho aha mutwe kiriho akabaati kikomirwe n'emiguha kihanikire ahaitaagi nikirengyerera omu mwanya aha rubaju hariho amataagi g'emiti
ID_OBJNG,ekibira kihango ky'emiti ya karitotsi kiri rwagati kandi aha mbaju ibiri hariho enguuto ibiri rumwe rihango kandi orundi ruringaniire z'eitaka embaju zoona hariho ebibira ebindi birimu emiti ya karitotsi eyinaganagire
ID_OBUUF,abantu barimu nibazaana omupiira gw'engaro nibairuka bari omu kishaayi omwe arimu nairuka n'omupiira omu rubaju rw'ekishaayi harimu emiti miraingwa munonga eine amakoora g'erangi ya kinyaatsi
ID_OCQQY,di gudi ma okato malac adada di gudi man kipuro apura dok iteng gudi man tye gang me piko moo ma kiyubo tye madit kun dano tye i ka piko moo man bene iteng gudi man tye lum ma olot ka mogo ka mogo tye ma otal dok tye lalele mo ma tye ka mol iye matidi
ID_OCWGN,emigongo ebiri ehikaine ahansi yaayo harombekireho amaju kandi omu maisho g'amaju ago hariho omwanya gubarikutereramu amatafaari
ID_ODAFW,oruguuto rw'eitaka aha ruguuto hariho epiki eriho abantu neetambura eteire etaara aha mukono gwa bumosho gwabo n'ekishaka kyomiririire enyuma y'ekishaka n'omururu mwingi munonga niguri aha busha
ID_OEPGZ,ennyanza engalo etyo liba mu zinyieni ate batu bagendereokumaato n'ezimu eri ku ngazi kwegama ezi kwabitaku luguudo baayombekako n'ebyo byuma ku esi zi mmotoka nazo zibitira ne ba batu kwe si ba bitera
ID_OFHOM,ongera ma tye malo i wi yat iwi otit ongera man kono tye ka neno kun wiye oluk adada ki yec ki ye ongera man kono kome nen lagit lagit kabedo ma en tye iye ni nen alumalum
ID_OFMPI,man latin anyaka matidi ma tye ka tuko ki taya en tye ka ngwec ki taya man kono ki nge kuca tye ot ma kigero ento kigero ki cen ki matafali ma kiwango eto pe kirwado kome lum lum bene tye ma otwi kenyo ki itenge tenge kany yat bok bok mo tye ka nen
ID_OFNTU,egi n'enyanja mpango munonga eine ebingoozi t'erikwera ahagati yaayo hariho eibaare riraingwa aho omushaija ayemereire akwatsire enshaho omu ibega
ID_OGSLZ,man obedo lapur lagwok kic mo en tye ka ryen bongi idye bunga wek kic obin iye en kono oruko roc icinge ma kalane tye ma yelo kun oruko bongo ma gwoko kome wek kic pe omako onyo okaye
ID_OGTCF,kameesi kalia kree kalie kutukira akarye esingibiri syese uwanebura enyuma wehi wenaayo ekaafaani
ID_OGXZA,magi lutino lee tim aryo ma gucung kengi tyengi kono tye kala macol kun komgi kalane orube ma obok matar ki macol col umgi kono tye macol ma olingo matar dok yitgi tere kun kalane olingo olingo macol ki matar ka ma gucung iye ni lumme neno otwo woko kun gucung i dye ceng
ID_OHFMB,omushaija arimu natsindika egaari ajwaire enkofiira erikutukura eine akaapa aha buso arimu naruga aha duuka y'emyenda kandi aha duuka y'emyenda hariho obwana bwemereire hariho nana omukazi arimu naazina ajwaire empare
ID_OHHAW,bunyaasi buboomabuukalikiturakitakibiri kiri mu kunda nga kiri ma ku mukunda eriwo endala eyimire erisi balimira ekintu erya taayi erisi bunyaasi bu buuma buli mu kali kaayo tewaliiwo aka
ID_OHWQC,nendeva vanzi vashathu mhakuishechamera hatre chishani andichazviri thsat inerunyara nendeva vanenge vakazvuka kafupa mhundisa kuisa uso
ID_OHXGS,omwana eno abonekana w'essomero kwa enkuba ey'essomero yunifoomu ali ku kusonako ali ku ka na
ID_OICIS,omuntu ajwaire empare ngufu aine ebigyere birikwera munonga akwaitse ekiti omu ngaro ayemereire omu mwanya gurikwiragura aha rubaju rw'amaizi
ID_OIXPA,nindeeba abashaija babiri abari omurangi erikwiragura omwe ashutami omuryato ariyo navuga eryato kandi ondiijo ayemereire akwatsire ekitimba ekyokutega ebyenyanja mbwenu ariyo natega ekitimba
ID_OIYTI,kano kali kamaasuuswa nga mulimo kikapisoosi ne kamakeerenda kamawanga ne kaabbulu ne kamabesemu mwabamo ne butyubu mwabamo kamakaalenda kawonesa sindwale
ID_OJNRI,lino edduuka liri lino li dduuka liri mu mu ssente liriko ezingubo ziri ku zidami eriko kabbulawuzi ka reedi ne sikaati bbulaaka ne kiteeteeyi kye bbulu ne zingubo z'ezikala ziri kali zigenda wabaawo mu sooloeri ali ku bita aga akwate essati ebinyo ppini tishaati asudde ebbaketi ye bbulu ku mutwe akoze ku
ID_OJYBM,esyisaala khiriko bimmuli bya ppululu khiri sye rangiye eshinyaasi ne bimmuli biwanga eriko enzu sibona likenza ku biiryo ne bisaala biriko bimmali
ID_OKIKD,akanyonyi aka karareebeka kurungi kandi kemereire ahariho amaizi hariho n'ebinyaatsi bingi biri omu rangi eya kinyaatsi
ID_OKNDS,omushaija ashutamire aha piki akwatsire ekicupa ky'amaizi omu ngaro ajwaire enkofiira aha mutwe ajwaire na garubindi aha maisho enyuma ye hariyo abashaija abarikwotsya bakashara ebyoma bakakora ebintu bitari bimwe na bimwe nk'ameegi n'amadirisa
ID_OLAJX,ennyanza eririko mayengo mayengo gano galeetebwa imbewo era babaatu babaama mu mawanga g'ehanze bagana naabi z'ennyanza nga zino ze zi bakolerako minya wo
ID_OLAWV,enju y'ekifuuha enju y'ekifuuha ekifuuha kisakiiza obinyansi enju eziira eza kale enzi z'ebinyansi ekuze kifuuka
ID_OLDRL,kamaato kamangi naabi kali hundulo ba kapaakingire ni bibyombehe inyuma wayo ate inyuma we bi byombehe iriyo zinjingi
ID_OMRLU,muntu we si eza aliko kya mataffaali g'e we asindika giri eziku zaadukukire mu matoffaali mu ene ekale kuzikuzi ndala mataffaali ga kwombekera zinzu
ID_ONEFQ,omu kibira ky'ekishaka kikwataine n'emiti ekuzire omushaija ow'erangi erikwiragura atajwaire saati ariho naashara emiti arikugisharamu embaho arikukoresa akooma
ID_OOJVE,latin matidi ma oruko otok ma bulo i wiye ki catine ma obedo ma okwico ki latin man omako rec ma ki yuto ayuta i cinge en iye tye mayom ingeye tye ngat man ma oyuto rec ki i pii ngatte oruko cati makwar
ID_OPGIO,omushaija w'omujungu akwaitse eirobo ashutami omu ryato eryato riine erangi erikwera ariyo naakwata ebyenyanja ajwaire empare erikwiragura enkaito zirikwiragura esaati erikutukureire n'ekitoki kirikwera hamwe n'enkofiira
ID_OPTPW,ente ezigomumuhandanezigenda ennyuma yazo aliyo abaana bagamba zibinga zeetooliire emiti
ID_OQGMS,egi ni sitowa kandi sitowa egi nibabiikamu ebintu ebyokukoresibwa omu kushemeza hamwe n'omu kutagurira omu bintu eby'obuhangwa kandi ebintu ebi bikozirwe omu biti ningashi omu mbaho biri aha meeza ebindi biri aha kisiika kandi harimu n'ebishushane
ID_OQLIY,eyo eggaali yeggumukka baatu b'emire bala kbaza kuingira mu ggaali eggumukka b'eemire kkuutulo kukuutulo okweggameezi kw'eggaali eggumukka
ID_ORNSZ,man cal apaya madit ma nyuto bul luco tung r ki yako idyere i kwot ki to kiketo i di
ID_ORUPE,emeeza emeeza ino eriko ekyuma kyekkama kye sikira ng' oli laaputoopu ne ppeeni eri ku kitabo n'omusaani wikaaye wa kwalla esaatu inda eri kamahono ulikutambisa elaaputoopu lino
ID_ORWVN,mu kifaani mulimo bimuli bulimu mukalaya koriini mulimo ni mali mwabamoni ya bbululu mo muzererefu ne mu kifo ky'esibiri amuroawo ali abbululu
ID_OSFZF,omuntu ajwaire ekijwaro kirikutukura kyetsibire enkoba ariyo navuga piki aha ruguuto omu rubaju rw'oruguuto harimu ebishugi ariyo nayorekera ekyererezi
ID_OTCFS,cal ot bati madong otii ma wi batine tye nyal keken dok inyim dugola ni tye dok dogolane tye aryo ma tuco pi wa tungcel ot ma kit man jo ma ki lum bedo iye pien tenge bene tye lum mo matino tino
ID_OTGCR,abashaija babiri n'akaana bashutami omu bwato kandi obwato obwo n'obw'ebiti buri aha maizi maingi kandi omu rubaju harimu ebifunjo biraingwa n'ebinyaatsi bingi biraingwa
ID_OUNFJ,aneno cal coron ma tye inget bur yugi ma odure i curon man tye ma doge ki gu ki bao agara tye ma kicweyo i kore pe kipuyo wi coron man tye kigongo calo opero opero yugi odure i wi odur
ID_OUTTZ,omushiiza ali omumeeri emeeri eyemeriire ahankungu omushiiza alabize omukono n'omutwe omu durusa ly'emeeri alumu n'alanzya aheeru
ID_OUUVH,abantu aba beekwire amabaafu garimu omushana kandi boona bariyo nibatambura nikireebeka n'obwire bw'eihangwe kandi hariyo nihajwa n'omushana omuhanda ogu barimu n'omuhanda gwa maramu kandi omu rubaju hariho enzira y'erindi itaka ringi
ID_OUXTW,olurembo luhang'omunonga ariromu amazu mingi amingi n'agaakaanyana alimu n'an'enguuto enguuto ziizwiremu za mmotoka alimu an'emiti nagaanagere emiti eyi n'amakoola ag'erangi ya kinyanzi
ID_OVEVB,kimikosi kya bbulu nga kye bwo yeeresere ne kumukosi ku ndi mutwera kumubwofu hufura ki kya shewe kuli kumuwanga waliwo kumukosi ku ndi ku kali kwe kale ewangata kwa lunda landamu
ID_OVTZP,batu bala aba emire kutta kwe ga meezi baami bawambira emisaala bandi bali mu ezimu ene ku nyanza ne nga ke bali ne nga bali kutu okwenne nga mumeezi b'emire mu be bala aba emyuse emisaala mu ng'agibande balamisi emisaala gye eno mmeezi mu omu gasika kasi empa kutu okwenne era ali eno emisaala giko gibonekerayo
ID_OVUXZ,man obedo cing dano ma oketo cinge aryo weng kun omako nyig yat mo ma kilwongo ni kono kwa tong ogwal man kicamo nyig yat enoni kicamo wanyo poke ka nongo kome tye do i camo kom
ID_OVUYF,ichel mantie iye odi mapol adata ma mokene tie odi crofer kibene ichel mantie iye gudi ma mutaka tie kang'wech e iye mapol kibene ichel mantie iye yedi ma odong'o mabocho ma gitie iteng' yoo man kibene mutaka mapol
ID_OXKGE,zi mpanga zi ngali baazibiikire ku ettaka zi mpanvu zino baaziterefoni efayiro ku ngaagi naye nga ziboneka nga zitalaga kubanga endukubo na zaaleetagako ne bukala ye bbulaaka
ID_OZGWD,eni tye cal latin awobi mu goyo cal wange matar ye wi ngiyo tye wa orukke rupo jo tye ka wot i dye bar idi bar eni kono tye ma otalo tal aneno yadi ni otwo otwo ki tung anyim kudi aneno lee mo mabor ocung
ID_OZOMX,ziko okufiira baazikasira adwera ze basiraamu zindi zitandarafu zi ndi zirimu buwanga ne buuma li ne obutandaafu budambi buti baazikasira adwera ne nga ze basiraamu zindi zitandaafu ne nga ziriko ne buwuzi buuma li ku ngazi
ID_PBOMM,omukazi w'emibiri ebiri mukye ajwaire burawuzi erikutukura ayeshembire ekitambara ekirimu ebimuri ebirikutukura hamwe n'ebirikwiragura na mutare ayekoreire ebaafu aha mutwe erimu ebintu nk'amasuwaani hamwe n'ebikopo
ID_PCAFV,biba bye siringi baabo era kipapula kipapula kiiwanga ne nga bibye bye siringi binne bi bwe bino bye binene nga bye bye siringi mitwalo bitaano bitaano gye uganda
ID_PDOHS,siifo sino sirimu singingi tsingali nga butsingingi tino mulimu obisaala biikali biire eyina ebibimbi amala ungingi wende tinouna mufeeri wawambire libonekana anze anyirire
ID_PDPFP,ngaabaasaani babiri beebo yire tsinkutu tsaawe baambile kimikango bali kufuka eryato bali kuukupa kameetsi keera luube luwande ni luwande bali ku ukhupa kameetsi beera luwande ne luwande
ID_PDPWI,man lutini angwen lutini anyira ma gua kulu gin weng gutingo ten lita ki dano acel i kin angwen ni otingo lita maromo abic ki dong awobi acel lee gin lami ma gucung mot acunga gweyo oyubo bot lutini anyira man
ID_PDSZB,enini cal ot ma kiyubo tye kona kiwero kome ma yelo ki i nyimme tye iye dano ki dong wigi boda boda pii ki dong cal eni kimako ma ongo kot pud a kace kit nen kwede neno kit ayo dyak kwede
ID_PEBKD,amaato mahango g'ebiti gemereize ahagati y'amaizi g'enyanja kandi hariho nana ebinyonyi ebiri kuguruka biri kuturuura ahaiguru
ID_PEHBI,ot madit ot man kiyubo maleng adada dok wang otte tye mapol man tye ot lega pa dul dini ma giye i kom rubanga inyim ot lega man kiyubo di kalle maleng ma lum kijwero lapiny adada ka kiyubo yubo mo ma kicweyo tenge ma weng tye maleng dok ceng tye ka ryeny i kabedo man ma piny tye ma dero romo
ID_PEIXL,omukazi omuntu ataire engaro ze omwitaka haine ebi arikubyara hariho obuntu bukye burikumera buri nka ensigo z'ebimera kandi hariho ebibaho birimu itaka aha rubaju hariho itaka eriri omu kibaho kandi ariyo nabyara
ID_PEMMB,orutindo orukye orw'ebigyere ruriho abantu nibacwanisa kuza obuseeri ahansi y'orutindo hariyo amaizi amarofa hariho emotoka nyingi ezemereire hamwe nana abantu
ID_PENUB,dingidibubiribulikwidiriinikuupi n'ekisiiki ki baba kasi baddatu babiri wagwatira ezzingubo na muddo ena mpaawo
ID_PEVVI,ziikaafu zibiri ne gye misaala nenzu ne bunyansi emisaala enyuma nenzu gye ndi eri ku nze kkulu
ID_PFXZY,ekyo kisani ne kisani ky'enjoki eziri aha kisashara kyazo zi kuteeka mu obwoki aha lubazu lwazo n'endeeba aliwo obumuli kwonka enjoki ezino nnyingi kandi zona ziri aha kisashara kyazo ayi zi kuteeka obwoki
ID_PGYDA,odi lum aryo ma tye ka nen i dye kal man yat tugu mo tye ma ocung ki ingeye kuca lutino aryo tye ka nen inyime kenyo dyel mo bene tye ma matidi dye kal kenyo tye ka lum lum tye ma otwi iye ki inge kuca bene bunga bunga moni matidi tye ka nen
ID_PHJDG,ente nnyingi za mayembe malingwa zirina erangi eya kitaka amayembe ne maka ngo ne geera ezimu zirina ebi gaawo biriko era ne biri kwiragula ennyuma yaazo aliyo muntu ozikulatiire embaju zaazo n'ekibira
ID_PICSG,zaasekoko ziri omu kanju kombekiise akatimba aha mutwe gw'akatimba hashakizeho n'ebinyaatsi aha rubaju hariho nk'ekitundubaare kya bururu
ID_PIGAP,omwana agwate ekiteeteeyi ne sikaati ennyama eweewe eryo manda baazukira yasi eryo baaseeze ababiri bika ali ku ffoomu yabayo n'omwana gu na ku gya ena yabayo n'ekipande aba ne eridoote
ID_PJDUM,omushaija n'omujungu muhango ajwaire enkofiira aine eirobo omu ngaro erikutambika omu maizi ayemereire aha rubaju rw'amaizi aha eibaare aga amaizi getooreire emiti hariho n'amabaare agandi omu maizi
ID_PJPFT,omukazi nayongyera omwonyo omu mboga eziri omu safuriya kandi ziriyo niziteekwa aha sigiri erimu amakara kandi aha rubaju hariho akadomora ka buto nana ahansi hariho seminti n'ekigyere ky'omukazi nikireebwa
ID_PKIDG,kaayuni kaabonekaane nga embaata yiekhumeetsi biseera biri angoloobe keemerawo kusindu mu meetsi kameetsi kano kaabonekaane nga kaali kamakali biseera by' angoloobe
ID_PKKSP,atye ka neno nam madit adada kun nam meno tye ki got iye i got meno tye laco tye laco ma ocung iye kun tye ka neno pii ma obino ki kero matek mada ma tye ka pyete i kom got meno ma tye idye pii
ID_PKXGW,emon gicho magiti di ba ma gitigo e vul mokende tin dongo chin en weny guruoko motok wich guchuny di ba baa ni lum pee tuoatingegi
ID_PLDTV,omukazi asitamye omudaala gwe ye ayekomere akakoohi kandi omuto ayina ekitambaala ayina n'ebirawuli omudaala gwe ye n'aguzamu emboga ayinamu na mukene n'ebintu bintu
ID_PLQIO,kom acweya ma kicano doge ki doge i teng lum ma nen mubok obok col col maromo apar acel aryo ma buru buru ki komo dok ma kicanogi ki itenge ki cen
ID_PMIAZ,ogu n'omutwe gw'enjoki omutwe gw'enjoki nigwiragura n'amaisho gaayo nigwiragura n'obuhembe nigwiragura n'amaguru nigwiragura reero aha mugongo gwayo haine erangi ya kinekye akati akariho neeza kuteekamaho kaine erangi ya kinyaatsi
ID_PMSUD,abantu bali kenya mupiira bali kukuba mupiira batu balimu mu kisaawe balala baagwatira ezippale eze wanga balala baagwatira ezingobo z'ogugwatira muzi ng'ato galiko liizuune bandi bali kuwa mba namakono
ID_PMVCH,baasaani babiri utwera w'ehaale ukundiwo emikira akwaliraevesiti b'emiraabo eneye eriri eriebirambisibwa ku masanyalazi nga kiektensioni kiwaya ne bibindu ebindi ateayira olidduuka erindi
ID_PMXET,chal man tie kuon nyuoro chal mapenis kuome man manyak makichamoni kuon ineno jae jae mogo tie mapenis man tie ariyo kuon achiel tie madet kirak matirine ching'ere pad mafenis tie manen alum alum king' e chal man
ID_POSPG,ekikhaafu ky'emwisiwa kyabonekera inyuma waliyo kimisaala itaayi yabayo k'mafumbi niyaasi wabawo bunyaasi bubeere nga khabwooma ka kiba nga kyaaya kindala nga kiba nga kikenda nga kiyima ki khuyire emumiro oba khuire emuno
ID_PPRYD,aneno yan magpiero tie ikamobedo dago dago ento yan eni tie mapar tie grien yo tie mokamo chi lacham kilachuch yo tie ariyo egen yan anoni ginma aneno
ID_PPVDN,omukasi wemmire humuhoosi akari ali ne kkamatoore wakwarire egomesi wabuwere kietambaala homurwe hu ndulo eryo kimeeza ziriho otinyaanya yaabayo bisaala e kintu
ID_PPWKT,lacho man tie kachato nyanya mochungwa kuon tie kachato gi idiechieng jermi man tie kachato gi i wilela matie kalone alora oruoko pie bo ma obero long' machol kiko boo mala bere bo
ID_PQPON,inzira iriho liroba n'ebiibaale andulo eriwo nasimya yisi baabyala awaamiria wa guriini baamubyaalira mu tsilayini muukundo omuminsinasimyali baali mabuula inasimya oyo baamwaka itaayi eriyo rikimisaala
ID_PQXVA,mangi eri mu kimuli tula erangi eza okufaananako ng'embesemu ate bususuna kutta mu bwe kimuli
ID_PRDVC,luno luli lukingi luloleeya mu ngaaki luwande lwe lukingi lulala luliho kimisaala kye kalituusi kimikali luwande lulundi luliho busa ku musiru irimo kamatira nga kamatira ako kirimo kimisaala kimikali
ID_PRFJX,kic tye winyo atura en tye cwiyo pi gin atura ma tye cwinye ni eni kun wangeo ni bene kic maro atura gicamo kicwinyo atura ma ki bene atura gimaro kic
ID_PRHCL,yeya matye i nam tye ki dano iye ma guruko jaket makwar utok makwar yeya kalane yelo ento nen kero pa pii tye matek ma pii tye ka donyo i yeya yeya tye
ID_PSBWH,mon ki co gitye ka myel gin tye ka myelo myel me tekwaro ma meggi mon guruko bongi ma rom manok nok kala weng matar waco bene guruko bongi marom long tye kala macol ki cati tye matar mon mukene gitye ka goyo bul itgi
ID_PSXPD,atura ma gugure kacelo ma obedo alum alum tatar tatar i kine ki dong kic ma bedo col col acakacak col col tye ocung i wigi
ID_PTEJU,man anyogi ma kipitogi i lain atir anyogi ma pud tino matoco ma pud peya odongo weng ki dong ki itenge tungcel tye mucele ma kipito bene kipito ma kiyubo ayuba madwong
ID_PTNLJ,sifho isipo nekana sihiutsurirwa nemubenduvi chafu muri moswi kenya nehasi emwekenya asi emwe kenya ano kamhando kaamba kamheti sikati mavoraita kamheti ikatemberera housa ari kametsi kano kamaposhanhavi wo ndoroiriwo tsinzu tsiliwo iri woni shiko sihangu igwatar
ID_PTTZJ,omukazi ajwaire tishati erikwera eine ekitogi kirikwiragura n'omu mukono harimu akarikwiragura ayezirikire ekitengye ari aha kyoma aha rubaju rw'ekyoma hariho eshweta n'ebitundu by'ehuuzi aha rubaju rwe hariho ondiijo mukazi nawe ajwaire esaati niyo emwe
ID_PVJOT,emicungwa mingi eri omu budeeya bubiri n'enyima y'obwo hariyo obundi budeeya bupakiiremu ebintu emicungwa ebi omuri egyo eshatwiremu kabiri bicweka bubiri kandi birangami obudeeya nibwera burimu ebiranga birikutukura
ID_PWNQG,babaana babiri baakaana baayabire ebulo oasi eri sas kuiroba era nga waliwo bwisi bareeremu nga kabaasa kwinyaya era enyuma waabwe waliyo buuyu ukkaleko nabwo era baabwo mbehera liiroba buutafaali ne kungaaki baabukuulira bunyaasi
ID_PWTXS,omushaija ogu yagambire omukazi ngu ayemereire ahari aha hanga ahari amuteere amuteere nk'oku ari ahabw'okuba nooreeba akwaitse karaamu ariyo naagyezaho kumuteera omwishiki ajwaire ekiteteeya kya kinekye yaazaho ngu bamuteere
ID_PWXFJ,abaana b'eeri ssomero bahaana b'ehaale bakwal reinform balika banaba n'ekimbiso n'ekibuti abaana bano bali bahaana baakulu babaalika baana ba kyingubo nebibindu bibindi biikale
ID_PYHSU,kaka eni atye ka neno dyangi nyakole madwong ma gugure kacel mukene komgi men macol mukene komgi kwar kwar mukene ocung acunga mukene obuto
ID_PYIJW,ichal man tie iye motaka taxi achel ma oting'o dano e iye ki otweyo te iwiye matie kang'wech iyo matie mariam ma iteng yo man tie iye yadi ma otwi mabocho ki macheko
ID_PYLPA,ichel man tie iye poto kamakepiato ie yadi mapol adada ma ichel man tie ie gudi ariyo ma opoko die poto yadi man ma yadi man tie makingi opike ma mokene tie mabocho mokene tie machieko
ID_PYZHM,embogo esatu ziri yo ne zinywa amiizi emmwe n'ento eri ahagati kandi zonna ziyina amayembe mawanga
ID_PZDLM,ot ka ma kitye ka cato iye jami me acama ki nyig kodi i kin jami man tye iye lapena ki muranga dok wigi kicoyo i karatac ka kimwono i komgi lacat obedo idyere ma odolo cinge kun woto ki kuro ki luwil dok ot man tye maleng made tye ka romone ma mac kikubo mapol
ID_QAMSU,inguke yaanireko kkusaala kububoofu inguke yaambire k'amakono k'ebulangisi yaambireko bisaala yiriko eyikatyamba yiriyo ŋene mu sisaali ku munwa kw'engoke kw aroba ne sisaala siriko k'amasaafu
ID_QBCHI,lutino adek ma gucung i nget ot lum lutino aryo kono gucung i tenge latin acel tye i dyere latin ma idyereni omako lamak cal tye ka mako cal
ID_QBPOZ,mukaato ke kiti kakye munonga kali omu kagera kake akali kuraba ahagati y'obunyansi aliho nana omuti gw'ekikindo gukira muto aha lubazuluwa kagera ebinyansi bishuushere
ID_QBUHJ,man kono ot ma kigedo doki kigedo i nget got onyo godi ki bene yeya tye ma kicibogi inget ot man yeya magi kono gitye i kala macol ki ma blue ot eni kono kiwero kala matar wang otte tye kala ma blue
ID_QBZXQ,aga na amaato amaato mingi gali a mutwe gwa miizi amaato aga tegali mu bantu ka ndi amaato agali mu aga amutale bululu kinyansi gali a mutwe gwa miizi aha eggulu yaago n'amagulu kye aliyo ebinyonyi ebikuguruka
ID_QCBEJ,aba n'abakazi omwe owa mukono bulyo akwise akashaho kandi buina omwana ahagati owa mukono mmoso aheekere omwana kandi ayekoliire nku obuseeri hariho emiti na na mukono bulyo hariho emiti ariho nana omwanya ogw'okuriisizamu
ID_QDYAJ,omusinde omumali ng'omusinde oyu akwaliye ekoofiira ng'eboweere haatambaala emumiro ate ng'akwaliye nissaati imwanga emboofu ng'awambire ebindu mu mukono mwewe ng'aboneka ng' awakobi mwata angaaki ng'abiwamba ng'abi mwata lundi angaaki
ID_QEEQV,baakasi bali bataru mutwera omuzungu boosiisana baawambire tiraaputoopu baaleere ku bikere byabwe ne babiri b'ehundulo baloleereere ku laaputoopu eya mutwera oliakale
ID_QESIO,mon adek guyeyo yen gitye ka lobo gudo i dog ki opaco i teng gudi kur aryo tye lum ki yen madongo tye ma gurin dok piny tye maleng kot peke
ID_QFPGI,emotoka ibiri zemereire omu ruguuto rw'eitaka emwe neyiragura endiijo eri omu rangi erikwera kandi abakazi bariyo nibaziraba ahagati bekoreire ebitookye endiijo abandi bekoreire nku
ID_QFWGE,mu kifaani kirimu zinzu ne kasasiro mu bifaata awa bugalo ne bunyansi n'ebisaala ennyumayo ezinzu ku zinzu ziri kuupi kiringa kiriko kubanga aliwo zipayipu zituusa mu ka wansi
ID_QGDHN,anyaka maleng muboyo wiye ki latam oruko cati makwar oyeyo becen wiye en tye kala ma blu en ben enoni ki jami jo ko madwong ma neno cwan kikobo wi tye kenyo oai i maber i wiye
ID_QGXUY,laco mo acel ma tye lamal kun en tye ka telo tol i wi yamo dok tol man kidolo adola i kom tal mo kun en tye ka nyero ki yomcwiny adada ma lake tye ka nen woko dok en bene oruko otok i ngute
ID_QHEEJ,kano kameetsi kali mu langi anabinzaali mulimo nibuwa nga bufuiti naabe mulimo kuusaala kulimu meetsi mukale haabaata heemireho heewumbireho nawo kali mulangi mmali
ID_QJNUG,eki ne ekisenyi kya katandaalo katandaalo kaaliwo obutaasa kaalwo omusi o harimw' obudomola harihuna n'ebikopo nangwa alina nsaani zibumba takurebukamu muntu wena kandi harebuka nkenyuma y'enjuki i n'ekinu
ID_QJYDV,enjoki eriyo neeguruka okuza aha kimuri enjoki eriyo nereeba omunda y'ebimuri kureeba haba harimu omweyangye kandi enjoki egi eine omweyangye ogu yaafunira aha bimuri ebimwe ogu aine aha maguru omweyangye ni mwingi munonga kandi omweyangye ogu neegukoresa obwoki
ID_QKNOX,man enini kono tye lutino lutini enini kono gitye ka camo adek mukene tye ma gin obedo ki i lum kene tye ma nen calo gubedo i wigi mo lutino enini kono tye anyira ki awobe
ID_QKOOV,egi n'ennyawaawa eyemeriire aha mabaale eyina erangi y'okwiragula erina eno aga ndo mappapa gino erangi ya bbululu eyina omunwe mulingwa gwe na ako kutukula alubazi lwayo aliyo ebinyansi ebyina erangi ya kinyansi ennyawaawa egi eyina amagulu abiri g'okuiragula
ID_QLBPR,ngat acel tye ma obedo i wi yeya yeya man tye idye nam kun nam man tye nam madit adada yeya kitwero tic kwede macalo gin wot i nam man kato acel bene wa ki me mako rec rec gin bedo idye nam mogo madongo macalo kit eni
ID_QMEEZ,biisolo by'emusiru nga muno mulimu sinzofuni bibindi bilihundulo hoe kameeti nga waliyo biirala biilihuutsa binyweko kameetsi kano ebibonekana byama kukhwaya kuliswaaly esi ebirala biimire bunyaasi bwaayo maamalyettaayi waliyo busaala bufuyitibo bw'olio
ID_QMYZW,meezi mulimu mabaale omuntu mu kaseera ekibumbe kirimu n'ebyo misaala ziitulo mabaale galimu mangi
ID_QNDYD,omuti muhango kandi mulingwa gweheriire gumera omu eyamba ey'omu langi ya kinyansi abazi lwago aliwo obunyansi bingi
ID_QNHDV,mutoka wele tiyo kwede mucito ka neno kwai jami mapatpat macalo lee i kin lum i kin pak i laco acel tye ki kamera
ID_QNHDW,ababano babaana baabiri nga baakwalira ebisweeta omulalaembese m' omulala y'ebbulu baaamba ne likimikhono ndootsa baaamaho ama essomero mulala waasitya ekyitabo bali kuukyenda ku luguudo ssaawa tse ku muusi batsayi ngo mu maaso waliyo kimisaala n'umuka i kuni wauiua biu ua
ID_QNPLX,kandoleerere baaki mbakisa bunyaasi liidoyinimisaala anze waawo waliwo kidoomoolo nimu ng'agina mufeere alimu nikumu mu gw'akasire
ID_QNRCJ,ano nnyanja waliko ka maato kamakali waliwo ne bunyonyi akali bumali buliko bulala obupambuluha lulala obusubi ra mu mmeeti
ID_QOLBQ,atye ka neno cal pa laco ma tye i dye pii kono obedo tye i yeya tye ka cero dye pii ki odoo me ceto me cero pii ka dano tye i yeya ki inyime nen dero pa ceng ma tye ka poto ki malo pol mucido tye ka nen
ID_QPEUR,emikono y'umuntu eri aha meza efise esum na naka cumu aha meza hariho ebirahurirye ha micyo ariho na necyoma cyakaru magezi hariho na nakapapula emeza eyinerangi erkuera
ID_QPODA,man kany nam madit tye ka cel ki laco ma angi piny angi piny tye obedo i wi yeya tye omako gimo ma en ite tye ka tic kei kun te ka omaane wange cinge acel tye i wiye umo doge ka tye ka ngiyo piny
ID_QQSVN,lutino kwan ma guruko bongo me kwan ma rom rom lutino kwan man gitye ka dok gang dok gitye ka wot iyo mo malac ma otal ngom latin acel tye ka loro lela ka omayo ngeye gin ki lawote ma awobi ma bene omayo ngeye dok iteng yo kama gitye ka kato iye ni tye yadi ma kipito ki odongo mabor lamal ma kingi kiweko malac lac
ID_QRBXS,musaani w'ehaale mu hagaari ebaaleme waambi ne ku mupiira walolereremu ku mupiira musaani ukundi naye amuli nyuma ewaamuitiirireho mu mabeka keewe yiisi hagaari emiree aliwo ekapeti y'erange embesemu
ID_QRNZN,ogu n'omuti omuti hatembiremu ebicucu bibiri biriyo bitembire omuti gw'omusika mwori byatemba ahaiguru byahikayo byagwegyerayo
ID_QSKME,khirimba khyayombekebwa hundulakoekameetsi khirimba khino kirimo binduubiikali khirimba khino i khiri kirimo kiri mu lukingi kameetsi kali aasi
ID_QSYMR,zinzuki zzaabuusanire esi zibuusanire ziri ku ze wambire mu kifo kiddu era
ID_QTAZC,abaana bali omu kikyali ne bajeza okuwiruka bakuzaana bataayi baabo bali alubazu ne nga si awankungu ne bakazi okuva ne babaleeva ebi baliwo ne bakola mwe ashemerre ku gya mu ya basinga lwayo ebeera
ID_QTEAY,omuseezaayo awambire e laputoopu omuseezaayo asanyukire naawe alina ebirevu aggwatira ezi gaaluvinlaputopoyibagimirizanebufaaiaau
ID_QTHCF,atye ka neno cal me ka cuk ka ma kimako iye cal eni laco mo ni oruko cati makwar omako pala icinge nen calo en cato wota melon ki itenge laco moni oloko otokke cato wota melon madwong ki ga mapatpat calo labolo apol
ID_QTJIX,abashaija n'abakazi bashutami aha meeza kandi bari omu ruteerane kandi bahwekize kuruga aha byoma byabo bya karimagyezi kandi bajwaire emyenda eine erangi nyingi nka eya bururu erikwera na n'erikwiragura
ID_QTLKH,emotoka ibiri emwe erukushara enguto endijo ere eryo enesukitaka kandi erukushara enguto eyi nenjegere kandi watambuke enguto hari emiteya kaarututsi mingi ebyeyire mito na nepsha kabiri aharubaju
ID_QTUTM,ka eni atye ka neno dyangi dyangi nyang koli ma gitye ka wot ma ibong atye ka neno dano bene ingegi ma gitye ka lekogi tye neno jeriken pii ingete yen ma gutwi maboco ki ite atye ka neno ot
ID_QTZZZ,omuntu waakwalire kaveera habimba humuhono nga mu mukono kuno wasutire ahandu habimba humolu ne kumunwa asutire ne akuuma akebera ng'esi ku mutima kw'omuntu kuupa
ID_QUGKU,chal man tie kanyoro chal lotieno ariyo ma gobedo iwi pire pire kuon gitie kang'wech kwere ki gotweyo jercen ariyo iteng' pire pire man
ID_QUHBZ,iyinzo ofu ikkuluniika gofuke ne ka agyeekekaayo gikkuliriko nimindiko negimisanga gyene mayi zinziga z'eneene nga zikoze gye ndewa meezi n'enkuutuo ziriko zimbogo ne gimibiizi gy'emmeezi z'emireku zirikuutu mibiizi gy'emeezi giri mimeezi mwene ne ng'eddaali eene kuutuo ka kubuunyansi ne ng'eddaali ene ene kulikobi giri omisutumibisi
ID_QUPTJ,mutoka madit ma otingo yec mapol mapek i ngeye omoko woko i coto laco mo tye ka ngwec ki pikipiki mutoka madit omoko bene ingete
ID_QUTTQ,omusanyi muzung' omutwera ng'ali mu veesitiiwa nga akuarin neklesi omuwono kweyomutwera kuliko itatu y yeesisi y'e kaasolo amale ekaale abonekane oli wekaali mu musindu biseera ebiribya ku muusi
ID_QVOUJ,obudde bwa be bunnya nga oba nga yasi ssaati kyangolobe ka miti kabe nga kabira akali ekirina
ID_QVQHK,ku mukunda kwe ku mukeere ku muboofu ow'essaani wa kwalire jaketi ya yero warereke ko fiira wayambire bbaketi mmali alikaamiisa faatalayiza oba bigimusa alikaamiisa biggimusa muni mukunda kweewe kwe ku muceere
ID_QVZSE,bibyuma bitaru byabonekaane anaano nga biri bibyerekefu khukhwaka biilimwa birimwa bino oba kamajaani namu oba ku muceere ebi bibiitibb bibyuma bino byalindirire busa birekeke nga byamalire ne biroota ne ba biirayingo
ID_QWHBB,omushaija ajwaire empare erikwiragura ashutami omu bwato bw'erangi eya kyenju obwato obwe buri ahaiguru y'amaizi maingi aha rubaju rw'obwato hariho ekiti kiraingwa kisimbire omu maizi kandi n'obwire bw'eihangwe
ID_QWJOV,abaana babiri babaishiki bajwaire yunifoomu eyempare nguufu nana t shirt kandi bariyo nibamwenya bashutami aha ntebe y'ebiti bariyo nibaruka nibeega eby'emikono bariyo nibaruka bakoresa ehuuzi
ID_QXIHF,omukerema uboyire omwana kumukongo niireesu waabo waalitu ne bilayini byesokola nga uli biswayiri w'emire mukunda kumukunda kuno kulimo bissaala bibonekaane nga byeesib' osyakaho lwataayi y'abayo bisaala bireeyi by'etiihendu
ID_QXKVE,emitumba eri omu maisho g'enju ibiri emwe ey'obudongo kandi endiijo esiteize amabaati omutumba ogumwe gwinamire guri hakye okugwa kandi n'obwire bw'omushana endeerezi ririho omucuucu mwingi
ID_QXQOS,i cal man tye iye pii nam madit adada ma idye pii nam man tye iye dano mapol ma gitye iyeya ka cere ki bene dano acel tye ma ocung iteng pii man ki bene iteng pii man tye iye yadi ma otwi maboco
ID_QYLPH,abagole n'abalunzi kusala ku obw'oku ne bisalabibindinekamaulukuluakeaa
ID_QYPYB,abantu babiri bari aha nayikonta nibagyezaho okutaha amaizi aha nayikonta hariho ejerikani nyingi bazitiize layini kandi omwishiki omwe ariyo naagyezaho okupika amaizi kugira ngu garugye omu nayikonta gaje omu njirikani omu rubaju rwabo harimu egaari nana ebimera
ID_QYWNK,pot anyogi man mwonya mada anyogi komgi yot dok potgi tye alum alum maleng adada inget poto man obedo yadi yadi ki dong ki malo dan polo nen maleng adada
ID_RANZY,zinzuki baazi zibiri zirya nze ndo era eri kugana kuutula mugati mu muzingi baazimba kira esi ziri za za kusaalirayo baazikolera mizinga mu esi ziri eriri kugana kuyingira eggana kuutulayo zino ze kugana kuutulayo
ID_RAQSA,ente nyingi ziine amahembe gatarikushushana agamwe ni magufu kandi agandi ni maraingwa agamwe ni makye kandi agandi ni mahango emwe eri omu maisho eine amahembe gehesiremu kandi ni mahango
ID_RASFY,ekibira ky'amaano muno nga ekikwise ekyombo kirwemu amazzu aberugo nga ahambazu y'olulukuto lw'ettaka oluli ahagati y'ekibira ekibira nya mingi kiri omu langi ya kinnansi
ID_RBNTC,egini dano ma gitye ka lwoko cinggi ngat me acel oruko cawa icinge ngat me aryo tye ka neno oruko cati matar ki pye bongo ma grin inyimgi tye ka nen lum ki ature ma kalane obedo alum alum
ID_RBSYL,waliyo liizike eriiri mu sibira liryambi ne kamasaafu k'emusibira liizike lino lyaaleere kumukono kumunwa lirihoolereramu ngaaki liizike lino lirira kamasaafu k'emusibira sino
ID_RBWMU,buyuusi aliko kimyoya omubiri kwonsi alimu kyewa weekaale ali haawenza byehuuli waaloleereere waayena kisaanyala wowami
ID_RCGGQ,ki ssaawa kiriko bunyansi bunyimpi basalako era ne imwanga batu baliko balala baagwatire zingubo zimwanga bawandiikako ze nnamba gundi emali asibyeko asa omukono ne gu mupiira guli akati
ID_RCGNU,ishombeeshimmiriyu siboneka nga lukhobo lw'eri nambo uganda oliwo tibendera tsi ng'alitse eri nambo lya uganda ne abandu baako ukenderawo
ID_RCMUB,lee lum madongo ma tungi tye akara gitye ka wot ki idye lum tenge tye lum matino tino ma rubo buta tungcel tye winyo ma tye ka bino ki angec tye ka tuk lamal ki i kin yadi madongo ma bene gubedo alum alum
ID_RCYHD,omushaija nana omukazi we omushaija ogwe ajwaire ekooti kandi omukazi ajwaire akatimba k'abagore omukazi omukono gw'omukazi gwine eshaaha kandi engaro y'omukazi eine empeta kandi engaro y'omushaija nayo eriho empeta
ID_RDLYQ,lutini kwan tye gubedo yot kwan gitye ka kwano buk kun gin obedo ki buk inyimgi kun jo aryo ma tye anyimmi tye ma guketo cwinygi adada ngat acel tye ki kalam icinge ki ngat acel pe kalam ngat acel gubedo ki ingetgi tye ka mot
ID_RDNTN,abashaija bashatu bari omu bwato boona baine engatsi omwe ari ahagati abandi bari aha rubaju obwato buri omu maizi
ID_RDQDX,achie kaneno latin awuobi matidi ma en tie onyo kon omago odilo kon kang'ere nen chalo ba odilo malum otwi olwaro duchu latin manotie kanen chalo tie ka keto odilo ati kon en tie kayope mekweyone
ID_RDYPM,abantu bari omu muhanda nibaruga kutaha amaizi amaizi nibagatahira omu bigirikani omwe ahi amaizi ariyo nagasindika aha gaari baraba aha musiri gw'ebicoori
ID_REISQ,man min latin omako latin mako cing latin gitye ka wot kwede ki idog pii pii madit yeya bene tye i dog pii yeya madwong ki dano madwong bene gitye i dog pii latin nyako acel tye anyim bene
ID_REKZS,omukazi ayekoliire ebbaketi erimu amandaazi aliyo n'agatambuza aheekere na baga za aya yaayingula emmotoka eri kiragala
ID_RFGCD,nsira umdii yeliiro omusaani aliho osindiha egaali wakwalire ng'ofiira embese ennyuma weewe okubonayo abandi abandi bunyaansi buli hundulo kwesira
ID_RFQCH,ekiju kyombekyeise amabaati kiine omuryango gikozirwe omu mbaho kandi omu maisho g'ekiju ekyo hariho emitumba eheekire ekitookye kandi endeere zaakyo z'emitumba egi ziineho omucuucu ekirikumanyisa emitumba egi ehereireine omuhanda
ID_RGZOZ,nindeeba obuju obufuuha obufuuha obu bushakize ebinyatsi harimu omuti muraingwa gw'amataagi omukibuga harimu embuzi omukibuga harimu n'abaana hariho n'edomora y'amaizi
ID_RHIAT,ennyanja liriko liryato oly ekimibaawo irikowo abantu babiri butwera wo embikire alibukuna alibusa neekha pujamuko emukkati andulo y'ennyanja iriwo bunyaasi woguriini bubundi bw'ayomako eriwo n'ebiisaala
ID_RILBO,eri nirindiro ry'enyamaishwa nindeebamu enyamaishwa ndeebamu embogo ziriyo ziriyo ahansi okwo ahansi y'emiti ziriyo nizirya nindeeba n'eizooba kuri ririkurenga nindeeba nk'omushana eizooba ririkurenga
ID_RIOFN,baakasi baabuusile kamalaara kekukulamu siisamba n'ebisaala enyuma bunyaasi liikulu imotoka n'e lukuudo
ID_RIRGK,ekifu li gye kikulabw' amamiizi alubazu gaakyo ali kasasiro egyombi veeranana ebiddeeya omu miisho gaayo alimu amazzi gombi kiyisa mataffaali
ID_RJTVM,omu kizimbe kihango muno nga alimu entebe nnyingi ziriko abantu bingi omu miisho g'abo alimu abantu abantu na na eggulu aliwo omusaalaba mulingwa muhango
ID_RJWCZ,i cal eni watye ka neno atye neno godi maboco ma dano tiyo kwede ma wot ma cito ka ma padi padi ibute tungcel ki acam ki acuc wi atye neno odi dukan ma dano tye iye biacara
ID_RJWGI,abantu batalu bali kukenderera ku luguudo era ku bantu bano kuliko baakasi be babiri n'omwana mutwera era ng'omukasi mutwera etikir esinkukumulwe atusule n'omwana ku gongo ukondi awambire ehaaweero era ng' baasi bano beeweya etsireesu nga bali kukeneera ku luguudo era ku luguudo luno ahundulo ol kimisaalo ekyale eya ku luguudo luno
ID_RLBWB,luguudo lwa kooraasi nga lwabirira muissina muelukingi nga waliwo kinsu kiriko kamabaati kamawanga lwakhala liiswa waliyo kinsu kiri akari eruguudo ne hundulooyi ne ruukingi luliko bisaala bya guring
ID_RLOYI,tenkuba tesinge baanihiire kamanda kamoshe baalirakeramusawu amkaliyambi neira olugod
ID_RLSLD,ommu ennyayi we ku mupiira abiikireyo ku mupiira afu kamiire ansi ali kulwamba katonda ng'aza kuinya weere amuezi engabi abone ng'anyalisa akuubira omu buulayi kira ssaawa ezo ali kuusaba n'eyo abaantu bandi si baliyota faana ba b'ennyayi bandi baliku luwande bulundi
ID_RMOSV,man aye tye cal yeya madwong ma ki ingeye yeya man aye tye cal odi pa dano ma gibedo iye ka ki ngeye tye godi ma yadi matino tino tye igi
ID_RMVYX,omukazi ayina enda kandi anyaama ekitanda ennyuma yeeye aliyo ekimuli kandi ndiijo omukazi aliyo abe na mu muliko aha kyuma kya kalimagezi na mu muliko munda
ID_RNDAD,langwec ki pikipiki mo muruko cati kiyubo ki rangi mubedo danyo danyo tye ka ngwec ki pikipikine idye gudi mubedo cere lung en tye ka ngwec ki i wi cere ni dok tung ka ma lung
ID_RNYMX,enjojiina empangoho n'ezindi esatu entono ziriwo zirya ebinyaasi eby'erange eya guliini enyuma yaazo aliyo obumu bubiri obuli omurange eya guliini enyuma y'obujoobwe n'alabika kuba aliyo ekibira kikwatiine enyuma y'ekibira ekyo aliyo mugongo eya
ID_ROLPO,nindeeba abakazi babiri biine omwana omwe ayekoreire enku ondiijo akwatsire akajega kandi abakazi boona bayebubukire ebiteteeya omukazi omwe aheekire omwana aharubaju rwabo nindeebaho emiti ebirimire
ID_ROVLH,amaizi aha rubaju rwago hariho ebibaare bihango kandi omu bibaare omwe hameziremu ebinyaatsi omu bibaare muno hamwe n'ebinyaatsi harimu niharugamu ekikooko kimwe kyashami eki kiraga kukunda kuba omu maizi nari kwikara omu maizi
ID_RPBGJ,cal lyec ma tye ka wot idye tim i ngeye tye yadi aryo madongo dongo maboco yadi tim yadi madongo ka ma ceng ryeny adek iye
ID_RPJAI,enkobe ziriyo nizicwekanyiseomuhanda kandi enkobe eziriyo zitambula n'e ssatu omulubazu lw'omuhanda alimu ebisaka bingi n'emiti mihango kandi miringwa ekwatine
ID_RPMUP,i cal man ma atye ka nenone ni atye ka neno poto labolo poto labolo manen maber ma labolone weng aneno gitye grin maleng ki ingeye atye ka neno pol ma blu en aya tye ka nenone i cal man
ID_RQBXF,babaana be khwireekelo babandi babaakwalile bikwaalo bye bikhali byeesi bye khwireekero taawe nga bali mu khutima tsindimo ku mukhoosi kwe liroba bali khutima nga baasamile mukhanwo babandi baatsakhile nga bali khuutya ibulangisi babone naano niyo unywoowa unyooyele akhukwala bikwaalo byekhwisomelo taawe ng'ali umusinde
ID_RQOTJ,omusaano yu ali mu kirende kirende ekiba byalamo ku mukyeere ku mukeere okuba ku byala bulayi era kiifo ekikibona a buulayi hunduleho ekirende ohu huliho biisaala hung'aki mulimo singongo era kiifo ekikirimo tsingongo singali
ID_RQRVT,omushaija ariyo nanaaba omu ngaro n'omushaija arikwera ajwaire esaati ya bururu kandi akwitse sabuuni erikwera aha rubaju rwe hariho soketi y'amashanyarazi nayo erikwera ashimuriire taapu eriyo neereeta amaizi
ID_RQWQL,ngat man tyene ka biyo lalwok cing ma kwanyo kicgi ki i cing dano peyo yot lalwok cing man weko cing dano ga ma yom pe weko cing dano bene bedo mutwo en neko kudi bene oyo
ID_RRJUH,dano mege tye polle ma gubedo i yeya gubu wi utok i polle gitye i yeya tye ma kiketo jami acata iye ma tye ka i yeya ma kicweyo ot bati labolo tye ma otwi get ot egoni
ID_RRPLI,baasaani babiri bali kuuli misatsi yeeyi namwe eksiŋŋaafu kiwuunwa kesiboomola muukunda musaani mutwera alikuusama ksiŋŋaafu kino nga ukundi waawambire kamacyooki bali kuulima ku mukunda
ID_RSHZS,liikaali liriho liisa lyolerera n'omukoona liriho lifuka ate asiro bisaala byosiisana by'amaliire mu siilima kuutimisa liikaali lino wooleraano mu koona naye ng'aliwo kaanyaasi kaliwo neruwaaya lw'emirewo nga lood bulook
ID_RSMVF,nindeeba omushaija ari aha nyanja omu bwire bw'omwaazo aine eirobo aricumisire omu maizi ekyererezi ky'eizooba kiriyo nikiteera omu maizi
ID_RSWKM,ezi n'ensenene ensenene zaarimu eza kijubwe hariho koomire hariho ziri aha kaveera ningashi ahansi n'akaveera ako n'aka kijubwe nizishusha nk'ezishukire ahansi
ID_RUCFA,ot bati madit ma kigedo lapiny ladyere lamal mal inyim nyime yadi mutwi lum mutwi madwong ki yadi madongo ma otwi i tenge gang
ID_RUGXU,ahagati omu meezi alimu obwato basitamire omu abasaja babiri bakwasire enkasi ne batera obwato ne weeyongera omu miisho bombi tebaziire ssaati
ID_RUHRT,n'abo ne ekirala birala bibiri engo etwale nkonko pirikiy'emiroembesemu birala balabibwa kimu kimikosi balabibwa ku mikosi babitira n'ebisaala naye nga ensu eriyo ya ppaamanendi enzi eri eya ppaamanendi basi ku kipapula si taata ate ne bisaala biryo
ID_RVMHO,zikkoba ezibiri endwera yaambi aagaatira emakkono eyalebaalebesire mu kinga yaasirire mmuukono mwene gindi eya yalebaalebesire mukinga yaasiriire mu kirowo naye nga za mbali amu muni ziri kuni gamooya ga mmanabuvu
ID_RWAPB,cal kabedo kama dano tye mapol iye ma wa idye gudi mutoka petwero ngwec i yot mutoka ngweco manok cung manok cung kit i wa pikipiki dok lengo ma kabedo meno pe tye maber tutwal
ID_RWAZQ,maeni konotie kokobi kukobo man konotie kala ma grin iye konotie kala mata ing'are konotie mogati donat mogate mayie otuch mogati mantie makikaro ikar atach
ID_RWEJX,lyec madit ocung odolo cinge aye doge wiye tye i malo tye ka itenge tye yadi macego cego en ocung ka ma lum macego tye iye cawane calo ot ma ceng tye ka cito piny
ID_RWMZT,erweki eryo n'eza kuteekama aha kimuli erweki n'emwe ekimuli kiri ne erangi erikwera amwe na ne ya bbulu
ID_RWUFH,abantu babiri bari ahari nayikondo omwe ariyo nacunda amaizi ondi ariyo ayemereire akwatiire emikono omu maisho kandi baine amadomora aha rubaju rwaabo agu bariyo nibenda kutamu amaizi
ID_RWVFU,i ot lega pa kic ayo yat ariya nen i ot lega cain dano pol iye lutela gitye anyim yako lutic taya gitye gucung acunga ma nok gubedo abeda
ID_RXCCB,abaana bakanani basinde nga biimikirewo ŋŋene balala baawambire makono ku mugongo bandi bawambire makono mu maaso bandi beeyambire ku bisaala kusaawa ze gumu omu bala ndi biikaale
ID_RXXRF,enju nyingi zoona zombekire ahantu hamwe zetoreire hariho n'omwanya ogu batembireho eitaka ogutombekireho enyingi ezo zombekyise amatafaari kandi kuriya omunda harimu abantu nibatambura betoreirwe enju ezi zetoreirwe ebishaka emiti ebintu bingi
ID_RYCRI,omwanya gurikuturwamu abantu baingi gurimu ebyombeko biraingwa bya kanyina aha rubaju rwagwo hariho oruguuto rurimu emotoka n'abantu kandi harimu emiti n'ebinyaatsi
ID_RYQDX,bano bazungu babiri omusaani n'omu kerema baakwalira ebivuba lebubimbiebakedabakendaoluguudo kundula kuliko biisaala w'amala waliyo n'omuhasi wityuhire sisiipo wasitire n'embaga omukono hakenda wabapire ku mukongo
ID_RYTBG,ni enini tye ka nyuto cal pa mon ma gucung i dye tim aroo kabedo ka ma gucung iye ni tye piny ma otwo ma tye ki yen ma bene otwo pot otwo weng ma guruko bongo pa maca gutweyo tiko ingutgi mukene guboyo wigi
ID_RZCTL,ku mukono kw'omusaaniro n'omuzungu naye nga w'aawambira alimu motoka weewe ew'awambira esiteeringi nga n'afuka ku mukono mulaiuumutwerabusa ku munyeresi kw'esaawambire mu siteeringi muene saawaabone kata neetaayitsi ndabirwa musooke esero esaaa kiabuwanga bwonyene
ID_RZQPI,atye ka neno dyangi madwong ma gitye idi bar kacam tungi tye maboco mukene tye ma buraun ki mukene tye macol dok ki ingegi kuca bene tye yat madit acel ma ocung ma tye grin
ID_SAPZB,egi n'enjoki eri omu kimuri ekimuri eki nikitukura kandi enjoki egi eriyo nenyunyutamu nigashi eteekamiho ehumuriireho kandi enjoki egi amapapa gaayo nigiragura kandi omugongo gwayo gwinemu ebibara bya kinekye n'eby'okwiragura
ID_SBFCV,buuyi bwe bunyaasi bubiri buuyi buno nga baabumaalira liroba baabimbaho bunyaasi buuyi buno bumuli yo amala baatikiira bi ssaala ku lwanyi luliko bunnyaasi bw'e sibasaawule era ne ssaala kese ntu siryambi eyinyuma kimisaala kiriyo ne kamatoore
ID_SBIOQ,luguudo lw'eri ttaka lukubitibwako batu ku ziwande z'enjawulo nga enyuma yaabwe eriyo bi byuma esi wayi bireedazisimukubangazikubibwa
ID_SCCIR,ebifa ba baana batalu bayina ekigaali si biri ndwereriyasi abameeruutikutaakameeti n'ebyepiira byabwe bibiri
ID_SCDHO,i cal eni atye ka neno bur mo matut i bur eni pii tye mol ki malo mol bur enoni ki bene dako atye neno gweng mogo ki godi matitino matye i pii eni ki tenge ki woko atye neno lum olot bene
ID_SDNXN,zi mbogo zi nga liri kugenda mubunyansi ziri n'embogo enjeekeeene ne zikula zonna eri zirimu za ye efumbwa zinziga ne ng'edaayo ene eri ebido nga kisala n'ebirigayo meeru ku nku na eruli
ID_SDXKF,abashaija babiri bemereire aha miryango ibiri bomba bajwaire enkofiira omwe akwaitse enkoni omu ngaro ondiijo akwaitse omukira omu ngaro omwe ajwaire akakooti kagufu ondiijo ajwaire akakooti karaingwa omwe ajwaire ekaito na sokisi ondiijo ajwaire rugabire
ID_SESPV,omukazi ayekomere omwenda omutwe ne kitenge omu manyanya n'apuma ennyaanya n'aziiha omu bbaafu n'aziteeka akasaanikakyealubajuhaliho emmeeza ziriwo obusaani aliyo ennyaanya
ID_SEUTS,enini cal pa atuko kweyo odilo nyo timo ki tuko mo mapat ma ocung bar ka malac ma bedo calo bar gweyo odilo ki inge en tye odi bati ma nen calo gang kwan gang kwan
ID_SEVKH,etunda eyiye ggoloofa era ng'eri ng'ekkanisa hulusha kwayo kuliko bunnyansi ne eyisibakendera ate ng'abunda waayo eryo ku mulongooti kwe ka masannyalaze
ID_SFIKK,kagingi kuliko zinzu zinzu kuliko ne kaaguudo kaabitako kuligako obusaala bugeeke kabaka ko ne birala bire
ID_SFMRZ,kameetsi kamakali akaabonekana nga enyanja khu ndulo iriwo obunyaasi obwatsowakho iriwo lilyaato iriimirewo iriwo baasaani babiri abalambisa lilyaato lino bali khutsa kuloba tsiŋg'eeni okhwama mu meetsi kano bali kuŋŋoonaŋŋoona bunyaasi buno
ID_SFUSO,mon man gitye ka wot i yo man matidi ma kato ki i lum man mon muruke ma aryo oruko gomci ngat acel me dan oruko bongo ma bulu dec ma mabor ma oa piny teng yo man tye opong ki lum ki odongo mulot boco boco
ID_SGEXV,pi ogwar madier ada dong pi ka ogwar madier koman wolwane nam dong nam katie madier koman pera mowuor wie kitieni nikwanyo wang' maioyo mowuot kitien onyo garigarigu iwie
ID_SGITN,cal dano ma ocung kene idye pii madit i yeya kun tye ka mako rec ki goli tung cel tye atudu nam ma tye ka kwang
ID_SGKRZ,musiri basiboofu abiri kino kirimu kindeeyi kyesi ggoloofa n'ekimotoka ki ngali kyesi bapangire mulimu eki kamunya n'ekiti ndi kyeffiiti abantu bo kese kya buntu afaanana oli musiro era n'e buwanga buwuliwo buli bwo ekito okibusa bwe si bantu abalambuakulamkyangabuwangakamafumbiligguluitaayi lya bonna ano eriko amafumu amawanga ne ka bbulu
ID_SGNWL,bazungu bi kale ba buto erangi mu twera akale buga lu bine waambire ssimu mu tishaati emmuli balala mutwe wayambire ekumalu ateere abangi basirirebusa
ID_SGVPF,i cal man tye iye otok pa cilam mapol adada ma otok mukene tye makwar ki mukene tye ma tar col tar col ki mukene tye ma blu tar tar mukene tye ma yelo ma yelo col yelo col
ID_SGWXQ,cal dano mapol adada ma gitye i teng nam nam man kono tye yeya aryo i dyere ma dano tye iye ki dog nam man tye lum ma ogure ni duk ki tung kany tye ot bati ma wiye nyal omako kun ot man kipuyo kore ki daba i ngete tye ot mo ma dong wiye oket woko kun wiye tye lum
ID_SHBYM,man enini tye ka cat gin ma kiketo i lupuko ni kono tye matunda ki mucungwa jami mukene ma kitye ka catone kono tye nyanya ki tungulu ngat ma tye ka catoneni tye laco ma en oruko kon bongo mungolo ngolo ki ngat acel ma tye ka cato matunda ni ocung acunga
ID_SIELO,e chal man tie kanyoro chal ot lum ma kichweyo ki iwiye kilum ikore kichweyo ki daba ka kikaro yiam ite metielo ko wi ot
ID_SIMPR,ekyombeko kihango kirungi kya ka nye n'emwe kikusisha ng'ekkanisa narishi ekereziya kiri ne na matembezo n'embuga ya kanyansi kagufu n'emiti biri mulungi omu miisho aliwo emisiri
ID_SJHGN,abashaija bashutami bahikaine abashaija ni babiri omwe ajwaire ekooti erikwiragura nana empare ndaingwa taine nkaito omu bigyere ondijo ajwaire ekooti nana empare ndaingwa ajwaire butusi
ID_SJOQR,ebyombeko nnya mingi bisakiize amabaati agali omukeesha oba amala langi ya kigazu geetoolirwe emiti nyamwingi enamwe n'entooke ezirina ammabi gonna gali omu langi ya kinyansi
ID_SJVDR,dako ma ocung acunga i dog cate dok en tye ka cato i cuk kacat man tye otero ambrela malac me gengo ceng ka itegi ocano jamine me acata ma tye i kom ki meja ma tino tino i kin jami man tye iye layata ma oteko ki naci naci ki bene labolo ma ojengo kun woti kuro ki luwil
ID_SKBAA,umukerema weehaale wakwalira emasiki n'ekinkubo kiimali walolera luandalo etaayi ne babandi baakali babeehaale ettaayi eyo oboneraho ne bikyuma bilyobu byenninaho ng' ki bali nga babeehaale kukifo omuki ebikyuma ambi ne ku mulyango isi balindiriire kukwingira mu kabi
ID_SKNFH,avo muhanda harumuo hava kasi pashathur mumukadzi menyusvo azi ri mwenda muri muranji yekuenda kuvachemete wakaviria hawandeo hazvisita chabhuru ronywa achijiromwana
ID_SLDYZ,engoma itaano ezimwe ibiri nimpango obundi bushatu nibukye ziri hamwe hariho nana endiijo eningwa erikwiragura hariho nana obutebe kandi eseeri hariyo ekirahuri kirikureeberwamu
ID_SNEVK,enini kono tye layub cweta en tye ka tic ki wii ma yelo me yubo cweta wuci ni kono tye ma kikubo i gin ma kicweyo ki cweta ni en kono tye ma omano kitenge i pyere cinge tye macin me yubo cweta man
ID_SNTVC,omushaija ariyo nahakuura enjoki ajwaire giravuzi zirikutukura hariho ebinyaatsi ahansi by'erangi ya kinyaatsi kandi enjoki ezi ni nyingi ajwaire butusi zirikwiragura nana empare erikwera
ID_SNYZL,aneno keno ma kiyubo madwong adada ma kiketogi laka acel cal iye tye mubedo calo cel i ngom
ID_SNZJP,ano isi booshera bicuma ŋguli ki miryango kamatinisa nga baliwo basaani abaakwale si koofiira humerwe kaawe timwanga bali habosha ng'okundi wihaale ano okupikipiki wakwale esa atiimwanga ne kikalobindini mu koofiire m ekulini waloleerera eno
ID_SOHLS,latin awobi ma onen ma ogengo odilo ki tyene tyene tye nono odilo man kome onen matar col tar col odilo man tye kalama ma cimme i kome latin man oruko kor bongo ma obedo yel wiye ongole ki ma obedo alumalum
ID_SPEZM,ebisolo biigali biriko mikinga ne ga makutu maliri biri mu bunyansi buule eyina nga bwayoma eddaayi ye bunyansi eriyo bisaala biigali biriko zirya n'egamatu
ID_SPGGE,opego ma kitye ka gwoko ne agwaka i ot dok ot opego man kiguro ki bao kun opego ni oluto ume ki ikin bao ma kiguro ki otte ni dok i kom ote ma kiguro ni tye bao mo acel ma kiriyo ma poko kin kor ot mo acel ma kicweyo acweya ki matafali ki daba
ID_SQRAD,embogwo ibiri zomune uzu rwana zorwana raharubazi rw'amizi endize embogo eyemeriireamizi endize yemerire ahankungu aarubazi urwezo eziruku rwanda umumisho gazo harimu ebishaka na nebiti bisaka yambere
ID_SQUXU,bikebe baataga mu buuki baayikasa mu madaala bayikasako kibaawo naye nga bikebe bye ne bingi bigaali bingi bigere bigaali baataaasi bidiba babiri ebigere baayikasako ngazi naye nga bawandiika kovert so st ani baba ata mu madaala g'e kubanga na kutunda bafunamu langi
ID_SQXNI,aha ndi ekisenyi ky'abaana babiri amaze essweta kutukula ndi za kosita ya bbulu n'empale zi n'empale ezi kweragulabakatireninammaama waabo maama waabo azuyire omwenda gwa bbulu ayekuliira mutwe
ID_SRISW,omusaani n'omukasi baawanga baakwalire esikoofiira humirwe beebwere tissawu mubi buno balihukenda humuhoosi eriyo ni hahaana ahaaluuhwamu essomero 'abalondereho enyuma umuhoosi kuliko kimisaala zimbeka nesimbeka
ID_SRRCG,ama zvivhinji ngari yaakasozi gope chisa matafari kandi nanamavathiga whithi amazvoga mwene machendagani numahango kanda hivhe yaga harve china
ID_SSCAJ,omuseeza asudire birimwa bifaananga muceere mu mikono gyombi munyereezi ne egumulayi asambire mu meezi iboyere iboyere kisuuka mugati mulimu empale
ID_SSHNL,i cal eni atye ka neno bongo aryo ma kingabogi bongo ma kwanyo obedo koti ki kanju pa laco ki dong bongo madok obedo gomci ma kitweyo ki tolle ma nyuto i bongo pa dako
ID_STDBY,omushaija ariyo naayotsya enyama omushaija ogu ayemereire omushaija ogu ajwaire ebya mutare kandi omushaija ogu aine ebigiiko omu ngaro ebi arikukwatisa enyama enyima ezi nizireebeka gye nizishemeza kandi aha rubaju hariyo abantu abajwaire emyenda eya mutare n'omwe ajwaire ey'ekinyaatsi
ID_STLMD,ekyombeka ekya kaanyina kirina emu amadirisa aggiina ebirahuli ebiri kuleeberwamu aha nsi y'ekyombeka ekyo aliyo maduuka omu miiso g'amaduuka apaakingirewo takisi eziri kusaabaza abantu kandi aliwo n'abantu abali ono balaba alaba mu ne n'obugaali
ID_STZTQ,man mutoka mo ma kome kwar ma tye ka ngwec i dye lum mo ma ingete tye bunga yadi madwong adada en tye ka ngwec mere i dye lummi kun ka mukene nen tar tar ka mukene do tuko
ID_SUUWM,man cal pa awobe ki anyira ma gitye ka myelo myel bola kiruko kono iwigi ki dok kitweyo laa i pyegi
ID_SVLSP,omusira azwire enkofiira asutami aha bgaato azwire esweta ey'oku tukola akwise irobo n'eza kuloba ebyennyanja omu nnyanja
ID_SWJQC,dano aryo ma gin gitye iyeya dok yeya man tye i pii kun pii ni tye pii nam dano man gin gitye lumak rec ma ngat acel ocung acunga ka tye ka bano obwo lamak rec kun bol i pii me ciko rec
ID_SWOZW,rii acel matino tye ka ngolo yo rii man tye mabor adada rii gin camo cwiny yat pine gin bo adada ki i yo eni ma okato bene pipiki tye ka ngwec i kor cere kun pikipiki eni tye ki laco mo ma tye ka dwoyo ne en otingo dano
ID_SWYUF,kino kisaali nga kiri mu misaala minyana myana migali naabi nga kaaku kaayira kaabirira ku gali naye nga misaala kiri olu gingi
ID_SXKHU,bisolo bye mukyeewa biri bitalu bibiri bimmire esika esi sifu kiri mu kisaala endala yimmire yonyene ne kameeti ka lyo ne bunyaasi buli yo ne nga ebulibule eyina bitaawe ne bisaala birimu bunyaasi eno
ID_SYXVQ,mano bedo chiel yo mo mamuni mo gitie kawuor ye kachiel kilamego mo matiwchol maai poro omako kweri palguore muon achiel tilacho achiel ti dako doki teng' yo tiekiyiedi mogo modongo
ID_TAAEA,ano ali omwezi nga ga ddime magali kukomere si ku ena ano kirina aliwo musenyu mugali oguti ku musenyu kuno okuliko bantu ba agali balala basitamire bandi baabimire bambire basa bazisa wo zaabwe bambire ne buloba abalala bali mu kati mu ennyanza bakulu abazinyi ene
ID_TASTW,laco acel ma tye ka yuto rec laco man ocung inget pii nam kun omako goline i cinge inget pii nam man ci yadi mutwi ki lum ma ojine matek tutwal yung kuca winyo bene tye ka tuk malo madwong adada yung kupoto ceng kuca kun ceng tye ka poto apota dole
ID_TBDTM,baahasi biityuhira ettiihu humuru baahasi bano balikendera ku luguudo era baafaanane olwe baba amakwama huwenza tsiihu hundulaho eluguudo ohu hwasimba huliho biisaala hw'abaho neebunyaasi luguudo olu lwa maaramu
ID_TBOMG,aneno daktar tye ka tucu bad anyaka dakta oruko bongo ma piny oketo alama me daktar i wiye laco acel ocung ka neno gi
ID_TBUFW,cal man gonye ni dyangi me ankole gitye camo lum ma lum orumo kin piny weng i acuc obedo yat mo mudongo ki poto oboke i kume
ID_TCGGK,liryato liifiiti nga liri humeetsi k'enyanza lyasutira ebibindu biikali nalundi baali bwe yiroho kimikosi kibiri nyuma liriho kiipande nga kiroma kiri impala cape town
ID_TCQWF,ku muhono kwasituwilemu ngaaki sinzala kyafumbalibwile seekereramu enguumi
ID_TCUTP,babandu babiri bali ku lyato ku meetsi kameetsi aka kaabonekerane nga kaayanja haafuiti babandu bano mutwero w'enyuma wampire luusaala era suubira ku mulobo abandu bano bafaananekeane baali kuuloba kiŋŋeeni bababandu babaali ku lyato aba boosi se baakukwalira ebiitu weewa byebisangaaketa baakwalira busabububale
ID_TCUXU,baaleera ebintu kulubaawo kamakii kabiri bubwoba bulyawo butalu ovaakedo sinyaanya bitungulu bye kamaru wabawo niiku mubono nensuku ma wiiki ino
ID_TEVPG,atye ka neno gin agoya ma kiyubo kilwongo ni naa ma kicibo tye iwi bao mo ma bedo calo meja meja dong en kalane tye ma kiketo ka mukene kiwero col col ka mukene obedo braun braun
ID_TFSPA,tsinzofu tsingali nga mulimo tsiikhulu ni tsinyana tseene tsirihuulula mu misaala tsiitsa mu lukyeewa nga tsiyenza bunyaasi inyuma watso iriyo shishombehe sy'eesi bakholera k'amatandalwa ni kimisaala kimikali
ID_TFVFP,omutsigazi arikwiragura ajwaire tishati omutsigazi ogu akwatsire aha muguha agurukire omu maraka ge harimu obuhonga burikwera nareebeka ekicweka ky'enyindo eminwa nana akacweka kakye k'okuto
ID_TGFID,ka majaani kali mu mu nnimiro bisaala nsinzu kamafumbi n'eri kulu byo sizoni byabonekeli
ID_TGPOI,ot lega ma pud kitye ka gedo aguda ot lega man tye ki yat ariya madit i wiye ki ingete bene tye ot mukene lugedo mukene gi ito malo lugedo mukene gitye piny
ID_TGVAA,inzuki hessusu na bbuunule kuwama muhamuli hamuli waliwo habapo n'ebiiri biiwanga inzuki issusu na bbuunule yatera akola mu bubuuki biri byewo ebyessiirya nga sinzoki
ID_TGWTU,lwangi ma wa dongo matye ka nen makwar ki tung wiye tye ka nen matar tar en tye ka cam mi i atura atura ni tye ka nen calo obedo atura can pulowa ma tye ka nen kala mayelo i kin atura gitye ka nen kala mogo ma temo obedo col col
ID_THIVB,omukasi akubuga eppikipiki nga omukazi ono kirina wasudire ebintu nga kasooli mu ebikapu ka zipanga ne ku ng'agikweneko ebintu bino byasaasudire ono mwana w'ekaaleko bato bano oba akubugira eppikipiki ku luguudo ku likozi emmotoka
ID_THZBP,omushaija ogu ariyo naayesa ebyoma kandi ebimwe yabikwatanise haine eki ariyo naakukoramu kandi ajwaire enkofiira erikutukura nana akasaati kakwera n'empare erikwiragura ajwaire n'enkaito za shweka
ID_TIEEV,dako mo tye ma obedo abeda piny dok kwer tye i nget eno omako jerikan i cinge tye tam mato pii latin awobi mo tye ma ocung ki pye bongo macol pi bongo matar ngute makwar calo gitye i poto
ID_TIFKS,man enini mutoka mutingo labolo tye ka terone kun tye ka ngwec i gudi atir ki ngat acel bene tye mucung ma laco ma oruko kor bongo matar ki long macol wa ki iye kun mutoka ni bene ki bolo man tye ka nen ma ori
ID_TIFLO,amazuabiri emwene erebeka ibaatiryo ka erya kitaka enyuma aliyo ekisimbe ekiringa ekya kalina ekisakizibwa mabaati ga lukwenda kwiragula nanseeri n'erebeka y'emiti na nga n'obusozi obwombekera amazu mawanga
ID_TJBWB,ichail man atie kaneno ji machama machalo otigo atie kaneno motung' gulu matani atie bene kaneno bir nyanya atie kaneno nyanya bende tikenyo
ID_TKAPW,entwiga ishatu ibiri zemereire ahansi y'omuti muhango kandi muraingwa emwe eyemereire hangahari omu bunyaatsi bwingi aha rubaju rwazo hariyo emiti
ID_TKCPH,bisaala kikabira kyingali ku bisaala kuno eriwo buno bwisibalambisa kukola bibiriiti bwisibala nga barippayini ingereka iriyo luukingi luukingi luno luliko bisaala bibindi biikali
ID_TKHDN,kamaato kabiri kali akari ku kuyansa kuboofu kuliho babantu ku saawa kyeanguluube
ID_TKOSJ,aneno cal dako ma ocung can labolo labolo aryo inyime labolo ma numo ma tye kala ma alumalum en oboyo wiye ki latambara ma blue
ID_TKYNM,enyanja mpango nungi eine amaizi mingi gakuhubwa omuyaga omwiguru hariho omushana oguriyo nigugaruka ahansi nari gutemba ekirikumanyisa nibusheesha nari nibwira
ID_TLAZZ,abaana bashatu bariyo nibaruga kutaha amaizi babiri bari aha kagaari ekemereire bakomiireho ebidomora omwe egaari y'ebyama ahansi nana edomora eri aha rubaju ariyo ari aha rubaju haine eki ariyo naronda ahansi
ID_TLCJA,ishamba ry'emiti ahagati yaryo harimu omuhanda aha rubaju rw'omuhanda harimu enju ibiri
ID_TMODJ,omukyali ni ndeeba mu enju edyenyuma mambekissamataffaali lande omisho go ayo aliho ekizu kyombekire ahanzi kikwasigw' ebikondo ayigula lihiba ati ne ndeeba ebinyansi biheetooliire ne ndeeba n'olutoo ky'ennyumawo
ID_TMUUC,avana va vechvishomero vachita miro muchibhinha handeve dzvavo nendeva vazhire yunifomu dzisasi dzavo zauniformu nezera cheekuwera nendevawo mishomwe sikati nerandi yabhuruu variyoni varivo misvo mubhatiro womutuma nevashoma
ID_TNPFN,omuseeza aliko ka ettaano olwo atera mu ziko mu miryango gidatu ekale yasi agwatira ekoofiira matoffaali ga ndi gaatamyeko gali kutu
ID_TNYFK,mu holero muno nga babiikamu biddungu bibitirirambisibwa ku myeenya nga baabiikamu biikali naabi kukutiiho likuto elikolero lino baakuppaho bifaananyi bye baakasing' omulala akwale ewusennika yonye ne aliwokona baakuppaho n'ebiddungu byesibalambisa mu myenya
ID_TOEIX,ichiel mano anano chel duka ciel kachat chuok kachat mo matiri isenda ichiel en ni mana anano dago muchungo kati charo matwake mamege ka bede agita yate anan jom kente charo nyanya mako kwon kijey mapat pal
ID_TOHOB,omusiri gw'ebikyooli bito guli gukwatine kandi ebicyooli biri omu langi ya kinyaasi ebonire
ID_TOSUD,eggaali ekomiireho ebitooke eggaali eyemereziibwe ahagati y'omuhanda omuhanda omu rubazu lwagwo alimu ebisaka kandi omu mayembe g'eggaali hakomiire mu jaketi hamwena nakenda ka bbulu akakomiire aha ntebe
ID_TPJAR,kameesi ka mangi naabi namwe yinyanza nga kheeyisa ni ka mayengo hundulo heerebana huntulo iriho kamabaale aluwande iriyo bibyombe ebiiri itaayi ne lukingi luuleeyi naabi ne nga wu ng'agiho e lukingi uliho namufeeru muwaka naabi
ID_TPQWM,kunyansa kuutulo obaatu baliko ippikipiki yeemekire kuutulo ulumuuto agoneere asiyeene kupi n'ippikipiki kyanjereke nti kubona zinzu
ID_TPTPO,omushaija ashutami omu kagaari k'abarema kandi akwitse omupiira n'ondiijo amwemereire enyima ajwaire empare ngufu kandi aine namuhweraho ee akagaari ahu kemereire ahansi hatiigire erangi erikutukura kandi enyima hatiigire erangi ya kinekye
ID_TQSKJ,musaani w'emire n'ensimu yeewe waakwalire isaatia kamahono kamala eyi nga irimo sirayini nsiishiehaka ni nsisiehaka waakwalire n'irongi imwanga w'emihire haami n'esimu yeewe
ID_TRNOZ,a omundu mutwera w'ehaale mu motoka iri iri openi hungaaki nga ali mu ppaaka oba mu kisaawa ky'ebisolo ali h' efuga omwo kubona ku bisolo
ID_TRXRE,yea madiet ma ochung i dog nam kiyari ariyo mag otwi idog nam achelo twi ichiny tung' lachuch achelo twii ichiny tung lacham maweny gi nen alum alum ki gwat matie i dog nam kilum ma otwi iwi gwat manen alum alum dano maro tich gi yea ming'olo nam
ID_TSEAW,omukazi alimu ateekere n'ateekera aha ppaani kandi ateekiire aha masannyalaze akwasire omwenda omu ngalo kwenda nku ppaani ettaka muzi
ID_TSQPH,cal man tye nyuto lutino adek anyaka acel ki awobe aryo awobi acel obuto abuta awobi acel obedo abeda anyaka ni bene obedo abeda kun nen calo tye ka par tutwal ento awobe aryo ni gitye ka bunyo nen calo cwiny gitye ma yom
ID_TTEFM,bonna ku luguudo oluuli mu sibira busa amala emundu h'abeerako n'eppikipiki umusaani akwalira ekofuiro kumu lw'emmali akwalire n'isya ng'akiiseefaana enyangaere kukwa amala akwalire n'emmalikopo mu bikere katiimira ku luguudo ohoamala aliko busay eŋŋene ibwe ne yabonekaana olufumbuluisilaelukali
ID_TUKUP,abantu bingi bali aha nnyanja eryato ly'ekiti rikomereho akatimba eryato lye ne erangi erukwera na n'era ya bbulu ennyanja eyina mazi ag'erangi ya bbulu na n'eri we aaa ebinyonyi ne bi zeerira eggulu y'ennyange
ID_TUQKR,alukudo we eriroba nga baalumirisa nga ebweni waya eriyo ebuste eya leeya ereeta kati waaka ye kisi mu ne bibindu ebingi
ID_TUXFJ,guloko ma odole guloko eni odole mot i kum ngom en timi kumeno me gwokke ki i kom jo ma timo nyi kun en timme kumeno caa ma neno dano cwak kwede guloko eni kom ociro ciro col
ID_TVYBL,omuntu awambira eritta aga lye eriri eri enaatera mu bbaafu ali ku akyusirira aga na asusa mu biti ebi asa agamu ate eri mu kibaawo akwingisamu ekisaala kino
ID_TWDYZ,koi nen winyoni tye ka tuk malo alenge alenge binoni bor winyo ki i neno coo tye bwome tye malo bwome tye ka tuk malo i wi col bwome ki ite lakwat tye matar
ID_TXFIZ,ni ndeebe ebisishani by'engoma angoma engoma ebiti na n'ebisisha ni ebindi ebihanikere birohunk' ebisishani by'enyungu ebaketi beryahaba aha buti bitireho gye tibine nshongane imbere ebabirge
ID_TXLGD,man enini tye dako dako enini kono tye ma wiye olot tutwal en tye ma obedo i kom i wi meja ni tye iye laptop aryo ki kikobo matar bene gin aryo cim bene tye i wi meja man cinge bene tye ma otingo kobo matar
ID_TXLKL,kibiina kibiina kino muli mosideesiki mosideesiki uno abaana biihaayo abaana bano baakwalire zinguba otimbesemu era tifaanane e bulangisi mu kibiina kino wali olubaawo kulubaawo luno omusomesa ali hurona biromo ahuronera inoni
ID_TXZEL,ensofu emboofu naabi y'ekkala ya broun yemihire mu bimu libiribimiri wu naabi ensofu ino iriho zikuru siimboofu yaatsowa ateebonekananga yaakorri inyuma w'ensofu eyo iriokusaala kulika kuubonekera angaake
ID_TYAVF,ano kireme kwolesa kino kinyonyi kiba ku meezi nga kiriko muno mule eyi kyava ku mapappalirogaligamubiiwanganebimmali nga kiri ku meezi kiri kyafanikira nga liri kisinga
ID_TYGKF,aha n'ewala aliwo omusawo alimu n'alagura omuntu n'amuteera ekikatu omu ngalo ze azwiremu giraavuzi
ID_TYWLT,egale y'omuyika eri aha ruguto rwayo kandi eri omurangi yerangi ya kicungwa kandi na na erangi ya kinyasi eriyo ninetambura kandi eri kwiruka aha rubaju hariho ekisaka kirimu imiti myingi
ID_TZEWZ,omusaanino wayikhala wakwala shipangeri w'umuhono aliya munere wakwala embale enyimbi wayitikiya ku mikosi kyeewe kimimali ne kimiwanga
ID_TZIEU,abakazi bakoreire enku omwe ajwaire empare aha sayidi y'oruguru babiri ife bezirikire ebireesu omu rubaju rwabo harimu otunyaatsi n'emiti emiraingwa bari aha kaguuto k'ebigyere k'eitaka
ID_TZPBU,enjoki eri aha kimuri ekimuri neky'erangi eya kinekye erangi eya kinekye neyamba okusikiiriza enjoki kwija enjoki neyamba ekimuri munomuno eyeyihaho omweyangye ekimuri nekikura gye kandi n'ekimuri nikiyamba enjoki kugiha omweyangye gw'okukora obwoki
ID_UASRW,atye ka neno lutino kwan ma gubedo i kom ma gitye ka cweyo cweta jo ayogi obedo anyim mi guruko bongo cuwal ma blu tye cat ma makwar tye i bunyo acel tye ka gero
ID_UBUUF,magi lee mo ma gure ka apara komgi tye ma ojony mukene tye ka cam mukene oceko atir ki pe kacam gin gitye ma komgi bedo puno pu
ID_UBYZY,atye ka neno co aryo ma guruko bongo matar ma obedo i kom kara kun gitye ka cato labolo i tuge ka dok bene ki i cinge tung lacuc tye awobi mo ma obedo tye ka ngat onyo camo okwer muno kitung malo icinge tung lacuc tye bene mon ma gubedo gitye ka cato labolo kwede nyanya
ID_UCHHO,aha mudaala waggulu abakazi babiri bazuire okugira gula ne baguza ebyozi wootameroni enene kye ennyaanya n'emiyembe na n'ebintu bintu abakazi babiri bali amu katale bonka na n'akaana nga bali ennyama keekwese era mmanyi
ID_UCNNZ,i cal man atye ka neno ot lum madit ma kigero iye i but ot man aneno labolo tye ki yadi mukene madongo tye ka nen ingeye en aye atye ka nenone i cal man
ID_UCRKH,ku mukunda ku mukunda kuno baabyala birimwa baabibyala buulayi mu ki layini bibonekera buulayi kumukunda kuno mulimu kitrakita kitalu kitrakita kino kiri okuwaka mu birimwa bino
ID_UCRRD,ekyozi kiri omu musiri ekyozi eki nikirungi nikirebeka gye kiine erangi nungi ekyozi eki kiri omu rangi eya kinyaatsi nana erangi eya mutare kiine amababi marungi aha rubaju amababi gaakyo gari omu rangi eya kinyaatsi kandi aha rubaju hariho ebindi binyaatsi
ID_UCYHC,omundu wakwalire ikufiiro ni haapangiri mwikosi ni hahandi wakwalire khukhuru lilundule bye kumusilo kweewe
ID_UEQFD,abakazi bingi basitami hamwe bakubiranise ebibero mbatondola ebirimba kandi ebirimba ebyo ne busi byentondole bimu baayereze ku bitondola ebindi baliyo ne batondola alimu n'obusaza
ID_UEWWE,mon aryo ma gubedo i cuk ite tipo i cuk man tye kwai cam mapatpat tye nyanya labolo macungwa ki kerot tye bene kom toktok me bedo i cuk man
ID_UFAOX,cing lee abim ma oilo malo kun cinge tye ki ye mapol adada ma otwio kome dok yer man tye macol kun dye cinge ni ma mako ki jami ni tye ma otal dok lee man oilo cinge kun tye idye lum mo ma lum olot maboco dok potgi tye ka nen ma grin
ID_UFJUW,inguke nga yeemikire ku kusaala kusaala oku luno luluuso kyalwekusaala mulimu usiru kama kamasaafu k'ekimisaala mwene eki kali ka greeni
ID_UFLOI,dano ma gucung kany gitye mapol dako acel oyeyo labolo i wiye ki kio pa luloka ki laco acel oruko cati macol otok wiye bene tye macol
ID_UGGFO,kumuyahe kukombe ka yinzu kwaziwuhere butundubaale emmali kumiyae kuno kwabunehere mulangi yanabenzaale neyandulo waliyo bkuma baale neeryenyuma we kumiyahe laliyo emmotoka ewa nga laliyo lisaala utibikkati
ID_UGIDZ,mon karamujong kacel ki lutinogi ma gubyelo ingegi guruko tiko me tekwarogi ingutgi yaka mukene iwigi
ID_UGPAS,nindeeba ekimotoka kihango kyegwire ekindi ekimotoka ekirikusindagira oruguuto kandi aharubaju rwaabo nindeeba omushaija ariyo nakikoma ahaiguru nakikomiraho ky'ahansi omumaisho nindeeba omushaija ayemereire hariyo niharabaho piki ehekire omukazi
ID_UGXNV,abakazi bashatu omwe ayemereire ondiijo ariyo nayeherera ondiijo ashutami ah'eibaraza aineho omwana w'omwojo ajwaire busha ondiijo ajwaire
ID_UHHHM,baasaani babiri nga baamali beehaale asika ffoomu baasaani bano baluhuinyaya kumu inyawo kumu inyawo kwe si bali kenya ya kwe ku mweso
ID_UHMCU,cal dano ma gucung i wi ot gitye ka guru bao i wi ot otte kicweyo kome ki blok ni ni co angwen ki muyeme tye itenge ki inge ot tye nam madit
ID_UHYWO,man jami tekwaro ma kiyubo ayuba ki cing ki bongi ma kwakwa ki cing i kome ki cing ma kiketogi me acata i dukan meno cal muket i maleng kiketogi i tye me acata cata acata jami me myel ki jami me deyo ot
ID_UJJCV,ekinyonyi kiine ebisya biringwa kiine omunwa muraingwa gweheisireho aha munwa nikire eiriisho harimu okutukura nikiranzya orubaju orwa buryo enyuma yaakyo hariyo ekiti twakinyaatsi turaganagire
ID_UJRIN,dako ma en tye latic me yot kom en orukke ruk maber adada me ki i kom nongo two kun oruko labo dog ma oboyo doge ki wume ki kiyo i wange ka en obedo abeda kun tye ka tic ki nyonyo me mako ko me neno kwidi matino ma wang dano pe romo nenone
ID_UKWIV,hariho omusirikare ajwaire embundu omu maraka gye ajwaire na yunifoomu naranzya aharubaju enyuma yeye hariyo emotoka y'abasirikare eriho abandi basirikare baingi kandi hariho n'ondijo omusirikare ayemereire ahansi nawe ajwaire yunifoomu erikwenda kushana nka eyeye akwaitse egi emotoka kwonka bagishutamiho bajwaire yunifoomu ezindi kwonka nazo z'abasirikare
ID_ULOAV,entebe amaguru abaana bajwire enkaito ezimwe ziine erangi erikwiragura kandi abandi baine ezerangi eya kitaka kandi hariho abaine erangi erikutukura
ID_ULOUA,nam ma opyete nam ma tye ocung ni pii ceng tye ma tye ka ibut nam ni i ceng i kin pol ceng man pud tye ka kato akata nyango
ID_ULPQA,gang man tye maleng odi lum tye aryo ento ot acel eni tye ka nen maber dyekal bene tye maleng ma kicwero gang man tye ki bunga ma tye inge odi lum magi ento i bunga man watye ki labolo eni tye madwong iye
ID_ULVAO,isimba yaasamira emukanome eno g'abonekere yaawuma miwaya mu mummiro ne nga yaŋŋaa ekkuni guki nga guugali ne ng'eri erina ebiga ebbidatu ky'enyuma kiraako ekiriko kigeri ky'enyuma ky'eruube ga luulayika ekiriko ne ng'eri mu bunyaasi ubunyaasi bw'ene bw' aleeya neidaayo kisaala ky'abonekere eyo ne kakumu kaa kagi kasireko
ID_ULVRJ,kano kaamuli kaliko ikala yeppapo kaale eyi kaliko ninzu ki irikuunu na buuki haweene aliwo ebbakaground ye greeni ni bulu ippapo kaamuli kano kaale eyi n'abyo agati kaliwo ne greeni vumizo zilikobo greini
ID_UMCFR,omuseeza alikuuta olw'oluguudo alikuusi ndi kaaka gaali agwaty ekofiir'ettando afuna ezi ng'atu mu bigere n'enkuutu oluguudo lwa eriyita aka naye nga kuuta okwene buunyaasi buligako batu baliko baliko bambuka luguudo ene baliko amakulu be ga lunene enzi baliko bambuka nga batu be ndi bali ku lu be gano lwe ba kusindika ku eggaali dda engazi ene baliko beeka omula agwati ekya ngazi katanda afugundi kiiwanga
ID_UMSSV,kamaato kalihundulo hwe kameetsi kameetsi akakabonahana kamaboofu era ababandu bali hundulo hwesi kamaato akakali kamaato akakamakali kabonahana kamahale b'abandu b'emihire ehundulo era eri omusaani mutwera ole hulyate humeetsi
ID_UMXGS,olusozi luhanga omunonga lwetooliirwe eddiizo emisozi olusozi lrumu ekirera ky'emiti mingi ekwatiini emiti eri omulangi ya kinyanzi ekwasire
ID_UNDRT,enjoki nyingi zehumbire aha kitaagi ky'omuti kihango omuti ogu gwine amakoora g'erangi ya kinyaatsi kandi gwine ebimuri by'erangi ya kinekye omuti ogu gwine amataagi maraingwa munonga
ID_UNJHV,omukazi okwis akwise ali omu musiri gw'ebikyoli byakula ogwo mukazi ali omu musiri gw'ebikyoli ebirina amababi ga kinyansi na nga ano bulabyo bwomere muno nga
ID_UNKVJ,ati ka neno lutino anyira angwen ma gua i kuru gin kono tye ka wot ki yo ati aryo tye ma gucung acunga ki latin awobi acel matidi en kono oruko kor bongo mubok gin kono tye ka wot ki tyengi nono ki bene lum ma tye mulot i tenge ma obedo bong i dye poto ma kipuro ma kipito yec cam
ID_UNLRN,emiti mingi mu nno nga omu miti alimu emahandagazi ebiri kandi ne eraba omu miti egyo emiti ne mingi kandi e kaba n'eteerwamu omusana aka gikwatira omutwe
ID_UNUTS,tyen lutino kwan lutino kwan man gitye i ot kwan dok gin tiyo ki dec me bedo gin guruko war ityengi ki cokci ma rom aroma dok tye cokci kala makwar kun war gitye ma otii ma kome tye ma oko adada
ID_UOHIT,ehaafu yeesinzika sindeeyi ennandaafu y'emikire ebweni w'enzu yeetsimbaawo unyaasi lukuudo lwa maala mu enzu y'ekimiryango k'emivese mu byosisena byabonekele
ID_UOLZG,dano ma obedo i yeya tye ma oilo cinge malo oruko kor cati matar co ot cuwal macol omako gin layut rec i cinge ki omako rec ma yuto icinge oumo doge bene ki latam kuruko otokke wiye pol tye ma tar tar pii tye kala ma nen bulu
ID_UOWRO,zinjingi ziri zindulo akari aliwo lukongwa mulimo kimisaala kimimbi kyatowamu n'amala mu lukingi muno ng'aki waliwo liifumbi
ID_UPNJJ,embogo ishatu zetirigire ebyondo zemereire omu bunyaatsi obunyaatsi obwo bumwe bwomire kandi obundi nibwa kinyaatsi kandi enyima y'embogo ezo hariyo n'ebishaka bingi
ID_UPRVY,dano ma tye i yeya dok yeya man tye idi pii kun pii man tye pii madit malac ma tye pii nam dano man tye ka wot ki mako rec dok en tye ka tic ki goli me yuto rec dero bene tye ka menyo pii man atir dok dero man tye ma yelo ma tye dero pa ceng ma a ki pol madong tye kutyeno ma ceng tye ka poto apota
ID_UQGNN,ino etaiga oba epusimboofu yemmusiru nga bisera biri by'emusiro eyaaluleerera eno amalairi ka mumukamadowadowa kesikalaa
ID_UQKUD,abantu bingi bali omu nnyanja balunda batambula bukwasi lino ebiti byokutega ebyennyanja ya mwarobo abantu beemeriire baluse eri y'ennyanja tebali ka lwa siriva muzi waliye kira kasawo mu mukono gwa bumu
ID_UQULH,atye ka neno dano aryo ma gucung i pii gumako tye acel omako tye bute ngat acel kwar bor ngat acel cek col
ID_URAAI,bisaala biikali biri alwande era mukunda muno mulimo ebintu nga kamajaani kaali mukala ya ya gguliini kaasi iri kamabisi waliwo n'ebunyansi alwande nabwo buli bubwou
ID_URIBH,dako min latin ongolo pot labolo oketo i wiye otingo labolo tye i wiye tye i kin labolo obyelo latin ingeye omako gin moni matar i cinge bongo ma obyelo ki latinne tye ma grin kwede yelo
ID_USQBV,enini tye ka nyuto cal lutino ma gitye i ot kwan dok bene gitye ka kwan ento tutwalle cal nyuto cal lutino eni gitye ka timo beny i gang kwan ma gikwano iye ni
ID_UTDYP,bali nga balimu bali muttawuni muttawuni muttawuni yali ba n'okuwunula okoeyakaabirayo ekkuroofa eriyo ekhiomba ki kiri ky'ekkoro inzu inzu biiri eye kkuroofa yebuue naye nga moli bantu baakali maayi bwana we eyabuuleyawo wakufunga kamafunga ng'akyaano ta bulawusiyewa kirayira busa
ID_UTGIC,rinowozvembo ukando rezvembo rizvuma mazha nemunowanga mazhaga aganyina nemenje munoonga harumuna anemiti menje kandi harumuna ane mumamatzokar mukandi arianairwa nemumusha na mwenje
ID_UTOSZ,man odi ma odi lum ma kigero maleng adada i teng pii kany bedo calo kabedo ka ma dano nam iye dok be ka neno tugu yat tugu ma tye ka nen kenyo yadi ma obedo green green tye kenyo dok bene ci ka neno lum lum mogo bito otwi iye
ID_UTPTQ,abaana barimu nibaruga kutaha amaizi harimu abaishiki bakuramu abandi n'abaana bajwaire sikati na burawuzi abandi bajwaire kiteteya emiti eri haihi n'oruguuto babiri tibaine budomora barimu nibareeba aba abeekoreire obudomora aha mutwe
ID_UTQCH,laco man oruko kany matar labade bor ki bongo mo bene ki iye ma obedo abuta bur olingo makwar ka mukene bene tye olingo matar en tye ka tic ki cim i kor bongone kany ne ni bene tye ma olingo ma blue
ID_UUGNY,aneno bongi ma kingabo malo me acata madwong mukene obedo mukene obedo makwar kwar mukene obedo matar tar mukene obedo ma piny mukene maram bene tye
ID_UUKSM,maca ma kicibo idi ot kiketo kikopo i wiye kicibo kompita tye i wiye kimito diyone ingete cal kikobo tye
ID_UUOWP,entale n'engashi ekicunju kye bya mire aha nsi ne kiranzya omu masa gaakyo n'obwegendesereza ekicunju n'ekinyamiishwa ekiri kumanya ka ekihiigi kya maanyi munonga
ID_UUQRT,kic ma tye i ature matar dyere tye ma yelo kun tye ka toto moce ngeye tye macol nyi cal nyenye ature ma kitye iyeni tye macol
ID_UVIHM,omundu w'aaniinire emisia w'eriibaale liiri ambi ne kameetsi ng'awiimihire walolera emu ensina mu ekameetsi kaalihufaana nga kaakikiva kaniinisa kumuuha mu ngaaki nga kameeti kaalihu mayika kaalihututuba ne kaniinisa kumu
ID_UVMVH,ennyanja kungaayi kuliko erangi ye bbulu ku tulo eriyo ye bbulaaka ne byo wayiti eya ba ye ne lulwanda lumale omuntu emmere ekku nga ayi agwatira eze ngubo zimanyi
ID_UWKSQ,ogu no musala azwire essaati y'ebinyarra na eyina mapeesa ga mutale essaati ey'emikono emiringwa akwise ipapaali omu ngalo ipapaali liyina langi eya kinekye aha ndi liyina langi ya kinyansi
ID_UWNYG,dako ma orukke i kom bongo madit me koyo cinge oruko roc ume oboyo ki labo um me gengo two ocung ka wi wil i cuk ka ma tye iye okono ki jami mukene
ID_UXLKU,eni laco ma obedo piny oruko cati macol omako cupa cani taya me cing ma kalane bulo oruko ring i nyig cinge en obedo abeda
ID_UYPEK,baasaane nga beesimanyire bamaasayi beekenya baakwalira ekimikubo kya beekyebamaasayi n'ebibyuma baabibweere mu makosi ne babandi baabwere ehummurwe nga bali ku kyenda
ID_UYYZF,bumuli ng'era bumuli buno bunfiiti bumuli buno bw'amalya ng'era kuliko ne buwanga atu era ku kamuli kano kuliko enduli ndwera
ID_UZGFW,nindeeba obwato gye hagati y'ennyanja ali abantu basatu babiri basitami omwami bakuugira ndiga amuweru w'obwato ndiga emirere aga ate ba obwato kandi ebiso yaabwo aliyo bundo bwato
ID_UZNKX,aba bodaboda bari aha siteegi ya bodaboda enyima yaabo hariyo amaju gari nk'amaduuka aha rubaju rw'amaju hariyo omuti muraingwa gwine ebitaagi bingi kandi ahansi tihariho binyaatsi hariho eitaka
ID_UZXSI,omushaiza ajwire essaati ya kineke n'empala eyo a kkaaki ali kutambulira aha koolaasi ali kuvuga eggaali eggaali eriyo entende eza ebitooke ena ebitooke ali ku bitwala omu katale abantu bingi barakunda ebitooke kandi bala bitema aha mitumba eseeri ye aliyo emisozi kandi hamwe n'obunyansi hamwe n'emiti
ID_VAGTB,enzofu yimire mu kigeewa esiyimire bunyasi ppaawa mu bisaala bingi byayoma ku bindi bi kiri bibisi ne bisinga bibisi buyambi ne ebi byuma
ID_VAQBM,motoka erikukira kukozesibwa abantu abarikurinda obusingye eyemereire kandi ahu eri hamezireho obunyaatsi omu mbaju n'omu mbaju ahu emotoka egi eyemereire hamezireyo emiti erikwahukana hamwe n'emitumba
ID_VBHXG,mu kifaani mulimu mayindi mulimu enzira mulimu liiroba mulimu bisaala bimali mulimu ne erangi ya bbululu nga kiro ebisaala bimali
ID_VBKWV,abaana baingi bashatu bajwaire yunifoomu ezirikushushana omwe ayemereize omukono nana okuguru kumwe abandi beemereire bakwaitse aha munwa abandi omwe ayemereire nka hangahari ariyo nabareeba
ID_VBNVT,likaari liri ulukuudo lwayo liri hutima bukingi ka mafumbi ka mawanga
ID_VBOUR,omu kishushani omu nindeeba omushaija aine ebintu bingi bya karimagyezi aine ebirahure aine enshaho aine enkofiira ajwaire esaati agikubire emikono enyuma yeeye ndeebayo ebintu bya kinyaatsi
ID_VBRQT,ahansi omu ruhanga ahansi y'obwongo hariho obufuuha bubiri bwombekiise eitaka n'ebinyaatsi aha rubaju rwabyo hariho omuti kandi omu mbuga harimu abaishiki bariyo nibakoma eishokye rya mutaahi waabo
ID_VBWMM,egaari zegwire ebitookye kandi aha rubaju rw'egaari hariho emotoka kandi hariho n'abantu abamwe bajwire enkofiira abandi bemereire kandi n'eseeri yaabo hariyo orutookye kandi obwire n'obwire bw'omushana ahaiguru hariyo ekicu
ID_VCPNW,ne ndaba abaana ali ssomero bakatonda eba entebe ndeeba wazira ssaati zikolera ndeeba ebitabo balaba birimu ndabamu n'enyuma eddatesa eyina ebirabuli
ID_VCRDD,ono omuseeza kutema ennyama nga gundi emiraanzi ena ali ng'okugula ennyama esaze n'okutema ennyama nga asanyukire ayambire akuuma nnyama akutte ma ennyama esaze kupimira mu minzaani
ID_VCSZN,kany atye neno mon koto ma jo ma ma gugure kacel jo mukene gubyelo lutino ingegi cwinygi yom guruko otiko i ngutgi ki bongo me nyuto tekwaro ma meggi
ID_VDWXY,omuzinga gw'enjuki ogubiizo lwe gye gukoze lwe omu mbaawo guwandiikirweko ebigambo guli omumwanya agukwasiibwe akooma aha lubaga aliyo ebitali by'ekibala
ID_VEVQH,abili aryo gucung iteng yo kun mutoka ma megi macol ocung bene ka ngetgi yo man tye kipuyo ki lam kun tye okato ki inyim ot mo ma kiketo cel iye ki dogge macol gudi man tye mudyak bedo wai kot obedo kacel
ID_VEYQB,i cali eni atye ka neno ot madit ma wiye kicweyo acweya i ngete tye ka neno laket pii madit ma me gwoko pii ma tye ma kicibogi tye ocung lamal atye ka neno yen bene atura ma kipito i ngete
ID_VFQOK,mutoka ma tye ka ngwec idye gudi malac mutoka man tye mutoka teci ki malo tye yo ma tye ka kato iye ki itenge lum tye ka dongo yadi bene tye ka dongo iye
ID_VGCOR,omu kishushani eki nikyoreka ebihingwa kandi waaruga aha bihingwa haazaho ekibira kandi okiruga aha kibira ekyo nindeebamu amaju maingi getoreirwe entookye ogu nigubaasa kuba guri omu mwanya gw'abantu barikutuuramu
ID_VGNID,omusaani ayina kamakono amala kamabeesemu kasaaba mukono ng'ayambisa kameetsi keeru ka taapu k'emunzu nga akasaawa mukono ne kameeza aka
ID_VGRZC,engoye ezaanikire aha migoye kandi ziri omu langi zitali kusana eri ku era eya langi eya kenekye amu nezzindi ziri omu langi ez'amabala ayi ziri ali ebinyansi ebiri omu langi eya kinyansi na ne biti
ID_VGZFK,ekyeshaninekyereka awantu awali ka kashara akalo mukama aha eggulu lya ka akasala aliko eryato eryato olukozi lwe omu mbaawo akasala kaayo kamera ebinyansi
ID_VHFIV,kameetsi k'ennyanza kamakali humeetsiho n'ohuliho liryato kulyato okubantu beehaaleho amala ennyanza eriho k'amayengo kamakali neeanza abonekaano eyimbewo erikuwuuza kubanga hu lyato kukundu kwesibabwa ku lyato kuli niisi kuloleereere yafaananaeniye ensimbeewoheerola biseera by'abonekerebye ku muosi
ID_VHKZE,i dog nam man tye iye yeya aryo acel tidi loyo lawote teng nam man gangi pa dano bene tye gangi eni i ngeye tye yadi madwong ma kipitogi
ID_VIOCV,omusaani mutwera w'emire akari hu nnyanza kinhumibaali w'emire humibaali kiiri akari hunnyanza mukameeki kamayango kali owo etala omusaani w'emire wakalola eraale
ID_VIOJM,latin matidi obedo inyim ot latinni odolo put oruko kor bongo labade bor ento pe oruko pyer bongo i pyere inyime kany tye tol ma kimoyo iye bongi ma kilwoko gi yat moni matidi bene nen i dyang kal man
ID_VIZQG,omwanya ogu nibagurizamu ebijuma bitarikushushana harimu emicungwa harimu gurini pepa harimu enyaanya harimu karoti harimu ebyozi n'ebintu
ID_VJKEL,amaju mingi agetoreirwe emiti mingi ahaiguru hariyo akashozi akaine amabare mahango omu rubaju harimu amaizi harimu abantu bemereiremu
ID_VJYYJ,abandu babiri bali kufuga liryaato nga balambisa bikango byesi habakuwira kameetsi liryato lino liri hutimira hu ngaakiho ekameetsi k'amakali nga hundula okulihou ku musiru ku muleeyi
ID_VKSMD,inzofu yawanga l'ekkulu yatwani ezinziga zinziga zene za aleeya n'enga lulo alwamenyukako ane ng'awe eneye ese eribinyaasi biriro obyayooma middaayi yeno emisaala giriyonigimistu bbisi ne ngawanze ene yakwerikire mu lubanga mwabonekere ayanze akwerikire
ID_VKUCH,omu kishushani eki harimu embogo nyingi munonga kandi embogo ezi ziriyo nizirya obunyaatsi kandi enyima y'embogo ezi hariyo omuti muraingwa munonga gwine amataagi gwine n'amababi
ID_VLQOV,aba n'abantu babiri omukazi mukulu hamwe na n'omwana muto ali kutukula aliyo n'anaaba engalo ali kuseka ali kumwenya mwenyamu
ID_VMSJX,bantu biikaale kuutulo okwegameezi balala balimu meezi bali kwidumbula balala biikaale mu musenyu haasi mu zimanvuuluneggamabaale gali kutu
ID_VNHPX,anindeeba buno aka egi nindeeba enju w'obusiisira enindeebamu omukazi akaana asala mu eni kiraba ayeekoliire eni ndaba kolamu aha kuseka nindeeba wo n'aka ndi akasu nako kali aharabazu ew'obuzu nindeeba bwombekire omu omu wano alaba w'olutookye
ID_VNRED,cal man tye ka nyuto dyangi madwong ma gitye ka mwodo lum dyangi man dyangi tye gitye dyangi ma kicwalogi kakwanogi dok tungi meno tye maboco dyangi macol makwar tye i kingi kenyo mukene komgi kwar tar gitye ka mwodo lum
ID_VNUDY,abantu abakazi n'abashaija bari omu rayini nibeshongora babiri nibateera engoma enyuma yaabo hariyo emotoka erikwiragura hariyo n'ebishaka
ID_VNUMD,aneno jo i adita ma kicubo ki deyo maleng adada ki ngobo ki lawer mapatpat
ID_VNXEL,musaane ng'alimu ebigwato by'ekisserikale n'ekkoofiremmali ebwerirae maske bwanga wagwatira mikolo muezi glaawu omeyambikire bulirangu gw'ekifo ky'esaalinda
ID_VOFBK,omushiiza asitamere aakatebe omuiso ge wamu emeeza ameeza haliho ekyaalaani kandi haliho nana ebitende bisatu byehuuzi omushiiza ateeye mukono acyalaani
ID_VOIHR,co adek gitye idye yo kayubo gudi ngat acel ocung ojenge ajenga ki ciperi jo aryo gitye ka toko gin ma gitye ka tongo ne ki dye gudi ni jo mukene tye ka wot idye gudi jo mukene tye ka ngwec ki pikipiki atye ka neno bene odi madwong
ID_VOSVX,moosooni mukulu asudira omwana we w'omugeeke amuwambireko ku kutu emmaaso ono omu gye ekye naye amuwambireko ku mukono ali kumu enyayisa nga asiika yasi kitaka
ID_VPERY,enjerafu y'emikire mu bunyansi emmotoka eetima ulukuudo lukuudo luli akalwe ebisaala ne bunyai
ID_VQDBY,inzu eibonekana nga irokaapu yayomberebwa buulayi yaakibwa buulayi n'nsoda warihaamu inzu ino iriko kimilyango kine kirimo bibindu eby'enjawulo ebweni iriyo kifoomu ekimusibirewo iriwo n'omundu wehaalewo iriwo eppikipiki eyimisibwirewo u ng'aki eriko kiwoyakekamasonyalazi kibirirawo
ID_VQOHR,ebimuli by'enerangi yapinki kandi biri aha kitaagi kandi omu biiso gaabyo haliho enjoki iravo ne okugenda ku kitaayayara kandi enyuma yaabyo aliyo omuruma muki
ID_VQSOP,man kono tie lieji liechi egini konogi tie mapol liechi egini tie madon waki matino weny liechi egini kono lakgi tie matino gin kono tie idi lum lum igni ben tie katwoko
ID_VRUVD,omuhanda guri ahagati y'ebinyaatsi n'emiti ebirikwahukana kandi omu mbaju z'egi miti n'ebinyaatsi birikwahukana hariyo amaju n'ago gombekirwe omu miringo erikwahukana kandi gashakiirwe n'amabaati g'erangi zirikwahukana
ID_VSRRL,godi madongo odi odi ki yako pii pii ca godi tye iye matino tino itenge ki tenge tye godi madongo adada yako odi manen pol bene men
ID_VTLPV,cal cing ki col bad ma kitye ka tucone bad dano ni tye ki bongo macol col ki ngat acel ma tye ka tucone me oruko bongo matartar
ID_VTQYY,man eni dye tim dye tim man tye iye lee ma kilwongo ni rii gin adek rii man gitye ma ngutgi bo rii man gitye ginen matar ma kom gua alumalum mutwo rii man gitye ka wot idye lum idi lum man ma gitye maboco ki yen madwong
ID_VUKVD,eggaali eriyo ebitooke erimu ekijaketi omu mayembe eyemereezibwa alowazi b'omuhanda ogwitaka ebitooke baabijweko bikutiya wansi eggaali bagisimbamunn'ekiti kugira ngwetagwa wansi ebiddeeya ne nja ani bya okutangira ebitooke ebi kwe kuli wansi ebi kasiisikala
ID_VUQTQ,oyuno ali kuumina ekompyuta yeewe oba elaputopu ng'elaputopu mwene eyino yamiriya indayi kumukono kweewe kuliko esaawa emeeza eri e rawundi amala ewanga
ID_VUYGC,emmotoka iddayana yaasutire babandu b'akali nga irihu lukuudo olwamalamu heetimira hundulu babandu baakali beehaale ku ngaaki nga ne baaleeraho ne kiitanda hundulu kwelukuudo kuliho bunyaasi buukali n'ekimisaala
ID_VUZYW,ngat ma omako rec icinge recce kome tye olule alula ma a rec dok ongamo doge malac ki wang mo tye madongo bedo calo gin ma pud kwo ongamo mere doge malac nen calo kwo tye ka bedo tek ma kikwanyo kii
ID_VVEMR,aneno lutino anyira aryo gubin kulu kulu ma gubino ka twomo pii ki iyeni gubino ka dwoyo tangi tangini ka i dwoyo ci pii bino i jereken latin nyako acel ocung tye i dog ring latin nyako acel ocung tye i ngom piny
ID_VVTZI,omukazi ayekoliire ebbaafu erimu masowaani ebigiiko ebikopo azwire ekirala ekirukitukula ayesibire ekitambaala omuto
ID_VWUFI,eginitteepu hamwen'akahuuzi kaayo tteepu e kaba eyazunisibwa muno nga mukutahoeby'eshongolo ebyayi ebiteerwa aakaseti teepu ziyiziremizibwaho abw'okutunguuka kw'omulembe hamwe n'omutindo
ID_VWWDK,imbata yemumetzi rimekra imat neiwanga yatsova kumunwanga rurwero kumunwa kumurezhi rishimbi nevizara peruraumetsi virimobunyazi
ID_VXADO,omwana w'omwojo ariyo naazaana omupiira ataine nkaito aha bigyere bye ariyo naazaanisa omupiira ogw'erangi erikwera ajwaire empare ngufu n'esaati ey'emikono migufu naazaana aha kishaayi ky'ebinyaatsi
ID_VXFVZ,i cal man ce iye pii nam madit adada ma iteng pii nam man tye iye dano mapol adada ki bene iteng pii man tye iye yeya acel ki bene i cal man tye iye godi madongo adada ma gitye iteng pii nam man
ID_VXTVA,omu kishushani eki nindeeba omusiri gw'ebicoori bikiri bito aharubaju nindeebaho nk'omusiri gw'omukyero ogurimu nigwoma nindeeba ebicoori ebi nibireebeka gye bihingire omu bitebekanisiibwe gye bihingire gye omu buteeka
ID_VXYGI,ebitemere bingi munonga biri aha mudaara gumwe bikwatsizeho biriho eminekye y'erangi ya kinekye hamwe nana erangi ya kinyaatsi aha rubaju rwabyo hariho ebitookye
ID_VYAKF,inguge inguge ekale emisaala yasi ne nga eriko emyoyo yaayo amaliyamu muliko ne gi mo a mimali ne nga ye siyikaaleematugenigeegiemisaalagaagwabubiisagati biri wo ne bisatu biri gaawo bibisse bidambi biti ne ng'aweene emisaala giriwo gyali ewamu ng'ali ne gumu mu gwakasire
ID_VYGOP,man cal wang otul ma tye ka nyuto ka ma pii mol kato ki iye yugi tye madwong adada odi mukene tye ma pe kipuyo komgi cilo dwong i kabedo eni matek
ID_VYKBD,namuhoohome ali ku sisaala waloleereere bisaala bisaala bya greeni biri n'ebimuli bya yelo n'ebiwanga
ID_VYMKA,kizimbe kiuboofu nga kiboneha wuulayi era ku kizimbe kino kuliko k'amaduuka katalu ne hasaaluuni hatwera muesi mbabekera k'amatuune era nga muli muno omuseetsa okuwalaessaatiimwanga emboofu nga na yahukendawo haguudu
ID_VYOKU,owa boda avugire aheekire abantu aha boda kandi ahu ariyo nareetwa ahu arikuruga hariyo omuriro mwingi nana omwika omushana gukoomye ebinyaatsi omuriro gwareetwaho baaswa
ID_VZBCE,tsvanechi nendeva rakuga kudomha kugvagwara matafra matafara ca ndevechodomhora ndevepfuka nendeva nhanu munagora nekuva mumba wegora
ID_WACCG,ichel man tie iye diang achiel matunge bo adada kibene ichel man tie iye odi pati ma achiel kuometibao kibene ichel man tie ie lum ma otwi matieno tieno
ID_WAINR,ente y'amahembe maraingwa ag'okureebana eri omu irisizo eyetoreire ebiti enyima yaayo erimu empanga nyingi ez'abantu barikuhingamu eriyo eri yonka etaine muraija
ID_WANIS,aliswa lya kwalaala nga mu liswa munooba ali ma kimitala ku ng'akiho ekimitala okwkwooba byalaho kamajaani kali mu langi ye greeni nga kandi kali mu langi yeenabeenzaale
ID_WAZAL,i cuk eni lacat tye ka ryeyo jami catte wek dano bino wiyo inyim cate eni oryeyo jami calo layata nyanya wa ki naci naci
ID_WAZBQ,ogu n'omutwe gw'enzo ki ogwenerangi y'okwiragula kandi n'ekifuba kyayo ne kiyiragula ki ne obwoya obwe ne langi eya kenekye na amapaapagaayo bina langi eya mu ttale kandi omwani gw'erimu gwe ne langi eya kenekye
ID_WBLDI,eryato erihangu muno nga eriri kwera kandi egi ne ne langi ya bululu omusheisa oli kutukula n'alinguliza omwodirisa kangi kyereerezi kiriyo n'e kiva
ID_WBRFC,kabedo macilo dwong i yeya adada kun bene tye ki wang otul iye kun wang otul man pii lalele tye ka mol kun mol yugi mukene woko dok kit ki itenge tye odi mutii ma tye ma kiyubo kenyo kun bene dano tye ma gucung iteng pii man
ID_WBSXH,enjoki nyingi zikoze obutuumo bubiri hariho n'enjoki ishatu ezikwataine enyima yaazo hariyo erangi ya kinyaatsi na kakobe
ID_WBYYX,aneno dano ma ocung ki nyonyo ma kikubo maboco ma waya tye iye acel tye obuto aryo acel ocung atye tye kala makwar kwar en bene tye oruko bongo ma obedo kala ma blu blu pinye bene tye obedo blue blue kenyo ki wiye tye macol col
ID_WDEPH,ipupa ili khu mayika nga bakhukiraambisa khuteekha indali ni baindali ino bakiteekha nga baareeko lusekhe kumuuya kkwamile mulpipamu kubirwa mu lusekheelo lwalwairi lwatsya mumeetsi kaal kawoosa kumuuyo ako ne kkwamamo indali itsya mu shibuutusibareeyo
ID_WESOF,magi kono lutino kwan ma gitye ka wot anyim ki bene aryo gudong angec kun gitye ka neno kit ma gitye ka mako kwede calgi dok gitye ka bwunyo ngat acel tye ka loro lela ma en tye latin anyaka
ID_WEZBL,engo gye y'emmere ku kisaala yekaale ku kisaala yayambire mukono omu nye lenzi yawambire yekaale kasaga ka ndi kyange leka ne nga eyaggwa emyoyo erina egi emyoyo ne ng'emmali nga ezuule ludda
ID_WFGGH,i cal man atye ka neno cam ma kipitogi i rek kun gileng mada inget poto man ma kipito cam man eni atye ka neno yadi ma orumo inget poto man
ID_WFHFJ,kintu i ngali zimere eyo ate sindeeki si mmotoka n'eki pikipiki nate ziri mu mu mu kirimba ba baana we baliko kukenda baliko kukulisa ebintu byabwe baliko kukola ki mirimu kyabwe kye busheere
ID_WFIOA,ekibira kirimu emiti mingi kandi aha kabungo akanaka kuleebe ka gye aha mwe tariho emiti kandi nga kuli kale omu bubungo obundi aliyo ekibunda aha ndi aliyo akasana
ID_WFRLT,kino n'aboo ne kimihono kyebabaanu kitalo kimihono kitalo ku muhono mutwera kuli kw'enguki ne bibyuma biriiwo ekyiceppe kye langi binaay e bye yeero biria wendeewo
ID_WGXYD,omusiri ogwombekirwe gye ogw'enyaanya enyaanya zikuzire zimwe zitaireho ebintu tizikahiire harimu obugoye obutairweho enyaanya ahu zirikukura nizitamburira nizinyegyera ahaiguru
ID_WHOGI,omushaija arikwotsya amatafaari ashutami aha nku aha rubaju rw'etanuuru ye enku ziri omu bwina bw'etanuuru kandi harikwaka omuriro amatafaari aga gariyamba kwombeka amaju hamwe n'ebintu nyamwingi
ID_WHXJX,enzu eyombekiise amatafaali omu miiso gaayo halumu etanuulu ey'amatafaali enzu esakiize amabaate ga lukweera ekingiise amiiki ge biti ennyuma yaayo aliyo emiti eyine amakola g'e rangi ya kinyansi lomu miiso gaayo abyiiremu obunyansi
ID_WIEVE,omushaija ayemereire aha nkungu aha rubaju rw'enyanja akwatsire eidobo ry'okukwata ebyenyanja ajwaire esaati eri omu rangi ya kitaka
ID_WIWWI,man enini tye mege ma gitye ka bito muranga ki ka pi madyaka gin kono gitye ka tic ki cinggi ki bene gitye ka keto muranga ma kibito ni iye odero mukene bene tye ka pimo muranga ki ka pii ki kukobi me acata
ID_WJAIU,mmukasi ali kusomera ku kyuma ky'egamajesi waawambira ekikoopo kya cyaayi mwaba mu bikoppo bindi ekkaale ku ntebe
ID_WKVKS,gang kwan madeet madango kwan ye kivot yotie yi gang kwan man madango tiukeme wuot mechale odi kwan mapat pat
ID_WKWHD,ka onyo yugi ma bene dano ma iye eni bedo calo luco kaka eni ma dano coko ci kicato ci ki culo gi iye cene ni itenge tenge bene tye ot bati
ID_WLAZW,dano ma gin gucung i wi pem wi pe man kiyubo ka okato ki idye pii dok yubo tye iye kun latin mo acel ocung i wi pem man ka en tye ka lyero rec mo acel i goli dok rec man ki yuto ayuta ki i pii ma kiyubo pimo iye ni
ID_WMQCK,cal man nyuto cal pa laco ma omako man cani tara ki bene cal ring bene tye i cinge
ID_WMUNH,ben i cal man onyo en ngat ma a ki i gang kal pa latam madit ma calo lee ma kibedo i tim
ID_WNSTP,thihafu tsingari chihabvu tzino iriwo tebhurauni yavawo chiri muuhwanga ne hwebhurauni tsihafu tinoti hositeni tinzikati ndehe tsihabvu titiri mumwisiwa busa mobisha harave kare
ID_WOGHC,bibyuma bino by'e kamakeesi ka makalibye esibala nga bali si kompyuta biriyano baabipangire buli cyuma kyaloleereere etaayi ssi unyala w'amanya siina sisi kikiiriko obaabeekyesii baliko bawandiika ate sunyala w'abona n'owandiikata
ID_WORKN,ekimera ky'omugusha mwingi guboniire gukuzire kandi omugusha ogu gwine erangi erikutukura omugusha nibakoramu esaano kandi esaano egi bagijwanzya omusaano eya muhogo kandi ba bugoya bakoramu emere yokurya
ID_WOXOA,man cal yo mo ma tye idi bar mo ma tye ki lum macego cego kacel ki yat tugu ma pud gicego pe gudongo malo lee ma kilwongo ni rii mo tye ka ngolo gudi dok tung bot rwed piki piki mo
ID_WPEMQ,okuno kuliko haafu kw'emu usiru era nga kuluukhwaya nieyiŋŋana yakwo era nga kuluukwayiraawo bunyaasi nabwo buliwo bubuneha buulayi era nga sindulo waliwo kimiti kimisaala nakyo kiiriwo
ID_WPGYT,enzu isi baakolera bunyansi iri khiimi ne lulwanyi lukhaliwo bunyansi taawe enzu iri ku lumako lwesi bembekera nebisaala
ID_WPPXE,ne ndeebaho alaba ebiti byombi kiri nku ebitanda akatandaalo k'okututaho ebintu walaga ku byozya ndeebaho ebidomola ndeebaho amasiyaani ne ndeebaho ebikopo
ID_WQAGW,enini kono tye mutoka lori mutoka lori man kono tye ma otingo labolo matoke i wi matoke man kono tye kapet ma oreny laco acel tye ma obuto umo wiye ki kapi acel tye ma ocung acunga
ID_WQBQI,i cal eni atye ka neno dukan mo mucung dukan acel tye ka cato pe pat me ka mutoka ki yako dukan acel aneno ki ryeyo bongi mogo ocung inyime me acata ka yako laco acel otingo jami pa lutino me acata tye ka pao ne ki woko inyim dukan
ID_WQLPZ,essente zisibere omu bukuku buna ez'e mitwalo ettaano ettaano zinne langi eya kineke zisibere na na zikwetoozibwa eky'erangi erikwera
ID_WRCWH,cam ma kipito i poto ma odongo lamal cam man kilwongo ni kabii dok kelo nyige mapol adada kun nyige okedo mapol ma tye makwar nyige man ki two ka kirego dugo moko ka kimyeno calo kwon
ID_WREFA,omukasi ameemera omwana ku mugongo awambire ne kasooli mukono ne nga mwana ena mu bwereere esi ate era eddoote ku muti ne nga kigamba ku dotoli ne ne nga awambire afumbira lulagala ate era ku mutwe aka si e kolidoote alimu guno mu guno mwe ne madoote galimu zisekere edda ali gusa lya gulimu ne nga mu guno mwe ne yasi bunyaasi buli obwayo eyo ma madoote ge ne galiko masanza ne ga makoola
ID_WRUPU,ikobe yeekaale ku kisaala yasamire emu ka na mu ka na mwe ne mwatandaala ne ng'eri gamu eri mu mwoya ga galimu mmawanga ne bumali budambi buti ne nga yeekaale ye ayambire ku kisaala kwe no emu mu gwa kasiige ku kisaala kwe ne gwabonika era edaayi ne gwakasagieku matu ga enva ekisala ne ng'aba agitemako mu ki nga ku eriko mukinga ne nga ye amale amu mmuli
ID_WSXMH,omuhasi wiiboyere kiitambaalo kirimu biibesemu bn'ebyana byenzaali waakwalire ibulauzi iya bbululu biibesemu niina byenzaali n'ebiiwanga wiimire ku kisaala kuwaya baanihiire esi ngubo siiwanga nebunyaansi bwa guriini
ID_WVNFG,baakasi babiri n'omwana mutwera era baakasi bano mutweera weetyukhire etsiikukumulwe nga wasitule n'omwana ku mukongo ukundi waambire kaakapomu kono bano inyuma waabwe eryobaisaala bikkali n'ebunyaansi
ID_WVOHP,eni ni otok otok pa cilam maco oruko ka gilego kwede kiketo madwong ata me acata gileng ma gurupe mapatpat mukene col mukene tar mukene tye acita cet ature ature dwong i komgi
ID_WVUSQ,egi n'emisiri nnya mingi eri a kabungo nnangwa omu kalanga ka ka kabungo akwise aliyo ekituulu oba gwete omwoyo oguli nkomwyika kandi ogu omwoyo guli nkomuyika gukwise guli omu kibira nnya mingi muno nga ekiri ng'ekiri a kabungo
ID_WWCYA,namizi galikwoleka ebingonzi byingi kandi amabwa ekyererezi ekirukuru g'umukono gwa mmaso nti kyoleka erangi ya ky'enju aha mutwe ogwamizi ago kandiba omu maaso ali mu obwato
ID_WWLHS,kkumuomu kirende babanduliroba a
ID_WXNUE,i cal eni atye ka neno latam mapatpat ma kicanogi kacel latam mukene gitye makwar mukene gitye ma bulu mukene gitye ma grin mukene col acola
ID_WXONZ,eno enyanza kundula kw'enyanza lwapaaka engereho kamaato kamaboofu ne kamafiiti ne babandu b'emihire akuimbi ne kamaato kaaliko nyanza
ID_WZGNR,nindeeba enjoki ndeeba omukono gw'omuntu gujwaire giravu erikutukura ndeeba n'ebinyaatsi ahansi bibisi
ID_WZJBJ,inguke ili mu shibi mushitsakha akari iri khulola tsimoni tseshiisa she khuulyambaawo ni kamasaafu ka na bunyaasi ka kiboto heleele yaatelile kumurwe khu khasaala
ID_WZWER,enobedo kama gicharo ye bong'e makirieye maleng' bong'e achuli mapecho kikoyo tiye kiteng'e mapat par tiye ma kichano tie e oth maleng
ID_XAHDU,omu kisano eki nindeeba ekibira ky'emiti emiti yakula ko nga takabiire kusaaluurwa ali mu n'obuhandi egenda
ID_XAYLK,enzu ekkulu baagiwaaka erangi mbesemu ensu eno kiyina eri ye ggoloofa eri akati w'ebisaala ensu eno kiina eriko musalaba yogesa nti akuutu esi bati babusanira abasaba
ID_XBHFV,man eni tye cal cing ma tye ka nyuto ni tye cal cing laco ma tye ka lwoko cinge kun lwoko cing man ma nyuto ni nyuto ni tye ka lwoko cinge i lengo ma mege onyo i lengo ma mite kit ma omito gwok kwede i cing obed maleng
ID_XCNHG,ano aliwo bimuli bi galiwo bityo naye nga aliwo enzi kiro nga n'ebonekenire yeezira yeezira eri kugenda ku bimuli kuno eri kuyoddako w'ezibuulayi kulya bityo byalo
ID_XEMIV,dako ma obedo abeda dok en oboyo wiye kun en tye ka tedo dok en tye ka tic ki keno pa munu ma tiyo ki yamo kun keno man en oketo cupuria ma mo tye iye ka tye ka celo gin acama man ma en tye ka tedone ni
ID_XGGDY,omuzungu mukulu agwatire zingubo zimmali ziri mu buwanga n'ezingaato ne ba baana bamu mire ku tulo naye wagwatire ezingubo ze bye nnyaniramu bawandiika ku bigambo bagwatire n'ezingaato bali ku kisaawa badda nga ku bu layini buwanga ku tulo ku ekisawo kuliko myumabakubagakonebubbokisi
ID_XGPNS,omwana muto azuyire enkofiire w'omuzungu akwasire ekyennyanja omu ngalo kandi ali abazu gwa muzi enyuma ye aliyo omuntu azuyire ssaawa mukono kandi azuyire na no mwenda guli kususana mu kesagama
ID_XGRVV,ekkanisa iri imboofu iriwo isi wingirira mu kkanisa wuno ewo bisaala bikali iriwo kamatoore iriwo kabusita habonekera ale eyi ni yinziraye ebonekera ale eyi likuluu lyakwalalira ebuulayi
ID_XHKER,ot bati ma wiye ocido woko dok kirwado kom arwada ki daba doggolane bene obeo doo labo tenge kipito yadi tye orungo tenge labolo bene tye kipiti iteng ot man
ID_XHKTT,abantu bingi baliyo mu kimotoka alubau mu lubazu lw'omuhanda hali mu etakalaronzere kandi hamwe na n'obunyansi bukuzere hali mu na ne muti erokolebe kkama babi kandi hamwe na n'ebitaagi byonka
ID_XHWST,orrembo orema amazzu mingi nk'omuzi giti nana amazzu agamanta kuba kulaalamu an'amaduuka ginerangi yakitaka gammwe agandi ginerangi ya mutale agandi gineraangi ya bbululu agandi ginerangi ya kinyansi
ID_XIXLY,i kin bun aneno bunga ma tye ki yadi iye yadi ma yelo yelo latin ongera tye ka ito malo i kom yat enoni omako yat tye i cinge yat mukene orine ki tung ingeye kany yat madit
ID_XKGCE,zinzuki ziri ku kisaala ku kisaala kyene kiri mu kisaali zinzuki zizizuleko zi ngali mu sinki mulimu ziriko zinywa zikola buzinzukizikolabuuki
ID_XKIWA,kumukunda ekaa kw'e kamajaani kwa yerooma ku mukaliku mwene ne kisaali kiri ebulangisi wakyo kyesibala nga mabira a nakyo kya yerooma busapaka nga lioyo kuliko kubonekera honiisi kya kamata
ID_XKXMK,omusawo aliho khola ku mulimo kwe kwesaasomerera kw'ebuusawo era ng'ali ko jjanjaba omuhaanda yuno omusawo yuno ali omuhasi omuhulu waakorakaho era nga waakwalire siteeteeyi syebaasawo n'ehumulwe w'aareereho kakufiiro k'ebaasawo w'aamubwere ali ko mucyeeki nga itempuleka oba buubire bwesi ali ni nabwo
ID_XMJDH,omuhasi waayi wakwala akofiira hesi baanaba ne kamahono mu bunyere ne humaluho yowe huliho eyalungi ne muumiro omwewe muli mu haduki baanaba bulayi mu bunyere
ID_XMUXP,man ot madit ature ature tye i ngette ma kipito wiye kicweyo mabor ot tye ka olwaro alwara ki lum kipito madwong ingete lum me kiryeyo aryeya ki pol ben tye
ID_XNQUE,ku muumu kwakosere mu nyanza ne amala waliyo babantu babiri beemire ku karri ku kasinga mu bunyaasi ne amala shetaayi waliyo namufeeri wawambire siifo syosi
ID_XOSLC,ekiti ky'omwami kirina ebijuma gingi muno nga gya kinyaasi kandi kiyina enama babi ebijuma ebi birayamba abantu kubonamu akasente kandi biyamba kukolamu amajaani n'ekingwa kiboniire muno nga kandi kiyinemu akasente ekingi
ID_XOWVF,man bim tye ma obedo abeda idye lum bimme kono ongamo doge calo tye camo gimo otero weng atir tye neno kama kamera i cinge acel ma piny omako odo arot arot ki nge kuca lum tye ma olot ka ma otwo two
ID_XPGPW,omusaani ali kuubuwa omuhasi haakoye nga ali kukkanaako eggaate n'esheekere kuba wali wakandikissa muliireho omusaani olikuuba akwalale esinguwo simmali mu langi ate nga omuhasise ali kubwa akwala esinguwa tsimmali mu langi nga kiri mu buwanga
ID_XQWCG,eni lutino kwan ma gitye ot kwan ka kwano buke gin obedo i wi kom bao ma kiwero makwar ot kwangi kiwero kala ma obedo aceng aceng onyo yelo gin ducu guruko kor bongi matar
ID_XQXLM,omuri eki aha kishushani nitureeba omukazi ashutami omu ofiisi ye ari ahakukora emirimo ye nayejunisa laputopu ashutami aha ntebe ya buru kandi ajwaire ebirikwiragura kandi aine eishokye ry'enji aha mutwe gwe
ID_XRMLR,kama kaalenda kama kali ka kaali mu rangi singali iya bbuluu ni iwanga ne kikaabusoosi ekikiriko bisinza bihafaanana taabi be syamme ne ebiwanga biwanga ni ebya bbuluu ni kama kaalenda ka kandi k'erangieya na byenzaare kikaabusoosi ekindi baandyafe
ID_XRXAX,si no kitaka kye kimisaala kimisaala ekiba kira nga bali ki miti kimitieki kibyalibwa bakyakola eba kala mu simba awo koota mu ka manda n'ebintu bingi
ID_XSAQZ,kumutaro kwekametzi kama kare mumutaro kunokuva yaverwa anhavi murimo kametsi kamawanga kanoneanange hake tsanika mani nhavi kamedsi kanonge kori re weni kakuvara lrai hondoro achimisara chegirini chatsva worai
ID_XTCFK,bim tik gitye ka ngolo yo yo man opoko i bunga man i aryo kun i bunga man tye iye ka mapol pol bim man gibedo i bunga bene dok jo acama ki bunga
ID_XTJQA,baaseeza babiri bali mu lyato bali ku mu ezi lyato lye ne lya egi migango omusa eza omulala awambire ekkaatimba ali kuloberamuzinyeneeesaakatameziesaakwesagundaakuu kuba meezi ne gu mugango esi lyato ligenda ne ng'edda ayi eriri ge ereme lye game ezi kutu ku entula game ezi edda ayi ne ng'eno si kkatimba mu nga gi ayera aweese akulobera mu zino eno
ID_XTSKI,latin awobi tye ka kwato dyang dyangi man gitye madwong dyangi magi bene gitye ka wot idye yo kun gin giwoto kawa matek i teng yo bene tye yadi ki anyim bene tye ot bati
ID_XTTLP,egaari y'omwika eri aha muhanda kandi omuhanda gwayo gwombekirwe eine amaizi mingi kandi erikwaka amataara amataara gari omu rangi ya kinekye kandi n'omu rubaju harimu ebiti by'erangi ya kinekye hamwe n'ebya kinyaatsi kandi obwire n'obwire bw'omushana
ID_XTZOI,ongera tye ma ocung iwi otit omako yat mukene me kope wi yat mo tye ka neno anyim ka men tye ka cito iye yen otit enoni potte tye alumalum
ID_XUVXJ,mon mapol ma guruko ki ruk me tekwaro ki kome kun i wigi guketo tiko ingutgi bene guyeo tiko ma kalagi tye mapat pat malo makwar macol ma obaco abac ma bulu ki mukene mapol ata mon mogo kono gutingo lutino ingegi mukene gutingo i te ibutgi ma bene ginen jo ma igi yom mada
ID_XWEYQ,eki n'ekishaayi hariho abantu bariyo nibirukanga abandi bariyo nibabareeba ekishaayi eki kirimu eitaka kandi hamwe n'ebinyaatsi aha rubaju rw'ekishaayi eki hariho enju
ID_XWYEY,lutino ni gitye tuko odilo i dye ceng ma lyet ki tyengi nono ka ma bene two wa lum mo peke iye lutino maro tuko odilo ka ma ku man pien ni peke ki ocol ka mo ma omito nono ni tuko iye mapat peke ci dong giyero ka ma mako pe itam mit odilo tye i tuk atuka
ID_XXEDC,amaato abiri gali aha nyanza omu kasheeshe kale muno nga ezo baali ku za kutandika kuturuka amalanzi g'izoba ne gateera aha mutwe gwamizi omu erima kandi amatanga gg'amaato gakobere
ID_XYIQH,yat ature ma onyak mapol adida kun jange tye madwong ma okare ki i kom kore ature man tye ka meny amenya maleng adida kun tye kala ma papul dok dero pa ceng tye ka goyone ma weko jami ma tuk macalo nyig kic ki pipino bino pye i kome kun kore tye ka nen ma grin
ID_XYXLW,wa mwana omukaana agwateya yunifoomu sikaati ne bulawuzi mu ezengaato ali mu kisaawe asdn ekitabo alikudima mu bunyaasi lubega ne lubega aliyo musala
ID_XZCYF,kamuli kalimu ze langi ne ngali kaliko bumuli bwo gali buli eyi yinzu ki ekuudya kwama mu kimuli hagati
ID_XZEQH,atye ka neno amuka aryo ma gucung gitye idi let ka ma obedo dye lum dye lum ka ma obedo ka ma lum mutwo otwo otwo obedo alum alum pol pol tye iye
ID_XZZPQ,ebyombehe bibyombehebwa naabi biikali biri musirimba babyalakamo bisaala byesi baaŋŋoona bubelaye mwabiribwamu neiwalaa
ID_YAJVD,atikananochal acho matidi poro kon obielo ajerican matieki yat mikero poro nokero cham ing'ee tika wuorni poro kon tikakero cham matidi poroni
ID_YBLLD,nomukasi asuire omwana ku mukongo n'omwana akonire n'omukasi omwene ali kukaaka bibiinu asiyo kuba ng'esaali ali mu munimiro ssaamanyi ala omwana ali kuukona taawe
ID_YBPFQ,rii mo ma nen ma ngute olot mabor kome onen ma bedo kwackwac macol tar col tar onen i di bung ma nen okuto okuto bung man tye yadi ma potgi tye grin grin mukene otwotwo
ID_YBQFN,chal man tie kanyoro chal lee mabedo itim ma kiluong' ni bim ma gubedo kachiel kiluwotgi iwi lum kuon gitie kamako kichamo cham mapat pat idoggi
ID_YBQHR,n'embogo ery'omuyiswaamuamutegwayo ateekamiwo kanyonyi eri omuyiswaenoshayaanaeryebinyanzi ku bakolera mumwa gwayo nerebwa ya ana erya akanyonyi kagitembya mutwe
ID_YBYLA,baana baliko binnya baliko binnya mwinyawo gwabwe baasudikye mikono mu ngaagi biggalabobaliko binnya amwenya wo gwabwe bina miriire baliko binnya amuinyawo baliko binnya amwenya wo gwabwe bina miriire ne gye mikono gy'aba kitegeke kye mu nga giri
ID_YCGAD,atye ka neno ot aryo ma kiyubo ki lum inge ot acel tye iye tuko i kin tuk kom eno ki ot tye iye dano mucung ki lela ki dong lum ki dong yen
ID_YCKUT,man enini tye bandera me uganda tye ki kala adek kala macol kala ma yelo ki kala marema idyere tye owalo owalo tye winyo ma uganda giwoto en ma kiketo idyere ma olwore ki gin matar ni kalane tye macol tar ki marema ki bene mayelo
ID_YCLHR,baana baddatu b'ekaala yaddwera ne ng'omu kaana ayambira eki ttabu ne ng'agwatira eningu bw'ewanga amirianiu mu ne nga ba mwana eri zo ne eri zo ne lye liita ndalafu omwana gundi abonekere ka agwatira eki mwana ne nga kya ng'agipaawo gundi abonekere lusa mutwe ne ng'aweene ko asaalakaliwo nyinzu yabonekera edda aliri giri lirina ppikipiki abonekere mayembe mu muwogo ogwa kasire
ID_YCZFW,nindeebaho ekishushani kyempundu etembire omu muti ekwatsire ekitaagi ky'omuti omuti nindeeba gwine amababi ga giriini ga kiragara
ID_YDLIK,atye ka neno kit agulu mapatpat mapol ata agulu pii agulu dek agula abino atabo lobo late kono atabo lobo gidwong gipol ata ento kitei tye patpat
ID_YDMZM,dano mapol guito iwi motoka ma tye ki bogi motoka man tye ka ngwec idye gudi ma pud kipuro apura teng gudi man olot ki lum madit ki dong yat bene tye ka nen inge motoka man
ID_YDPEP,orutookye ruhango rurungi rwine emitumba mirungi rwinemu emyata ekuzire kandi omutumba ogumwe gwine ekitookye kikuzire ogundi niho oguriyo nigureeta omukankaana
ID_YDXDV,laco man otingo kituko pa lutino kun tye kwede i nyim ot ka ma kicato iye bongi pa mon ki jami tuko pa lutino mapatpat bongi pa mon man kono tye mukene ma blue moni kenyo bene tye ma kore kwar pyere tye macol
ID_YEGWM,bibindu by'ekamasanyu oba biisangaasa birala byesi baakupabusakuikutiiyi byabaabicyolo nga busawitikiyi bibindu baabiŋŋoona biryaasi nga tsimbayiro n'ebibindu bibiippa kumwenya obwe biŋŋaanyisa kumwenya ng'bantu habembesha oba habembe
ID_YETDG,abantu batiire olunyerre ne bateera engalo ba kweshongola abandi babiri amuheru baliyo ne bateera engoma enyuma aliyo ekikaayi kiri ne akanyansi kagufu na n'emmotoka na n'ebiti biringa ebikwata
ID_YEWOE,ot man pi ot madiet mamuonya dakling ot eni ki kwom choc mi kome ot eninenaneno nie e nigang kwan
ID_YEZEY,ensu yaayo mba akali hundulo kuliko bisaala hundulo gundi baabyalaho kamatoole ne maaso w'entu eriyo bunyoosi ba nnekireesi ngabo sinanga
ID_YHASC,enjoki erimu netorora aha kamuri harimu ebirikwiragura ebya kinekye n'enyima y'akamuri hariyo ebya kinekye bururu hamwe n'ebirikwenda kwiragura
ID_YHNUI,pol mucido macol odi gurofa maboco laco mumako abera i cinge aber tye kala ma alumalum ki otara lacone oruko kor bongo macol ki jaket matar col dano mukene gitye ka wot idye gudi kangete
ID_YHTWW,abaishiki babiri bariyo nibazaanira omwitaka nibashanga bariyo nibazaana omwesho enyuma hariyo obufuuha bwingi na n'ogwo omushaija nainga omukazi oriyo natambura gwagati aho omuri eri itaka omuri ekyo kibuga ky'omushenyi
ID_YHXPJ,embuzi etaano ziriyo omu kishaka kandi eshata harizo ziriyo ni ziruka ibiri ziriyo ni zireeba kandi omwishwa harimu ebiti by'emiringo ebitari kushana kandi byingi ahari byo y'inerange ya gurene
ID_YILEP,ti ng'afutimbese mu tibiri teetiitikatinda eyi tiriwukwaya bunnyansi mu kisaawe kiihalimo bunnyansi bule eyi n'abita bunnyaasi bw'o mu bwasaafuuliwa n'enato tiri wukwayaawo eneyo
ID_YJEVE,dyegi ma gitye madwong adada dyegi man kitye ka lekogi gin gitye ka mo ma otal ka ma lum pe tye madwong adada iye lek dyegi man guruko bongi ma ki boyo aboya i kom kun bene gutucu itgi
ID_YJKFP,lutino awobe angwen tye ka gweyo odilo i dye kal ma kicelo gitye ka tuko i tep tol ka ma kimoyo bongo iye dye kal man tye ki lum ma pud peya otwo
ID_YJRLF,i cal man atye ka neno di boma madit ka ma atye ka neno di boma odi maboco tye odi ma boco tutwal bene tye iye atye ka neno bene gudi ma okato ki i kin odi man bene atye ka neno dano ma gitye ka wot gitye ka tic ki gudi magi
ID_YKASA,omuntu agwatire engubo eri mu langi y'ebinzaali nga emmere akati w'ennimiro ye gu muceere zimbega bisaala ne eziku nku kyange leka ne bye gonna bingi
ID_YKCOK,lamak rec tye ka ywayo obwo rec matar ki i pii kun en ywayo oketo i bap ma en ocibo i nyime i dye yeya enoni ceng kono tye ka menyone atir bedo calo ceng tye ka poto onyo pud tye ka tuc atuca
ID_YKIAM,pul ma kiboko aboka pul man tye mukene ma nyige ma kibito ka mukene tye kome ma peya kibito dok pul man kiketogi kacel i atabo atabo man tye mapwot ma olwore alwora dok kiketo piny tye i mukeka
ID_YLNMJ,hahumahatu era hali hu nnyanza imboofu heesi balambisa hula basiinyeeni haliho kumuhono kusi bawamba baabotooseresa nahaabwerese innye
ID_YLXMI,abashaija babiri bari omu bwato kandi baine enkatsi kandi omwe ayemereire kandi eseeri hariyo akazinga kari ahagati y'enyanja karimu ebinyaatsi bingi
ID_YMFMO,itsu uyevunyasi imbotoherere bachimhala nirirova yari rwanda hatsu kaande khevunyasi kariyevambi neabutu kehashuta kamedzi ritariumhi tayi iri yevunyasi uvomu nevuzara vuvomu
ID_YMGNE,entuuha eri omu kisaka entuuha erimu ne etambula entuuha n'emwe entuuha eyi ne erangi ya leero eya erikwiragula na na eri kutukula
ID_YMPIG,i cali eni atye ka neno ot madit ma kigedo wiye tye makwar iye bene atye ka neno gi ma kigedo ma kigoyo tye i kome gi eni kiyubo gi nyonyo iye bene atye ka neno yadi madongo tutwal ma odongo tye i wi cere
ID_YMXGL,aneno nam madit tye ki ot ki cula cula bati moni tye kenyo labolo kipito tye i dog ku kenyo bunga bunga bene tye ka kenyo dano ma pe iye atye ka neno lum labolo ki bunga ki pii ki cula cula me iye
ID_YOBIC,mukasi agwatire inguba eya ngaagi mwa nga erimu misitale ku makono gimimali haasi aggwatira eri gamu bibese mu budde biti na bigundi ali luda ani naye agwatira kya ngaagi ki wa nga naye haa si kye za gamu bubeeramu
ID_YOPNY,ki dano cal enini aneno cal dako ma tye i wi yeye ki otingo kwede nyig yat mapol mapol anen labolo anen mucung aneno pii bene ki matunda
ID_YPRDJ,zimbusi zibiri n'erikyeese nga imbusi ndalaeri mu langi imwanga gindimmali ziryagatiyo ekigona kulanga ekuti kiisaali lubega ery'omeezi magali ga kuwubita gali mu mabaale muweeni
ID_YPZQT,ihaanyafu iri ku sisaala ky'eluusongoofa
ID_YQDBN,omwishiki arimu nairuka ajwaire enkaito zirikwiragura aine ekitabo omu ngaro ajwaire esaati ya mutare nairuka omu bunyaatsi bukwataine bw'erangi ya kinyaatsi enyuma ye seeri hariyo emiti ishatu eiguru ririmu ebicu bya mutare
ID_YQDJZ,omukazi aheekire omwana we omu mugongo ali kwezunisa engozi omwana aheekirwe yaagwejejera omukazi alimu n'agezaho kugumizamu n'okuhinga omu musiri gwe
ID_YQIWC,ichel man atikaneno pina madit matimol gunyu mata te kiten atikaneno yieri ma green kigori nen ie gimalo nen pol mata
ID_YQMEN,dye poto maleng adada dok malac kun kipito iye cam ki diro ma kiryeyogi atir atir i rek idye poto man tic tye ka wot anyim kun kitye ka tic i nyonyo ma bedo calo trakta kun nyonyo man tye ka doyo cam ma kipito i poto man ma tye ka dongo ki yot kom ma poke tye ka nen alumalum
ID_YRLTP,emmotoka eri kuufuumula liita aka ku luguudo abaana entula kito eri kkumi na liita aka lino ly'e si mmotoka erikuufuumula lubego lw'e luguudo aba emisaala abayonikiesaawe kiri mu bungi uga
ID_YRQGS,akazu komekize eitaka enwe amadresa eberi analuigi lumu egibiti gasagiise amava ategekere ebineri adeese emu egekerehoo oluigi olundi andi alubazo alemutumba aliwo na miniti
ID_YSCIH,co adek tye ka ma matanun tye iye ngat acel tye ocung ingete agulu acel omako gadigadi tye ka onyo mata nongo ma kigoyo tye ka onyone ki mata nongo ma ocung tye i ngetgi kenyo laco acel oruko cati i kome ma tye ka wot inget blok enoni
ID_YTEYM,omuntu avuire enkofiira nga na essaati eri kutukula asitami omu bwato alubavu lwa maato mingi gali omumiizi alubavu aliwo ebinyansi
ID_YTHNF,dako tye gu kacat ka ma en oteko jami mapol kin jami ni nyanya tye iye nanaci tye iye okono tye
ID_YTPOF,cal latin awobi ma otingo jami acata ma ne i weng acunga otweo ki kavera tye ka cito yo madit ma pikipiki ki mutoka tye ka ngwec iye ki teng yoni tye odi yone kipuro iye lam
ID_YUUGO,ekkanisa eyineho omusaalaba ehiiguru haza ne ssa nk'eyaba katuli ki aalubazi lw'ekkanisa egi alimu emiti miringwa omu lubazu lwayo emitemiringwa
ID_YVGKL,ekisena eki ne kyereka enjende esitamire omu muti eyina akaana kaayo e kakwatire omu mayisho gaayo akaana kaayo ne kaleeba ahalubazu
ID_YVKAV,omukiikulu ali omu musiri ahingire n'ahingisa forogo ayekomere ekitambaala mu lubaju alimu emiti enyuma ye aliyo amaka gombekeri
ID_YVRKA,omuhaana alihuuti matsimbiro omuhaana oyu waakware unifomu ohu'essomero era waahire naabi wapiren' eshehalu abonekana olw'omwana ow'esambo yindayi umuhaana oyino wasiteeni esyeetabu ufaana aliohwama hu'essomero ala ali hu uloota ingu
ID_YVTZU,obutebe burikire babwemereize aha rubaju rw'oruguuto rwa kolansi enyima hariyo obunyaatsi n'ebyombeko bishatu ebirimu amaduuka n'ebyoma by'amadirisa na n'emingi enyima hariyo emiti
ID_YVULH,dano madwong gugure cok ki mutoka mo mucung pe ka ngwec dok waneno ni gin gitye inget poto labolo waneno bene lela acel ma kiduro i ye labolo madwong adada i kin jo mucung waneno ngat oruko kor bongo ma ki ngat oruko kor bongo ma blue bene
ID_YVUYO,nindeeba emotoka erikutwara abashabaze eyekoreire emigugu ahaiguru yaayo kandi eyemereire omu mwanya gw'oruguuto rw'eitaka omu rubaju rwayo hariho emiti miraingwa kandi omu motoka harimu abantu abashutami omu maisho gaayo harimu omushaija arikuvuga piki
ID_YVWHR,man laco tye ka cato cumbuca ki ocibo ata en tye icuk teng yo tye kacato cumbuca
ID_YVYBX,omwana w'omwishiki ajwaire yunifoomu esaati erikwera na sikati ya kaaki ajwaire n'obwiito burikwiragura bwashweka akwitse ebitabo omu mukono gumwe naayuruka omu binyaatsi enyima okwepa omu burangye bw'eizooba hariyo n'emiti
ID_YWURN,omusaani no ali mu haa mu katale ali kusala bibala bye kukulisa bibala bino bye langi embesemu
ID_YXCTY,abasigazi beekomere ebitenge kandi baba ne baguluka bali kuzina omu kyererezi ky'omusana kandi abandi biine nkwanzi omumaraka
ID_YXFBJ,obwato bwingi buri aha nyanja kandi aha rubaju rw'enyanja hariyo orurembo ruhango nindeeba za kanyina
ID_YXLRD,eno eggaali y'omuka ng'erimu lunaku zaali ne ssaabbuuni nga eri ku luguudo n'eggaali y'omukakuzitirokulikomisaala
ID_YXZWQ,baana ba agali bali mu ddinisa beeyambire mu ddirisa bandi baagwatire ezingowoze bbulu zifaanana guno agwatire eri mu buta ndalafu baku kyongera mu bi baabonekere mitwe mu dinisa bandi baasekere emma eno gaabonekere naye nga eddirisa ye nayo ebibaawo naye nga yaawumbuka ku kumu ngazi mu ene eritta aka lyawumbuka ako naye nga bupetabwabonekere e
ID_YZLWW,aka n'akatare aku barikugurizamu ebintu maama yaijaana muhara we okugura ebintu muhara w'omuto aine ekijuma eki ariyo naata omu kashaho aku baijaguriramu ebintu
ID_ZAMZM,chende alipiarapich ma kiribogi achiel larep ang'wen
ID_ZAQDE,ekanisa aineho omusharaba ahaiguru eshakazibwe amabaati g'erangi ya bururu esigiire erangi erikutukura kandi hariho amadaara omu maisho gaayo hariho n'abantu batembire aha madaara n'abandi bari ahansi aha rubaju hariho omuti muraingwa
ID_ZBQKP,pye got eni otinge madit mada dok i wiye wai cwinye yadi pol yadi ma kipito mapol pol kare yadi kiti enini dano opito apita
ID_ZCFZD,nam madit ma tye ki yeya ye yeya man kono tye kit yeya matiyo ki yamo me wot gine madit ma malo ni yamo bao ci dong konyo yeya man me wot idye nam iteng nam eni bene tye yadi mogo matino mapadipadi madongo idi piini
ID_ZCHJH,omushaija omwe ashutami haihi n'akaju aha rubaju rwe hariho ekidomora ky'erangi ya kinekye kandi ajwaire enkaito n'empare n'ekooti byona birikwiragura n'enkofiira erikutukura omu maisho hariho ebikutiya bipangire kandi aha rubaju orundi hariho abashaija bemereire aha kasasiro
ID_ZCXPI,co aryo ma kor bongo gi nen tar dok waneno ni bedo wai gin gitye i cuk kacat dok gini ki ka cato guketo i kun tye ki jami man waneno mucungwa aneno nyanya ki waneno tungulu cato bedo gin apira te weko dano nongo gia ki pe kede
ID_ZDDQM,man enini mego mugungu ma tye ka tedo en omako pala omako larub dek ki keno cuburiya tye ka ngete ma pot labolo tye iye labolo bene tye ka ngete ma pud pe ki yero ki dong jo mukene bene tye ocung ki cen
ID_ZEIVH,man rec matino ma kilwongo i ladi ma kimako ki goli ci kitweyo i kom tol ma kimako ki ilo malo ki i dye nam ngat ma omako ni kome tye matar kidong oruko labade bor macol
ID_ZEJZW,abaana b'eishomero bashemereirwe nibarangiza omudirisa y'ebiti
ID_ZENVD,cal enini tye iye cal pa dyangi ma gucung ki iteng yo kun mukene tye kacam dok mukene pe kacam yo man tye calo yo maram ma pudi kipuro apura yadi ma tye i ngeye tye yadi macego cego
ID_ZETYO,dano madwong adada gubedo i yeya ma tye i dog pii ka ma jo mukene oruko otok i wigi mabedo odero dok dano ma gubedo iye ni gitye ki jami madwong adada bedo ni tye ka cito kacato jami ma gitye ka tye nyig yadi acel gi jami bene mapatpat
ID_ZFAVZ,embona basaani batalo bali and oyo ekameeti ky'ennyanja waliwo ka maato ka akali
ID_ZFESX,ebi n'ebikungu bibiri biri omu eishwa kandi biri haihi n'ebishugi ekikungu ekimwe nikihango kandi ekikungu ekindi nikikye kimwe nikiringwa ekindi nikigufu
ID_ZFOVF,dano adek mon aryo anyaka acel yo yeyo bap ki kweyo i wigi dok acel oyeyo bap macol oruko bene kor bongo macol pyere tye tar col dano aryo tye ki tyen gi nono gitye ka wot i dye gudi kweyo mukene kiguro tye ki iteng gudi
ID_ZGBHR,i cal eni atye ka neno mego mo mo ocito i ot yat mego eni aneno obuto i wi kabuto mo matidi i nget daktar kenyo daktar eni tye ka menyo latin ma tye i mego eni
ID_ZGLPD,eriko biriko era biri omutwe gw'ennyanja emumisho g'ennyanja egi aliyo obwato obwato buno bukosibwa abantu kuba kubiiha ebizinga ku batwala ebizinga ebindi obwato buno bukosibwa na n'okkwata ebyennyanja omuyise gwa obwato aliwo omwana gwe nte
ID_ZICYH,man aye cal yeya ma tye i pii nam man maditi ma ki yeya man tye dano ma gin obedo abeda ka ki i nam man kono tye yadi mogo ma otwi matino tino
ID_ZILDJ,min latin man tye i poto obedo latin ingeye latin onino koo en oboyo wiye latam cam ma kipito nen bene ki tung kungeye
ID_ZINKC,atye ka neno kwai cam mapol tye i wi meja ma kwai cam magi gitye ki moc cam mapadipadi macalo tong gweno tong gweno miyo itwa kero weko komwa bedo matek akado akado man tye alum alum en kono jingo komwa konyo wa weko lweny i kom two
ID_ZIOGE,abaana era ng'abaana bano mulimu omwana omukhaana owambire eggaali ng'eggaaliyi akibwireho kibbuutu ky'e kameetsi era nga mulimu egaaliikindiiku iraasi nga mulimu ne kidomole kindi ky'e kameetsi ekyihalaasi nga mulimu omusinda ogundi ukwolola u nnimiro
ID_ZIQSO,magi jirmi tekwaro magiyubogi meyubo miel kiyubo kila gidong' yat nyoyien ma tole kiyubo kitol nilu adu magoyo wee kichal magigoyo tie ko ot
ID_ZIWZN,kibbabbuuni kutaru nga kino kiri kukenda kihalisa lukuudo lwa maaramu lukuudo luno olwabirira mu sibira amala ahunduliko elukuudo luno iriho obunyaasi line nga kimisaala kiri kimikali amala kyaleeya khandalo kyelukuudo eneru
ID_ZKCAU,kany tye cene ma romo nyig abic alip apar nyig acel alip acel nyig acel alip pyer aryo nyige aryo alip abic nyig acel but alip pi ariyo acel tye ka nen matitidi mo
ID_ZKLLF,baasaani babiri habenyaaho sissaawa akari ntwera waagwalairiyiti sati ya bbulu gundi wakola ebintu byeemali sisaawa kiryambiniki bisaala bisaala ebi birimomukari yinzu oba birimo biri baawo kuy'okwihalawo
ID_ZKTYO,bimuli biri mu bisaala bisaala biri bimuli bimuli biri bbululu ka matu kali guliini inzuki iri ku bimuli bimuli biri mu aaa
ID_ZKZPY,abantu bajwaire masikisi zitarikushushana omu rangi emwe n'erangi ya papo endiijo eine erangi erikwera nana erikwiragura boona bajwaire emyenda y'erangi erikwiragura
ID_ZLGQH,embona womuloosi wakwalirira ekingubo kyeekhale naabi haaaka afaanira kowaaka ebindu muli nga kinyenyi mu kunda asiturembako mu ng'akiwambire ekamakono kombi waboyere esiitambaala emmuli
ID_ZLWRA,baatu baliko beeya omupiira ekole gwe kukozesa maanyi bali ku kisaawa bandi baagwate ezipale ezirima nga bandi baagwate ezipale ze langi ey'ekiyisi bandi bazungu bandi baamale ne nga baliko ba kwesanyaaomupiiragwen
ID_ZMFII,zinzu zibiri ndala yo eggamabbaati gindiyo ebuunyansi ne nga yeegamabbaati ku ng'azikwene kuliko migulu gy'eziippikipiki ne nga za zinzi zeni zibiri zene zaawumbukaga zisaalalize esibaamaatieyamuliitaaka zaaboneka ne ngayegamabbaati negumulyango gwena eegw'ebiidebe naye ebuunyansi naye awumbukaga n' nga iriwo bidde omoole omu egidiinini egi musaaja yo oguulira luutulo lwene
ID_ZMMOC,eryoba baana abafiiti basangaafu babaakwalira ekingubo okikafaanana ate bali kuutimira ku khayira heriiroba ng'ababoneka na ab'amaaku amaahu essomero hundula okwekaayira kano lirikako obunyaasi n'ekimisaala
ID_ZMNEU,mamuchishani ndevemnzvimbo itano zvidiyo mizi ndevemamizi ndeve ryenyanzva enzvivo zimoziviyani zendi dziri yamutongo wedzodisale
ID_ZNGXW,ayuno omusaanu mbesemu nga wakwarire engubo emmali ppale emmali areeko etaayi akwarire sigira busi mu kono wa wareeko kaakookolokumunwa ne koofiira nga wiimikire mu byumando zaali ng'omuwo
ID_ZNJII,buno wabula nga bali bubuuki bubuuki bukolebwa n'esinzuki sinzuki etita mu bimuli kaanuuna buunulu bwe buba mu bimuli taata taakolamu bubuuki buno bubuuke obu buliibwa balamukyaayi w'abandi baakolamu n'enkamalesi
ID_ZNRGG,omwana akwise ennyaanya eziriyo mu kaveera azeerereze omumwanya kiri n'omutwe gwe omukono ogwa bumosho gukwise essente aha nsi aliko ekiba ekirimu ennyaanya era aaa
ID_ZOGVC,kasasiro ali enyuma we kiti bayombehayoni ha hee ye etera mu bakomerera ka mataffaali ntu bakyala erangi embesemu ne kasasiro wa wabula
ID_ZOTMD,ekinyonyi kiine omunwa muhango kandi muraingwa kiine otwisho tukye kandi aha mutwe gwakyo hariho otushokye kandi kiine n'ebyoya bingi kandi enyima yakyo hariyo erangi ya kinyaatsi kandi omunwa omu rubaju gurimu erangi ya kinekye
ID_ZPAQV,anyim kany tye yeya yeya ma kicanogi ki peki pii tye i ngom ki dyer a ki nen odi odi ma wiye leng alip ma tye atara inge ka godi godi aryo i
ID_ZQMKI,bino birime bye ga majaani majaani gano ba agali ma muzirayini muzirayini mu zinyiririmuzinnyiriri nga weeyongera eyo maaso baabyala misaala majaani gano gali kugati ku egi misaala
ID_ZQQPZ,man kono latin awobi ma tye ka loro mujee mo ki lela pa lugoro kun kelo i kin dano ka ma jo ma kilorogi ki lela meno gitye ma gucoke iye
ID_ZQRXR,omukishushani omu nindeeba omwegi akwatsire ekitabo ajwaire yunifoomu enyuma yeye hariyo ebiti bya kinyaatsi na aharubatsire nikinyaatsi kuri nindeebayo amashozi niho arikuraba naaza ahaishomero
ID_ZQYLV,egaari eriho ebitookye bingi kandi abashaija bemerire aha rubaju rwayo hariho emotoka y'abarambuzi enyuma yaabo hariyo orutookye kandi aha mutwe hariho emigoye y'amashanyarazi
ID_ZRAHE,omusiiza ali omwalo alubazu lw'e lyato asutami omu ngalo akwasire ebyokulya
ID_ZRXCI,akatandaaro omu bisho g'enzu kariho esihaani n'ebikopo ahansi hariho ediishi beenaho eitaka henyini hariho amabaare gakwasizaho eseforiya ezindi eseforiya zira hansi n'ebigirika neemwe biriya ahansi
ID_ZSAVQ,omukazi ayekoliire ekisero aha mugongo ekisero kirimu muhogo eyomire kirimu omukolo alimu n'ekicupa na ne guniya kandi aliyo ne alaba omu miizi
ID_ZSROQ,lyeci abicel gitye idye pii ki dong yadi mukene tye macego ma otwi idye pii man yadi mukene bene madwong gitye gutweyo woko ki dong bene modo tye ma otwi i dog pii man
ID_ZSRQG,umuseeza aliko agitula mu kitaŋŋata agwatira empale ennyimpi bwereere yesu muki buno mu bigere kaamozi ng'atola aliko asombaga biitu bye si bagusa grey mu kitaŋata babi bwe agiri wonyene aliko abisombaga abitusa mu kitaŋŋata abiri akuutuwandi
ID_ZTRQP,kingaato esi zesi hasi nga zili murangi y'ebbendereye linnambo lya uganda nga lirimu irangi embesemu irangi ya nabinzaali neerangi emmali nga akari waliwo sifana
ID_ZUIUT,esala likooda ne nayikondo waliwo abiri ayambekeramunukusala
ID_ZUUDA,omuseeza ng'e kaali yasi agwate ekikoofiira ezi ngozi mm ali aya mbira ekito ate kya ka zi langi awo eno essa ali alwoti kiriko bamuba kira bibaawo ne dda ani eno eriyo bikyafu eriyo ne mumuseeza guno mu bikyafu
ID_ZUVQZ,zinzu kye zirimu langi emmali embesemu n'emwanga ziriko bupapa zibuusire mu kifo kyongene mu kimuli kirimu zi langi nemwanga embesemu zi kunuuna kwama mu kimuli
ID_ZVQTV,dano adek ma gin gucung i wi cere ma tye idye pii dok gin gitye ka mako rec pii man tye pii madit ma tye pii nam ento piine tye dago dago ma nen piine pe tut kun lum otwi iteng pii ka lum mukene tye wi dye pii
ID_ZVRJE,egi neŋŋanza neŋŋanza mpango ka ndi omunyanza omu aagate alimu eryato e alimu eryato limu eryonka kandi ko kuba n'oleba ku lyaseeri aliyo ebiku ka ndi kulu ne lya bbululu
ID_ZVURY,cuk kacat ka ma lucat gubedo iye ki jami ma gin guketo gi me acata ma guonyo i bap malac kun tye iye jami ma kikwanyogi ki i poto dok tye dano mapol bene ma gitye ka wot kun tye tim mo ma kipikogi gutiya ma kidurogi mapol adada lamal
ID_ZVYXR,egi nyanja bwaguuga mpango munonga ekwitse erimu amaizi garikutwarwa omuyaga garimu nigetabura aha rubaju rwayo hariho omushaija ayemereire ah'eibaare ajwaire emyenda erikwiragura ayemereize eirobo ryeye ariyo naragyezaho kuriteka omuri egi nyanja kukwata ebyenyanja
ID_ZXFZY,i cal man kono atye ka nen ngato mo ma tye ka tic ki keno me bulo ringo ngat man kono tye ka tic ki malaga me loko ringo man ma tye i wi mac ringo kono mukene ma kigwoko malo ma pud me pud tye i wi mac
ID_ZXIVR,ot mo ma kigwoko iye adungu adungu tye ka nen dok bene kigoyo iye cal cal mogo cal dano matye ka nen cake ki pyer dog kede piny ki wiye pe tye ka nen ki dok bene kimwono kimwono cal iye mogo mapatpat adungu ni kono kalane nen ma rom rom ki tero maber dok tye kenyo
ID_ZXTYZ,enjura ngu ebyami ahansi eine amaisho garikwera eine obwoya aha munwa eine amatu garikwiragura n'omubiri gwona nigwiragura n'aha rubaju rwayo hariho ekyoma ky'erangi ya kitaka ahu ebyami haine erangi erikwera
ID_ZYBHX,ennyanja mpango eryato lisitamiho abantu basatu ebiti ebisaka igulu
ID_ZZMXR,omukazi na shaliona ye ekyongera n'ayimbisa muno ga sowira yona atiirewo mutuma mu essa ga kingire kandi ennyuma eyo ali abantu bantu nabo mu basa nga bali yo mu bamu bawerera ne basaba ne basa nga buli yo mu baswaba
ID_AAOODF,bato ya masano ya basket bazali kobeta basket na terrain ya basket bato ya masano ya basket bazali kobeta basket na terrain ya basket bayi bongo bilenge mibali balati bilamba na culote na basengle na langi ya lilala mosusu langi ya bozenga
ID_AAPBIE,chikwata chevanhurume vomutambo webhasiketi bho chiri munhandare umo mune vanhu vakawanda vari kuona mutambo uyu vatambi ava vakapfeka hembe tsvuku vamwe zvichena pane bhora riri mudenga vose vari kurwira kuti vabate bhora iri
ID_AATKGX,pane ndege iri kumhara kana kuti kusimuka yakanzi ecair ndege iyi inotaridza mavhiri mana matema kwozouya bapiro rimwe chete rinoonekwa
ID_AAYKBF,na foto oyo nali komona balakisinga awa eza karton moko ya almed bati yango likolo ya libanga moko ya monene karton oyo eza na balangi ya motane ya pembe pe ya mosaka na moindo
ID_ABPNFQ,awa namoni balakisi biso bana mibale mibale oyo batelemi na kati ya ndako na moni eza bana mibale oyo basalaka spore oyo ya karate
ID_ABXLTD,na mama kasi azotambola na mwana na ye mama wana alati elamba ya milai kasi yango eza na langi ya pembe eza na kasi na langi ya mbwe pe na langi ya mwindo kasi azosimba mwana na ye na loboko ko atambola
ID_ACXWNX,safu ya kotokisa na likayabu ya kotumba bo ekabweni sani ya mbele na pilipili ya kotuta pilipili batuta
ID_ACZEVJ,iyi imhando yehuku ine manhenga akawanda ebhurawuni ane machena musoro wayo muduku kupfuura muviri wayo makumbo ayo akatsika pasi panoratidza kuti pane masora ebhurauni matema maziso haasi kuoneka nekuda kwekufushirika nemambava akawanda muromo wayo wakanongedza mberi kumashure kune fenzi yegireyi
ID_ADOMPT,shiri hombe yakacheneruka yakamhara padanda rakaoma rakapinda mumvura iri kuongorora mvura kuona kana ingagona kuzviwanira hove yekudya
ID_ADUOVN,madomasi akawanda akatsvuka ari kuratidzirwa ari kutengeswa kuti avo vanoda kuwana zvekuringisa husavi vazvitengere vonobika kudzimba dzavo
ID_AEYASK,esika tokomi awa naomona na miso nanga balakisi ngai bamabanga mabanga ya monene mpenza bamabanmwa minene minene pi na nsima mabanga minene minene oyo naomona bato ebele baotala bamabanga wana
ID_AFAKEG,foto elakisi pano publicitaire ya aviation moko ba bengaka yango lengo espresse
ID_AFXWKR,vanhu vechirume vakawanda vakamira panzvimbo inotambirwa mutambo wechirume webhora pane uhwa hurikuonekwa hweruvara rwegirini kwoita mitsetse yakadhirowewa pasi yeruvara ruchena nechekumusoro kune macheya anogara vanhu aneruvara rwakachena nerutsvuku
ID_AGTPRM,awa toza komona mesa na bakiti mibale tozomona bati yango esika moko bazolakisa biso ndenge ezali kitoko tomoni likola mesa kamwa kopo moko ezali ezali kitoko mpenza ezali kitoko ndenge baza kolakisa biso yango awa
ID_AICQQG,namoni kisi oyo esungaka mpona malali ya libumu na kati na ndako na yango
ID_AJLYXZ,mberi kwemba kune furenchi dhoo ine mabha machena uye mahwindo arikuoneka mukati mune masofa eorenji ne meti iri padhoo yekaki ine zvitema panze pefurenchi dhoo pane matayirasi ari pasi
ID_AJXJQK,ea awa ezali buku oyo bakomi jebukine tomoni bakomi evenement seignere des anneau yango wana bakomi baza kolakisa biso awa soko okoti na kati okotanga okoyeba biloko nini bazali koloba na kati kuna
ID_AKEEIU,munhukadzi akagadzira kumeso kwake akadhirowa tsiye dzake akapenda muromo munzeve dzake mune mhete dzakarembera musoro wakarukwa namabhureidzi akasungwa padivi napadivi
ID_AKEKCT,awa na moni eza na kati ya bilanga liboso na ngai nazomona mbuma moko ya kitoko pe ya elengi mingi
ID_ALYEKY,rukesheni rune dzimba dzakawanda pane iri padivi ine denga rine mataira matema pamberi payo pane motokari chena imwe ine denga rine marata egirini parutivi pedzimba pane marambi emumugwagwa
ID_AMCCBI,simbi inodaidzwa kuti shoku iyo inoshandiswa pamotokari yakagadzirwa nesimbi inoita basa rekuti motikari isanzwika mabhambi kana ichifamba
ID_ANCBYL,kisi ya bokoko eza kisi ya bokoko
ID_ANEMZF,moto aza na makolo azotambola na nzela liboso na ye nzete ebende ezali na nsima na ye motuka moko pe etelemi alati masapato ya pembe na likolo alati elamba eza na balangi mingi
ID_ANHQMY,esika na komi awa nazomona eza pembeni ya balabala na balabala yango nazomona ba mituka ba mituka a ndenge na ndenge namoni koza ba mituka mibale ya moke ya ba voiture eza na langi ya vert et puis pembeni nango namoni koza camion moko ya pembe ya carosserie ya bleu vrama liboso na yango namoni pe koamwandako moko ya etage ya kitoko mondako ya monene
ID_ANZHBV,bilenge mibali ya mibale bazali bongo kobunda bazali bongo ya bato ya ndembo oyo babekanaka makofi ndembo na bango ezali ya kobunda na bamakofi
ID_AOHRVC,awa nazomona liboso na ngai mwana mwasi atelemi kitoko bauti kobongisa ye suki na kati ya salon de quaffure
ID_AORESO,awa nazo mona basi bana basi misato eza neti oyo mwasi ya kati kati nde mama na bango baoyo mibale baza bana na ye bakangi bango pe suki ya meche ya kitoko baza basi kitoko na mama na bango
ID_ARBIRT,e awa namoni balakisi biso mwa lipapa ya jaune ya ko nzuluka na moni eza lipapa oyo ya bana mibali batiango na se na kati ya ndako
ID_ARHAXW,awa nazomona ambalage ya kisi eza na kisi na kati kasi kisi yango eyebani te soki pe ebikisaka malade nini nayebi te
ID_ARVDNP,foto elakisi biso mwa loboko esimbi mwa kisi kisi oyo eza kisi ya kitoko kisi oyo ebumaka bamwa nyama oyo ezalaka na libumu ya bato oyo etindaka bato babeli na mwa libumu pe bayoki pasi kisi oyo ekombona ango ketanozol oyo ezalaka makasi mpone
ID_ASBDUP,eloko nazali komona nazali komona milangi mibale to misatu ezali milangi ekoki ya ba fruits ekoki kozala ba fruits aanazali komona na molangi moko ba dessinaki anana ba jus ya anana
ID_ASIPKU,camion eza na kati ya wenze elingi ko nyata biloko na se camion eza na kati ya wenze tomoni bato baza na kati ya wenze sok camion eza koleka na kati ya wenze
ID_ATIDGP,kapuka kasiri kunyatsooneka kumashure kwacho kapuka kacho kane ruvara rwegirinhi makumbo maviri ari kuoneka matete asi ane zvekubatira kumberi panewo kamwe kakada kuita kunge kahuswa kakareba kane ruvara rutema kakakwira mudenga kachibva pachipuka chacho
ID_ATIYKD,he na elili oya bazali kolakisa biso tomoni ezali bongo nakati ya ndako pesoki alobi nakati ya ndako se tobatandi tapis pelikolo ya tapi yango tezoni lokolo ya sapato moko yaba ndeko mibali
ID_ATTFDF,boye kasi nde nazomona liboso na ngai eza na ba bwati moko boye babwati yango eza en plastique kasi nazomona eza na langi moko ya mosaka misusu pe eza na langi ya bozinga boye kasi nazomona eza na balangi mosusu ya lilala pe na langi moko ya pondo
ID_AVMULW,motuka ya kitoko ya mwindo mpona bakonzi to pe libota
ID_AWJYKX,awa na moni tata moko alati kitoko aza na suki ya pembe aza na kati ya ndako bazosolola makambo ya politiqe
ID_AYAUMX,midziyo yokubatanidza mapepa inodanwa nezita rokuti sitepura yakasiyana siyana imwe ihombe imwe midiki pamuhombe pane uneruvara rutema irinechekumusoro koita dzidiki dzinemavara machena koita imwe ineruvara rwuchena yoita ruvara rutema nechepamusoro
ID_AYEGYT,michero yakatemwa kubva mumuti ikaunganidzwa ineruvara rwakaita rutsvuku uye imwe yakada kuita sepepuru yakawanda iripasi ipapo imwe yacho inetutanda twakabatira paiyo tuchiri girini michero inodyiwa navanhu nekuti inobatsira kusimbisa miviri yavo zvekuti kana vazorwara havanetseki kukurumidza kuora
ID_AYRYPF,liboso nanga awa nazo komona sapato moko sapato yango eza ya mwa gri batie yango na likolo ya kitambala moko ya bozenga
ID_AYSLAJ,nzvimbo inoitwa zvekubika bika pane nyama yakawanda iyo iri kugochwa pamazimbe ayo ane murazvi unoonekera kubva mumasimbi
ID_BBQWLS,elili eza liboso na ngai namoni mwa voiture ya kitoko etelemi pe eza na se ya nzete moko ya kitoko na balabala pe namoni mutuka mosusu ezo tambola ya moindo
ID_BBUQAC,mureza uneruvara rwebhuruu une chiratidzo chiri kuruboshwe kwawo nechekumusoro chine ruvara rutsvuku uye ruchena zvakare kurudyi kuri nechekuzasi kune nyeredzi dzineruvara ruchena
ID_BCOIMC,mishina miviri inoshandiswa nevanoita zvekugadzira magetsi uyezve padivi pachon pane mishina ine tambo inoshandiswa pamwe chete nemimwe mishina iripo
ID_BDLDQK,vatambi vebhora vakamira munhandare vakapfeka hanzu dzakafanana neshangu mumakumbo avo vakamira vakatarisa zvichiratidza kuti vari kutorwa mupikicha zvekare vari kuimba nziyo yekusimudza mureza wenyika yavo
ID_BEAXGU,muti wakanatsokupfumvutira une mashizha akasvibira uyezve unoratidza kuti une mumvuri wakanaka muti uyu une mapazi akawandisa
ID_BEBWRK,tsanganidzi yakagadzikwa patafura yakachekwa mapisi chimwe chidimbu chakasiiwa chakadaro inogona kudyiwa yakadaro kana kuita zvokubikwa
ID_BHMOUC,awa bolakisi biso photo oyo bana misatu bazo seka moko amonani te mibale bazo seka
ID_BMAMTU,shangu imwe chete yemunhu kadzi yekurutivi rweruboshwe yakavhurika ine pekukochekera ine zvitambo ine ruvara rwebhurauni pamusoro nepingi kumativi
ID_BMRJMV,likolo ya mesa eza na eleko oyo bana kelasi basalisaka yango eza neti libende libende yango eza na langi ya bozinga esalisaka bana kelasi mpona kosalisa yango na kelasi na bango
ID_BNABME,na bilili oyo nali komona balakisinga awa eza sapato moko ya bana basi batie likolo ya mesa sapato oyo eza na balangi mibale ya motani pe ya mosaka
ID_BNBXHO,vana vaviri vari kuratidzwa mumufananidzo uyu vari kuita sevari kuda kutenga zvinhu pamusika vana ava vakapfeka nhumbi dzechikoro uyezve vana ava vakabereka mabhegi emabhuku mutengesi ari pamusika uyu akagara pachigubhu cheyero
ID_BNWLVQ,tomoni papa na bana na ye aza kokata mwana na ye suki pembeni na bango eza bana mibale baza kosakana toza komona kuna mosika baza neti baza na pisine
ID_BNYYWA,chaineti ya kingo na ya loboko ya wolo
ID_BODVLJ,awa namoni eza na bana mibale moko oyo batelemi liboso ya stade namoni pe eza na bamisusu oyo bafukami enamoni eza bana mibali oyo babetaka ndembo ya maboko
ID_BOVFVV,na bilili oyo nali komona balakisinga eza batomate oyo bakati yango pe esi ebeli te eza kaka na balangi ya pondu na kati namoni balangi ya pembe
ID_BPMRMX,zvuma zvirimukati mechitoro zvakaitwa maputu maputu zvimwe zvineruvara rweyero zvimwe zvineruvara ruchena neruvara rutsvuku neruvara rweyero uyezve nezvimwe zvineruvara rwepepuro neruvara rwebhuruu
ID_BQTUGO,bhatafurai rakamhara pasi rinoratidza kuti rine mavara mavara nechekumusoro kwemapapiro aro rinoratidza kuti rine ruvara rutema yobva raita ruvara ruchena nechemuzasi tichienda kumutumbi rinoratidza kuti rine ruvara rwutsvuku kumutumbiro waro rinoratidza kuti rine mavara machena nemavara matsvuku
ID_BRLAKJ,awa ezali lisanga ya bakonzi ezali na reunion ekosolola makambo ya mboka
ID_BRRHVM,esika tokomi awa bandeko eza na kati ya balabala na balabala oyo namoni eza mwa umotuka ya langi ya mai ya pondu epuis libanda motuka oyo nazo mona eza mwa mama moko ao tekisa ba mikate
ID_BRZJGE,mukomana akamira pamberi pechidziro akabata bhachi mumaoko make aneshangu dzekufambisa dzitema uye iye akapfeka hembe nhema imwe yakanzi nite
ID_BSBTOV,foto eza liboso na ngai namonimwa bilei likolo ya mese pe na bamwa sani ya kitoko biloko oyo eza mpenza ya bandele oyo namoni eza bamisuni oyo basalaki yango na kati ya boulete pe na kati ya boulete oyo namoni batie mwa make mpe kuna namoni basani mosusu basalade eza na kati pe na bamwa kwanga na kati eza kitoko mpenza
ID_BSCHXE,liboso nangai namoni mwana mwasi mwana mwasi kitoko ya pembe na loboko naye namoni azwi oyo babengaka na muloko ya poto sac a main alati pantalon ya bozinga namoni batongi ye suki naye malamu basuki naye eza naba langi ya motani nde namoni ngo liboso na ngayi aw
ID_BUPBKJ,loboko esimbi nzeta fufu
ID_BVLOQR,mapushi ane ruvara rwakasiyana runoti yero rutema nemachena neebhurauni neekirimu ayo anopfekwa nevanhukadzi akagadzirwa nemachira pamusoro akasimba
ID_BVRWJF,zvuma zvakapfekedzwa pazvidhori zvitema zvuma izvi zvakafanana mhando asi zvinozosiyana ruvara zvimwe zvuma zvine ruvara rwe bhuruu namavara mavara zvimwewo zvuma ndozvine ruvara rwe yero namavara mavara zvimwewo zvine ruvara rwuchena namavara mavara
ID_BVVWIJ,nzvimbo ine miti uye huswa uswa hwacho hauna kunyanya kukura huri kuwanikwa kunze kwerusvingo runodzivirira imba huswa hwacho hwakatsvukuruka huri kuita sekuti hauna mvura mukati mune miti yakakura miti yacho ine ruvara rwe girinhi
ID_BVYDAO,kasora kanokura kachitambarara kanowanzo tambarara pamusoro pemvura kane mashizha akanakisa akada kuita kakutenderera ane ruvara rwegirini nemamwe ane ruvara rwakaita kayero
ID_BWBLLL,na bilili oyo tozali komona awa liboso nabiso tozali komona bongo ba sabuni soki totali makambo bakomi naba carton yaba sabuni yango ezali bongo oyo mutu asokolisaka yango nzoto
ID_BYLITH,muchina wezvinwiwa une zvigaba pamusoro zvegirazi mukati mazvo mune zvinwiwa zvakasiyana chimwe chine chinwiwa chitsvuku chimwe chinwiwa cheyero
ID_BZCOAH,shangu mbiri chena dzakagarana dzinemukati mebhuruu pamusoro peshangu panemabhadhe maviri
ID_BZZNTU,nhandare yemutambo wekunzana namasimba kana kuti wetsviva mune ruvara rwebhuruu pasi neruvara rwakaita bhurawuni mune zvigaro zvine ruvara rweyero rwegirini nerutsvuku mune maraiti anopfuta pamusoro mune vanhu vakagara nevakamira
ID_CAEBSB,liboso nangai awa naakomona photo ya sapato sapato yango ndenge ezomonana eza na bosoto mingi eza na bosoto mingi pe sapato yango batia yango likolo ya tapis eza ba carreaus t eza ba tapis
ID_CBBJNH,vanhu vatatu varikufamba mumugwagwa unoita seuri mudhorobha pavanhu vatatu ava pane vakadzi vaviri nemurume mumwe chete murume uyu akapfeka mudhembhe mutema uye hembe tsvuku nekepisi madzimai akapfeka hembe nhema
ID_CBWTCL,awa nazo komona ba flako ya mafuta ya kopakola eza mineyango moko yango nyonso eza markue moko texerie eza mafuta ya kopakola
ID_CCEJUY,awa namoni liboso na ngayi balakisi ngayi eza bijouteri esika batekaka ba bijoux nde yango bazolakisa biso ba chanete na ba groumette batu balataka
ID_CCJUEN,ringi dzakapfekedzwa mumaoko maviri emunhukadzi rumwe ruoko rweruboshwe runoratidza kuti rwakapfekedzwa maringi maviri akandocheneruka anoratidza kuti ndeesirivheri uye rimwe ringi rakapfekedzwa kumwe kekuruoko rwerudyi
ID_CCMSCC,motuka oyo eza motuka ba bengaka camion eza camion eza motuka oyo ememaka ba biloko ememaka ba zelo ememaka ba mabanga tango bato bazo tonga ba bala bala ntango bato bazo tonga ba ndako mituka oyo nde ememaka ba zelo po bato ba tonga eza na langi ya pembe na ba pine ya langi ya moyindo na pembeni wana eza na langi ya motane
ID_CDDYTT,vatambi vemutambo wetsiva vakamira vachiratidza unyanzvi hwavo havana kupfeka hembe kumusoro kuzasi vakapfeka zvikabudura vese havana shangu
ID_CDKWBW,mwanasikana akamira akabata amburera yakavhurika kutsoka akapfeka mapata pata eruvara rweyero nebhurugwa pfupi nechekumusoro akapfeka hembe ine mavara mavara anoverengera eyero ebhuruu nepingi isina maoko mumusoro make akaruka netambochena
ID_CDRINL,ruwoko rwakabata goka nhema yakabatidzwa kuti ipe chaedza murima
ID_CEHWTB,motoka minene oyo ekumba essense kasi eza na balabala eza motoka moko awa pembeni eza na balabala
ID_CFSWOV,tafura iya ine ruvara rutema yakawaridzwa zvuma zvemuruoko nendarera dzemuruoko dziri kutengeswa uye dzakawanda dzinamavara matsvuku mamwe ane ruvara rutema mamwe aneruvara ruchena mamwe ane ruvara rwebhuruu
ID_CGBLNL,mukomana akapfeka shangu nhema akamira pamwe chete nebhurukwa dema muhuro make mune chuma uye mumaziso make mune magirazi kuruoko rwake rweruboshwe kunewo chiringazuva icho chaakatarisa
ID_CHAYJC,munhukadzi akarukwa madhiredzi madhiredzi aya ane ruvara rwebhurauni akapfeka nhumbi yekumusoro ine ruvara rwekirimu uye ruvara rutema
ID_CHDRNT,liboso na nga namoni mai mai mei pe na mai wana namoni likolo na yango eza nzela nzela ya mabele te pe nzela oyo babengaka na monoko ya lopoto eza pon nde namoni pe namoni ba mituka mingi mituka ya pembe pe mituka ya moindo na bato mingi bazope na bamatiti na penepene na yango
ID_CIXTAN,kapuka kadiki kakamhara pasi kapuka kacho kakaita senyuchi kane musoro wakakura uyewo kane mapapiro kapuka kacho kanogona kubhururuka
ID_CJZEYO,he na bilili oyo batiyeli biso molangi moko liboso nabiso soki totali molangi yango batiye yango nase molangi yango namoni ezali bongo nalangi ya pembe nalangi ya mbonzinga soki totali malamu molangi oyo ekezala molangi ya malase
ID_CJZHQR,pachiteshi chamabhazi pane makombi maviri akamira ane mavara akasiyana parutivi pawo pane bhaziwo rimwe chete rakamira rinoratidza kumberi kwaro kuchena nechemberi kune rimwe bhazi rakamira reyero
ID_CKQPRT,vanhu vari pakati pedhorobha vakarongerera misika yavo pamakadhibhokisi vakawaridza jira rine ruvara rwebhuruu vamwe vakapfeka mabhibhi ane ruvara rwegirini
ID_CLCVQW,eloko nazomona awa namoni eza obele mama moko boye mama a kokola vrema totelemi awa liboso na ngai namoni mama yango alati mwa bubububu mpenza moko ya kitoko atelemi na kati ya ndako na ye
ID_CLUUGI,zvipanera zvakaturikwa kumadziro zvine mizera yakasiyana siyana zviri pamusoro zvakasvibirira nekucheneruka zviri pazasi zvakasvibirira zvose
ID_CMWEOJ,munhurume nemunhukadzi varikufamba padivi pemugwagwa iri pasi pechivakwa chiri mudhorobha munhurume akapfeka mbatya ine ruvara rwebhuruu nemaoko marefu nebhurugwa rikuzasi rine ruvara rutema munhukadzi akapfeka siketi pfupi inosvika pamabvu akatakura nebhegi rechikadzi
ID_CNAAPA,vatambi vebhora vaviri vakamira vachiratidza kuti vagadzirirwa kutorwa mufananidzo mumwe mupfupi mumwe murefu zvakare vane bvudzi rakachekererwa zvakanaka kwazvo
ID_CNEWVO,mafuta ya kopakola ya bana
ID_CNHGQK,esika bana bavandi awa namoni eza neti baza na classe namoni bazokoma nakati ya cahier bangonyonso balati ba elamba ya classe ba bengaka ba uniforme
ID_CNMTHU,vanhu vakagara vari kutengesa mbatatisi mai vakapfeka zvichena nedhuku rine ruvara ruchena vane mbatatisi dzavari kutengesa mirwi nemirwi pamberi pane murume ari kufamba zvekare ari kuratidza kuti ari kutsvaga mbatatisi idzi kumberi kune vakawanda varikuuya vari kutsvaga zvekutenga uye pane mukomana ane chingoro akamirira vanhu vanotenga mbatatisi kuti agowabatsira kuvaisira mungoro achivaperekedza kuenda kwavanoda kunokwirira mabhazi
ID_COIPSP,vatambi venhabvu vari munhandare yavo yekutambira nhabvu vari vana vechikoro
ID_COKZFV,mbudzi mbiri dzakamira imwe iri hombe ine nyunga dzakatarisa kumusoro nechekumusana ine ruvara ruchena kumberi ine ruvara rwemambava akatsvuka chimwana chayo chiri pazasi chine ruvara rwakafanana namai hachina nywanga
ID_COUUAA,zvigaro zvekugarira zvisina kwekuzembera izvo zvakagadzirwa nemapuranga uye zvine zvigariro zvazvo zvipfumbu zvakagadzirwa nepurastiki
ID_CQDCXT,mombe ine musoro une ruvara rwebhurauni nepamuromo patema mombe iyi ine nyanga dzakaenda kumativi iri kuratidza kuti iri kutsenga nekuburitsa mazino akaenda padivi ine kahuswa pamuromo zvekare
ID_CSUPIY,nzvimbo ina maruva emhando dzakasiyana siyana ayo akaisirwa mavhu muzvipepa zvitema nzvimbo iyi ingangova inotengeswa maruva
ID_CTDWOV,motokari hombe yerori re gonyeti yakatakura mabhero ekotoni mukati motokari dzinoshandiswa kutakura zvinorema uye zvinhu zvizhinji zvakadai semabhero iwaya kubva kuminda kuenda kunzvimbo dzekunotengesera donje
ID_CUDWBK,munhukadzi akachena akapfeka hembe ine ruvara ruchena runotsvedzerera muhuro make akapfeka mhete musoro wakagadzirwa zvinonwisa mvura mumaoko mune mhete muzvigunwe mune mhetewo zvakare
ID_CUHHNH,oyo na kati ya ndaku esika ba bongisi yango bien pona koyamba bapaya pona kovanda s
ID_CUNQQV,chipuka chakamhara pamusoro pematombo chinoratidza kunge gwavava rine makumbo mana okufambisa nomuswe wakareba uye rine musoro wakandotsvukuruka nomuviri uri muruvara rwakasvibiruka nemuswe wakatsvukuruka zvakafanana nemusoro rinoratidza kuti riri kudziya mushana riri pamusoro pematombo akakombwa nebundo rakasvibira
ID_CUPYSP,na esika oyo nazo komona ba nkumu bazo signe na ba buku ya létat pe tomoni eza batu misatu mibali mibale na ndeko mwasi moko
ID_CURVSX,na elili oyo nazo mona esika bazo lakisa biso mutu asimbi ndambo ya bilei ba bengi chu
ID_CUSTOO,mhete idzi dzakasiyana siyana uye nengetani dzokuisa muhuro dzezegoridhe dzimwe dzidiki dzimwe dzihombe dzimwe dzine mavara akasiyana dzakaiswa patafura yebhureki dzakawanda
ID_CUXBJJ,ruoko rwemunhu rwakapfeka braceleti ine chuma dzine ruvara rwesirivha rwe pepoo nerwebhuruu pane maruva ari kuonekwa esimbi ane ruvara rwebhuruu nerwesirivha pazasi pane mucheka urikubudikira une mitsetse yeruvara rwakachena nezvitema
ID_CVLFSK,awa namoni eza sapato ya bana mibali
ID_CWTEDX,foto elakisi biso mwa zamba zamba oyo eza zamba moko ya monene mpenza pe na kati ya zamba oyo namoni mwa mwasi avandi na ye emonani aza koluka mamwa biteni ya nzete po akende kolamba mwa bilei na ye
ID_CXBMDD,tambo irikuonekwa yemagetsi yakagadzikwa pasi pamatairasi arikukakwamuka ane ruvara rutsvuku neruvara rwebhurauni mitsetse nechekumberi tambo iy yakabatanidzwa nemudziwo uneruvara ruchena
ID_CXDLKZ,awa nazomona polisie na ye awa alati elamba ya mosala na ekoti ne ya mosala namoni pe ba polisie mosusu bazokende bazokende baza ebele
ID_CXIQEJ,shangu inopfekwa kuritivi rwekurudyi yakagadzikwa pasi ine ruvara rutsvuku uye imhando yematenesi kumberi kwayo kuchena payakagadzikwa pane mavara matema nepamwe pane madodzi uyewo shangu yakadai inopfekwa vanhu vachiita zvemutambo kana kuti kuchitonhora yakanakira kuti hainetsi kufamba nayo sezvo ine chitsitsinho chipfupi
ID_CYCTUN,varume varimunhandare yebhora varikuratidza kuti varipamutambo wavo webhora uye bhora rakatsvetwa pasi pachiratidza kuti pane mumwe arikurikava vamwe varikuzama kurivharira kuchirisandopinda mugedhi mavo vose vakapfeka zvikabudura
ID_DAOMCB,komichi yerudzi ruchena inemubato unederere ririmumvura ririmukati mekomichi iyi sipunur yakabatwa ikabudisa rimwe derere shoma mvura yederere inoshandiswa nevamwe pakumwa uye derere rinobikwa rodyisa sadza
ID_DAXLAS,kasi na liboso na ngana azomona eza mwasi mama ya mwasi alati bamateriele moko ondire babengaka tablier kasi ye mama yango alati tablier eza na lange ya bozinga asimbi mashine moko oyo a mashine ya sudure
ID_DCUADZ,shangu dzechi dzimai dzinonzi mapamusi dzine dzitema uye dzine mukati muchena dzakanyorwa nezvichena mukati
ID_DCXYVX,hoto namoni liboso nangai eza photo aoyo ba bengaka na munoko ya poto logo logo wana eza batu ba komi chitecture et battiment na adrese télephonique awa batu basalaka awa ba tongaka ba ndakou nde namoni liboso na ngai awa
ID_DDGBXH,motikari nhatu dzakamiswa pamberi pechivakwa uyezve dzakaiswa mukati memumvuri une denga rine ruvara rwebhuruu uyezve chivakwa chiripo chine ruvara rwemeruni nezvitinha uye une ruvara rwekirimu
ID_DDOTPI,bato mibale bavandi na kati ya ndako mwasi na mobali baza na katikati ya mafuta ya komipakola malasi mafuta ya nzoto na mafuta ya motu nyonso ya komipakola biloko ya nzoto
ID_DECRKT,varume nevakadzi vakamira vatatu vakachonjomara pasi vose vakapfeka zvakafanana vakapfeka zvichena kumusoro nemasiketi ejira rine mavara akasiyana anoti bhuruu namatsvuku varume vakaisa machira muhuro
ID_DFEGFZ,nzvimbo inoratidzika kuti mudhorobha parutivi pane misika umo muna vanhu vakawanda vari kuita mabasa avo ekutengesa panewo munhurume mumwe chete ari pachingoro chake hamenawo zvaari kubata bata mumabokisi ake
ID_DFKJAI,ivhu rine makomba akacherwa makomba acho haana kunyanya kudzama akacherwa achiitwa tumitsetse makomba aya anogona kushandiswa kusimiwa zvirimwa
ID_DFSMMS,liboso na biso tomoni awa baolakisa biso eza maneque balatisi ye na liputa baolakisa motindo nini liputa oyo batongaki yango
ID_DGRVJT,shangu dzine ruvara rwe bhuru dzakagadzirwa nejira rejini dzine hiri yegireyi dzinopfekwa nevanhukadzi kana vanhurume dzakagadzikwa pamusoro pemataera ekirimu
ID_DHVQIV,nzvimbo iri muguta reharare iyo ine migwagwa yakawanda mikuru ine dzimotokari dziri kufamba munewo vanhu vakawanda vamwe vakagara nevamwewo vari kufamba vachienda wakatsaukana
ID_DMJNOW,shangu dzechikadzi mbiri dzakaita gogo dzigere panzvimbo ine mataira machena imwe yacho yakagara pamusoro peimwe dzine mabhandi akasiyana akatenderedza shangu
ID_DNCKDJ,liboso na ngai awa namoni mwana moko ya mobali atelemi amemi mwa eleko ya libende sima na ye namoni babiloko moko ya esalite nat mwa ndako oyo ya kala
ID_DNJYJQ,basoda batelemi balati elamba na bango ya kitoko mpenza elamba ya kisoda bazlati pe basapatu ya moindo balati pe ba mikaba ezali na langi ya sokola pe na ekoti ezali na langi ya motane bamosusu baza na ekoti ya langi ya pondu mosusu moko ezali na ekoti ya langi ya moindo
ID_DNOWAN,awa tozali komona baza kolakisa biso elamba moko ezali monene ezali lokola kitenge moko ya monene kasi ezali kitoko eza na balange ya bululu na mai ya pondu tozali komona ezali kitoko
ID_DPCENG,musoro momunhu muduku mune vhudzi rakatsvukuruka iro rakati nyangarara mumativi makagerwa kusiya vhudzi rose rapera uyewo ganda richionekera
ID_DPORVV,na poto oyo nali komona balakisi nga eza sani ya pembe batie yango likolo ya mesa no sani oyo namoni mbisi namoni fufu pe namoni pondu namoni na pilipili
ID_DQKDOH,motokari inotakura zvinhu zvinorema pane mavhiri arikuoneka akakura ane ruvara rutema motokari yacho ine ruvara ruchena rurikubudira kumberi musoro wacho hausi kunyatsa kuoneka
ID_DQNKGM,na elili oyo nazomona bazolakisa biso motu na balabala azopusa brouette esika azoleka na balabala ezali na elili na mur bakomi soni la butantier
ID_DRGIQX,poto inobika yakabairirwa kumagetsi uye vharwa pamusoro payo ndeye sirivheri uye ihuru ine mubato mutema
ID_DRMIBV,na bilili oyo nali komona loboko ya ndeko moko asimbika mwa bido na kati eza mafuta ya motuka wana babengi yango toyota
ID_DRQDHR,awa nazomona bisi ezomema bato ya bisi ya monene ya transport kasi kuna nazomona nzete ya monene ezali na matiti mingi
ID_DTAXKI,zvishongedzo zvevanhukadzi zvakarongedzwa kuti zvitengeswe uyewo zvine ruvara rwesirivheri marebero azvakaita anoratidza kuti zvinokwana mumaoko kwete muhuro uyewo zvine ruvara rwesirivheri zvine tubhora twakazvitenderedza twumwe tunosanganisira mavara rwebhuruu zvakanaka uye zvinotora maziso
ID_DTWMNJ,nhwiza inozikanwa nezita rekuti mbuya mugogoda nhwiza iyi ine ruvara rwakachenerukira nechepamberi payo pane ruvara rutema mumaziso ayo une ruvara rweyero yoita makumbo ari kumberi ane ruvara rweyero zvakare
ID_DUCAYT,bato mingi bafandi mibale na basi basimbi mikanda bazokoma bazolanda bango nyonso makambo bazoteya bango
ID_DVOOKJ,na bilili oyo nali komona balakisi nga awa eza kiti moko ya bureau na kamwa meza na yango kiti oyo eza na balangi ya bozinga na meza eza na langi ya moyindo pe namoni kamwa sache na se ya langi ya bozingo
ID_DVUHKU,awa tozali komona ebale tozali komona ebale ekoki kozala river congo tomoni na kati tomoni babwato babwato etelemi na kati ya mai tomoni ebale yango kuna na kati tomoni mwa bamatiti ezali na kati ya ebale na katikati ya ebale tomoni bamwa matiti yango wana tomoni ezali ebale ezali ebale ekoki kozala congo river
ID_DYHFNJ,munharaunda munogara vanhu zvinoratidza kuti ichangotanga kugara nokuti dzimwe dzimba dzichiri kuvakwa uyezve hadzisati dzapera izvo zvinoita vanhu vange vachiwana mabasa kaita sekuvakwa
ID_DZSHEQ,logo ya benoi garbien azali specialiste asalaka biloko ya mabaya ya nzete bazosala piblisite na ye po bato baya kotala ye baluka biloko asalaka basomba yango
ID_EALPPR,amai vakamira vakabata mwana parutivi pavo nechekurudyi mwana ane hembe nezvebhuruu zvitema nezvitsvuku ivo akabereka bheke rine bhurauni parutivi pavo pane macheya matsvuku nemachena akagadzikirwa kireti yechingwa mberi kune varume vakabereka masechero uye vane makepisi vose
ID_EAXNCQ,bhutsu tsvuku kana kuti ine ruvara rweredhi yegumbo rekurudyi iri yechinhukadzi
ID_EBIVAA,motuka komema bato epai na epai etelemi pembeni ya balabala
ID_ECOUKU,awa namoni eza na mibali mibale oyo bafandi na mwana mwasi moko oyo alati ba bilamba ya maputa e namoni bafandi na kati ya ndako na nsima na bango namoni eza na ba biloko ya mpema ebele oyo bati na mire
ID_ECTELE,mudhorobha mune mugwagwa une tara pane vanhu vari kufamba vamwe vari kudarika mugwagwa panewo motokari dzirimo dzakaita semakombi nemarori nemota diki zvekare mune midhuri yakavakwa ichienda mudenga
ID_ECYWVS,awa na moni eza alimentation nakati ya alimentation namoni bamilangi yamasanga ebele eza awa baoteka nde yangoyo balakisi biso awa
ID_EDVJNY,panze panesofa rakagadzikwa muvhu sofa iri rine ruvara rwakaita rutema pamusoro pesofa iri pakagadzikwa makusheni aneruvara rwakati chenerukei
ID_EGBJZM,awa esika nazali komona nazali komona eza lokola na zamba nazomona ba nzete mingi ndako moko to mibale nazomona pe ba ngomba moko molayi molayi
ID_EHELCY,na elili tozomona esika bazolakisa biso tracteur motuka monene esungaka kobongisa nzela nozomona esika bazolakisa biso tracteur ezali kobongisa nzela
ID_EIDXID,liboso na ngai nazomona mesa moko ya kitoko likolo na yango nazomona bafololo mibale
ID_EJKPKL,nelilioo nazomona bazolakisa biso motu azopusa pusu esika nazomona eza na babido ebele mabido ya velitre eza lokola azokende koluka koluka mai
ID_EJUKLB,mureza wekunyika yejapan uyo wakasungirirwa padanda resimbi mudenga une ruvara ruchena rwakautenderedza pakati pawo pane chiratidzo chedenderedzwa chine ruvara rutsvuku
ID_EJXBUL,matika oyo balakisi biso atbato baza mingi mingimingi mpenza batelemi azakolanda soki baza kolanda nini toyebi te tomoni kaka batelemi tomoni batika mwatapi moko ya langi ya bululu na se soki balingi basambela soki balingi basala nini toyebi te bango moko nde bayebi kasi bato yango bazali mingi tomoni gambo kuna ezali zamba ezali na banzete mingi ezali na bamatiti mingi soki bazali kosambela soki bazali kosala nini toyebi te bango moko nde bayebi
ID_ELYVBC,matomatisi akawanda achiri mumunda asi akura zvino uye aibva akatsvukirira asvika panguva yekuti achi kohwewa
ID_EOGJIP,vanhu vakapfeka nhumbi dzinoratidza kuti ihembe dzemutambo vakapfeka hembe dzineruvara ruchena namabhandi vamwe vane mabhandi matema vamwe vanemabhandi ebhurauni mumwe akapfeka chitema kumusoro nebhandi nepasi kunezvichena vanhu ava varikuratidza kuti vanhu varikuita mutambo wekarati panemunhukadzi mumwechete werudzi rwechivanhu nemunhukadzi mumwechete werudzi rwechichena
ID_EOQIYP,musikana anoita zvemutambo webhora ramaoko vaviri vakapfeka zvakafanana vaviri vakapfekawo zvakafanana vaviri vekuruboshwe vakapfeka hembe dzine ruvara rwebhuruu dzakanyorwa pamberi neruvara ruchena kwoitawo vamwe vaviri vakapfeka hembe dzine ruvara rwepingi yakachenerukira kumusoro yakanyorwa neruvara rwepingi nechepamberi kuzasi vakapfeka zvikabudura zvine ruvara rutema
ID_EORGOX,k oyo ba tia liboso na biso awa ka muke aza molangi ya malasi oyo ba tiaka na nzoto
ID_EPQEMO,na bilili oyo nali komona balakisinga awa eza wenze namoni bazotekisa biloko ya kolia batomate babirai pe namoni bamilangi misusu kuna
ID_EPSMXE,furegi iri rakagadzirwa nemavara anoti kudenga kwekutanga kuneruvara rutema ruchitevedzerwa nekamutsara kaneruvara ruchena kuchiteverwa nerumwe ruvara rwutsvuku rwune tiraienguri yebhuruu mukati vachitevera zvakare kamwe karaini kana kuti kamutsara kachena kwachiteverwa zvakare neruvara rwekupedzesera runova ruvara rwegirini
ID_EROPVG,miti yemijakaranda mihombe ine tirangi yakakura ine makwande ebhurauni neraiti stiriti raiti ririkuoneka rakanamirwa ma poositarsi mberi kune juraworo nemiti yemupaini uye yemijakaranda ine maruva epepo pasi pane chighubhu chakadonha nehuswa hwakaoma nejecha
ID_ERPYFF,mapoto ayo anoshandiswa pakubikira ane mizera yakasiyana siyana mamwe mahombe mamwe madiki ane mivharo yakagadzirwa negirazi uye mibato iyo yakagadzirwa zvine ruvara rwutsvuku
ID_ERVOTT,awa nali komona biloko oyo balambaka namoni babiraibacarote bitungulu bapome bambuma nyonso bato baliaka mpona sante na bango
ID_ESDDEB,motokari huru inodanwa nezita rokuti esikavheta ine ruvara rweyero namavhiri makuru ane ruvara rutema neyero kumberi kwayo ine foshoro yakasungirirwako yashakara ine ruvara rwebhurauni
ID_ESVWGG,awa namoni balakisi biso mwa carto moko eza na kisi na kati kasi nayebi te soki eza kisi ya bokono nini batiango likolo ya mesa
ID_ETBDET,vakomana vari munhandare inotambirwa bhora
ID_ETCPAZ,nzvimbo inowanikwa muguta ine motokari dzakanaka inewo zvikwangwari zvinoshandiswa nevanhu vaya vanoda kushambadza pane migwagwa yakaiswa tara kumberi kurikubudira zvivako zvakakwira mudenga
ID_ETGYHN,panobuda chirimwa chebarwe chatobereka hupi yebarwe isati yasvika yabudisa rebvu namamwe mabarwe arimumunda anoratidza kuti akaondoroka
ID_EUGOLJ,chitoro chinotengesa nhumbi dzechidzimai nedzechirume uye mune mukadzi arimo arikuona zvinhu akabata bheke tsvuku nehembe dzakaiswa pazvidhori dzinamaruva maruva nedzimwe dzisina maruva
ID_EUQEQC,elili oyo bazali kolakisa biso awa tomoni ezalibongo nakati ya ndaku songolo nakati ya ndako yango tozomona lokolo moko ya sapatu yabandeko mibali batiye yango nase
ID_EXRHDG,vana vechidiki varimukati menhandare yekutambira mutambo yebhora uyezve neyekumhanya vamwe vasikana vamwe vakomana vamwe vakagara pasi vamwe vakamira uyezve kudivi kune vamwewo varikutamba varikoko
ID_EYKBKF,na balabala oyo namoni motuka moko ezoleka eza na langi ya mbwe eza na bato baza na kati motu mosusu afandi na nsima alati bilamba ya bozinga namoni pe eza na motuka mosusu yango pe ezoleka na balabala na mopanzi kuna namoni eza na lopango moko ya mosaka liboso nango eza na banzete ebele
ID_EZCCJG,vanhu vari munhandare yebhora vakapfeka hembe dzemutambo pane bhora riri muchadenga mumwe akamira arikuratidza kuti anechekuita nebhora iroro kuti rakandire mudenga pane vakagara kuzvigaro vari kuyeva zvirikuitika munhandare nevarume vaviri umwe ari kune rimwe divi vikuona zvirikuitika vari kuita semarefu emutambo uyu
ID_FALXJI,masofa akarongwa zvakanaka ayo ane mitepfetepfe inogarirwa nevanhu munguva dzekutandara kuzorora kana kuitawo zvimwe zvinhu ane mapiro awo ane ruvara rutsvuku nerwegireyi pakati pawo zvakare pane tafura
ID_FASBOF,na foto oyo nali komona balakisi nga bandeko mibali baza bajoueur baza na kati ya balabala bali kosala spore pe balati bilamba ekokani nde namoni balakisi nga
ID_FATGBJ,logo na langi ya mosaka makommi moyindo ya mwasi alati elamba ya langi ya moyindo pembe rose pe langi ya lilala bongo pe na chokola na bozinga alalisi pe suki
ID_FBJMUD,pamusha apa pane miti yakasiyana pane mujakaranda uyo une mashizha akaregedzana kozouya pedyo nechidziro pane miti mitatu ine mashizha akapfekana
ID_FBVFQS,awa pe namoni balakisi biso lisusu ba buku ebele namoni moko eza buku oyo ya bana mike bana ya kelasi ya ko desine na kati
ID_FCQYCF,nzvimbo inotengeswa zvuma nemhete zvemhando yepamusoro zvimwe zvachona zvakarongedzwa nechepamukova kuti vanhu vaone senzira yekushambadza zvinhu izvo zvuma nemhete zviripo zvine ruvara rwegoridhe ruvara rwesiriveri nemamwewo mavara
ID_FDEPXL,namoni eza esika ba sambelaka liboso na ngai namoni eza na ba langi misatu ya liboso eza langi ya bololo ya mibale eza langi ya pembe ya misato eza langi ya motane
ID_FDHAJW,munhukadzi ari kufamba padivi perodhi akafuratira akapfeka rokwe refu rinosvika kumakumbo rine ruvara rwebhuruwu neruvara rwebhurawuni ine maoko mapfupi akatakura bhege rechikadzi rine ruvara rwebhurawuni mumusoro akapfeka dhuku
ID_FECWJL,logo ya lakosta logo ya lakoste ezaka na langi misato eza langi ya pembe langi ya vert na lange ya mwindu na lole mangando ya motane
ID_FEQNNF,awa tozali komona ndako moko ezali ya kitoko babengi bakomi ailav tolisi ndako yango ezali kitoko tomoni na nsima na yango tomoni mwa ngomba moko ezali na matiti ya mai ya pondu
ID_FEXOME,na foto oyo nali komona balakisi nga awa eza bilamba ya bana basi nalikomona eza na balangi ya bozinga ya longondo pe na balangi misusu
ID_FFIIOR,na elili oyo nazomona bazolakisa biso etaleli ya pemeni makasi pembeni makasi penza ya bikeli ya mokili nazomona bazolakisa biso ekeli ezali lokola pungupungu ezaliokola ndakisa ya pungupungu
ID_FGBZEX,nyama yakabikwa zvakanaka yakasangana netumwe tunhu turimo tunenge tumupunga tunoita kuti ikorere zvakanaka supu yacho uyewo nyama iyi kana munhu oda kudya anogona kuisawo kana sadza parutivi chingwa mamakaroni nezvimwewo zvakadaro kuti nzara yacho ibva yanyatsopera
ID_FGIQHS,foto namoni balakisi awa namoni eza ndako ndako wana eza ndako munene nana mukuse awa namoni ba fenetre mingi mingi mingi ba fenetre eza naba couleur naba veranda eza eza na ba fenetre nde namoni awa
ID_FHZRBF,muchina uyo uri kugadzirwa une ruvara rwebhuru neruvara rutema neruvara rwuchena wakanyorwa parutivi pane gwapa jena ne mavara matema
ID_FIBLOU,shangu mbiri nhema dziri kuonekwa chikamu chepakati kumberi nekumashure kwakadzivirirwa mukati mutsvuku uye dzine tambo nhema dzine tsvina
ID_FIVZJF,awa pe esika na komi awa nazomona na misu na ngai bandeko eza obele pancarte eza pancarte moko ya monene ya monene mpenza eza na misu na ngai pancarte oyo eza mpona piblisite ya kobunda na covide naomona awa eza ya piblisité ya kobunda mpona covid 19 eza pancarte moko monene
ID_FJHUKW,na bilili oyo nali komona balakisinga logo peza na balangi ya pembe na moindo na kati nali komona balakisinga na logo oyo
ID_FKEVFH,miti yakawanda kwazvo uye iri mipfupi inoratidza kuti yakaungana panzvimbo imwe chete ine mashizha akanyatsosvibira zvinoratidza kuti iri kuwana mvura nekudya kwakakwana
ID_FKSFHH,shangu dzekurudyi nedzekuruboshwe dzineruvara ruchena nerwebhuruu yakacheneruka pane kamufananidzo keniiki kakanyorwa nezvitema dzinetambo chena
ID_FKVEEO,shangu mbiri dzakavharika dzineruvara rutema dzinopfekwa kazhinji nevanhurume
ID_FLRZJY,munhukadzi akarukwa musoro wake magodi marefu akangomiramira
ID_FNKFXO,chikamu chenhandare nechedivi rekuno kune varume vakapfeka hembe dzinopfekwa nevatambi umwe akagara pachigaro chake kumberi kune vamwe vanhuwo asi kune zvimwe zvigaro zvisina kugarwa
ID_FOIWOL,eloko baolakisa biso awa namoni eza sapato sapato yango eza ya bana basi nde bati likolo ya tapi baolakisa biso awa na miso na biso
ID_FOJOIW,gonye huru rine mavara akasiyana siyana rinorarama nekudya maruva rakakora zvikuru uye rine makumbo mazhinji
ID_FOKRFJ,na elili oyo nazalibongo komona loboko ya mutu asimbi lopete azolakisa biso lopete lopete oyo ndenge namoni eza lopete oyo balataka pona libala te to eloko songolo pe tomoni azali bongo nakati ya ndaku
ID_FRPCWP,awa nazali komona bana mibali bazali kobeta eloko babengaka basket bazali kosakana ba mosusu balati elamba ya mosaka na mosusu balati pe elamba ya bonzinga
ID_FRPIJN,miti ykareba zvikuru ino onekwa inemashizha mashoma inenge yava nguva yechirimo denga rinamakore mashoma uye zuva richiripo ririkuoneka kuti dzinenge inenge nguva dzamasikati
ID_FSMBVW,awa tozomona bato bazosala election soki ezali ya politiqe wana nayebi te nazomona journaliste moko azali na micro na ye ya langi ya bozinga azotunisa ye ba question moto moko ndenge amonaki electio wana
ID_FTZRME,na bilili oyo tozali komona balakisi biso awa eza bato ebele bafandi pe na pembeni na bango lopango wana namoni batie ba dessin misusu
ID_FUPBNF,mhuka yemusango iyo ine nyanga dzakakorerera ina maziso makuru yoitawo nzeve dzakakura ine ruvara rwebhurauni muviri wese pamberi panewo mavara mavara machena
ID_FUVCDX,musoro wakarukwa vhudzi nemabhureidhi marefu ane kuzasi kwaanoperera kwakatesvera akakora anorukwa achibva divi rokuruboshwe achienda kurudyi achidzokera kumashure nekuseri kwenzeve musikana akamarukwa wakapfeka dhirezi dzvuku risina mahoka
ID_FUVYYY,michero yakaibva yakarembera padanda remuti ine ruvara rweyero uye kumativi kwayo kuri girini pairi hapana mashizha yakangomira yakarembera iri yega michero inodyirwa nevanhu kuti ibatsire muviri kurwesana nezvirwere uye yakanaka kuti haina mafuta
ID_FVYBJQ,besu reshiri rakareba rakatorwa muiri weshiri usiri kuoneka rinoratidza kuti ndereshiri huru nekuti minhenga yacho yakakura ineruvara rutema kuseri kwacho kune miti yegirini nemaruva
ID_FWBYPB,nazomona na elili oyo esika bazo lakisa biso milangi ebele etandemi ezali lokola eza na ndako ya botekisi nazomona ezali lokola bisaleli ya ba mama mpona kosunga poso ya bana na monoko lopoto ba bengi yango poudre
ID_FXFVEC,ba ndunda oyo eza mantembela biloko ya kolamba pe kolia
ID_FXNXBA,shangu mbiri dzemwana mudiki dzakagadzikwa pasi panamataira aneruvara rwekirimu shangu idzi dzineruvara ruchena uyezve dzine zvekunamisa pamusoro mukati madzo dzineruvara rwebhuruu
ID_FYISHL,chiruva chechimuti chakachekererwa pazasi kuita denderedzwa pamusoro zvekare chikachekererwa kuita denderedzwa nechepamusoro chimuti ichi chine mashizha egirini anekahuyero nemamwe anekahubhurahuni nezvimiti zvinoita kunge zvaoma zvine ruvara rwebhurauni chiripadivi pechivakwa chinezvidhinha zvitema
ID_GAWUMM,miti dzakakura nedzipfupi dzina mashizha akawanda akasvibira aneruvara rwegirini
ID_GCKZBD,mukati memotikari muri kuonekwa mushina unoratidza kuti motikari iri kumhanya sei une zvitanda zvitsvuku zvakatenderera uye pakanyorwa nemavara machena
ID_GCYPCZ,vanhu varikufamba mukati meguta padivi pavo pane motokari dzakamira dzakatevedza guta iri poita chingoro chinotengeserwa zvikafu zvinwiwa zve teribhodhi
ID_GDGYJP,awa tozali komona ezali ndako moko ya etage kasi tomoni ndako yango ezali ya sika tomoni bauti kotonga yango kala mingi te kasi tomoni eza na balangi oyo ezali langi ya pembe na mwindo tozali komona na ngambu kuna tomoni chokola yango wana toomona ndako yango ezali kitoko na balabala moko ezali liboso na yango esika bato balekaka na esika bamutuka etelemaka tomoni ezali kitoko mingi ndako yango
ID_GDLJUS,awa namoni mama moko aiavandi na ban eza lokla na balabala mai moko eza liboso na ye wana mama ango alati elamba ya bamama katholike bakomi maiamamamaria avandi bna ban moko aotala na ye balabala bato baoleka na bango
ID_GESZQP,bvudzi rokuwedzera rakarukwa pamudzimai uye rakasanganiswa pakati ndobva rareba richikwira mudenga uye rine ruvara rutema tema
ID_GGDBGD,sango guru rine miti ine mashizha egirini rinewo huswa hwakawanda hwakaoma hwebhurawuni pasi pane mumvuri wemunhu
ID_GGKGFR,foto oyo elakisi biso mwa terrain ya basket na kati ya terrain ya basket namoni ba mobeti baza ebele pe namoni mobeti moko basoki aza na salo na ye na maboko
ID_GGLQZP,na bilili oyo nali komona balakisi nga awa za batu ebele ba mama pe ba mobali bafandi namoni papa moko atelemi azoloba na bango pe balati ba cache nez
ID_GHLRHR,komichi yegirazi ine ruvara rwegirinhi yakagadzikwa mundiro yegirazi ine mavara machena neebhuru parutivi pane ndiro dzedhaga
ID_GHZNHD,mudhorobha iyi nzvimbo inowanikwa mudhorobha mudhorobha mune motokari dzakamira dzimwewo ndodzinofamba dzichifamba mumugwagwa une tara uye pamugwagwa apa pane marobhoti
ID_GKEQRS,liboso na ngai nazomona balabala moko ya monene likolo na yango nazomona bato ebele batelemi bamosusu bazotambola
ID_GKZCUH,vasikana vana varimukati menhandare yekutambira mutambo webhasiketibho uye vakapfeka nhumbi dzineruvara rwebhuruu vasikana ava ndevechitema uyezve vane miviri iripakati napakati
ID_GKZTUQ,munhurume akamira uyo akabatawo bhora kuruoko rwake rwerudyi ruoko rweruboshwe akasimudza zvigunwe zviviri mudenga akapfeka nhumbi ineruvara rwuchena bhurukwa rineruvara rutema pamwechete neshangu nhema
ID_GLIUNU,vanhu vakabata madhiramhu uye mabhosvo vakapfeka mbatya dzebhuruu vachiridza vane maheti mumusoro ebhuruu mireza iripadyo nevanhu vakagara
ID_GOJFMX,bandeko esika na komi awa nazomona na misu na ngai eza obele bana mike bana mike na monoko ya lopoto babengaka bana mike baza na kati ya kelasi eza bana ya guardien ya maternel ya école maternel baza na kelasi na bango eza bana mitano bafandi na kiti bazosolola ya bana mike ya kelasi
ID_GPQJUU,shangu imwe chete yechidzimai yakavharika ndeye ganda uye ndeye kuruboshwe ndeyeruvara rwe pingi yakagadzikwa pasi pane mataira machena nematema
ID_GQDNFR,awa namoni eza esika ya bisengo liboso nangai nazomona babilenge ya mibali na ya basi bango nyonso balati bilamba oyo yalangi ya bololo na pembe
ID_GQPKUB,elili oyo ekolakisa esika batandi makemba yango ya mobeso nano ya langi ya pondu
ID_GRLGGS,photo o eza liboso na ngai namoni saplace oyobasalaka a mbona ya kitoko mpenza a mokuse na ya milayi pe namoni simanango ndako moko kitokope
ID_GRNIBG,foto eza liboso na biso namoni mwa sani moko ya kitoko mpenza eza likolo ya mesa namoni na kati bamwa ndunda moko ya kitoko mpenza pe na mwa pilipili oyo ya langi ya mai ya pondu eza nanu mobeso pe ezalaka kitoko mpenza pe epesaka mwa solo ya kitoko na kati ya bilei
ID_GTHNLE,e awa namoni toza na kati ya lopango moko ya monene namoni na kati eza na mwa ndako moko ya kitoko makasi oyo bapakoli yango langi ya pembe eliboso ya ndako namoni eza na basapatu oyo batiki libanda
ID_GUMKQC,abaza kolakisa biso ndako tomoni ndako oyo batongi kitoko nde bazali kolakisa biso awa tomoni ezali na ba nzete kuna na kati na ka jardin moko kazali libanda
ID_GVCCGR,na bilili oyo tozali bongo komona tozomona bakopo mitanu batiye yango esika moko soki totali malamu ba kopo yango eza na eloko moko nakati tokoyebate soki eloko yango eza yakoliya to eza eloko nini
ID_GVCKDT,fhoto elakisi biso mwa balabala molai na kati ya balabala na motuka eza te moko te pe namoni bandako pembeni ya balabala oyo na bamwa lampe ya piblike na kati ya balabala eza kopela eza balabala moko kitoko mpenza
ID_GWDPBR,awa namoni toza na kati ya kilasi namoni bana ya kilasi nyonso awa bafandi na se emoko aza liboso azokoma na molakisi na bango pe afandi pembeni namoni bango nyonso balati ba biloko na mutu
ID_GWQLRG,nzvimbo ine mugwagwa wevanhu vanenge vachifamba netsoka ine miti yakati pano neapo ine mashizha egirinhi hapana uswa hwakawanda hwatiri kunyanya kuona
ID_GXWURJ,mureza une ruvara rwenhundurwa ruchena rutsvuku rwebhuru uyezve une chiratidzo chetiraiengo chiri nechekuruboshwe chine ruvara rwegirini
ID_GYTAHY,tireyi bhini nemasherefu okutsvetera zvinhu kana kuti zvinyorwa kana kuti zvishandiswa muhofisi
ID_GZANIC,vanhu vari mukereke paine vakapfeka mamasiki hembe chena nhema uye umwe ana magirazi
ID_HBRDXA,munhukadzi akarukwa mitsara yemadhiredhi inoenda kumativi ichibva nechepakati madhiredhi ake matema uye marefu zvekudarika mazamu ake
ID_HCAQMQ,libosona nga awa namoni mwana mwasi oyo bapesi ye coupe ye abetaka baskete
ID_HCOKTE,varume vatatu vakamira vakapfeka nhumbi neeyataimu kumusoro umwe kutsvuku akapfeka chitsvuku vaviri ndezvegirinhi kuzasi vakapfeka zvebhureki
ID_HCWVMP,biloko ya kolia na sani likolo ya mesa eza bongo na soso ya kokalinga ezali bongo na boudin ya kokalinga pe pembeni ezali na ndunda na sani ya mwindu
ID_HDHFPP,ezali kati ya supermarché esika batekaka ba biloko ya kolia tozomona ezali parti batekaka ba biscuit babengaka yango coté parfum fanille ezali ya marque ya belle france
ID_HGBIRJ,chikakupusha chingoro chine mawasheni bhasiketi migomo ine ruvara rweblu neutsvuku mukadzi akapfeka hembe yeyero kumusoro tirauzi rakasvibira motikari imwe ineruvara ruchena
ID_HGGJZI,fulu na kati ya mayi eza na ba salite ebele na ba milangi ya copal ba bwaki yango na mayi plasi mai ezoleka matiti pe eboti na ba ndako kuna na suka fulu etondi pembeni ya mai na balabala
ID_HGSMNI,muchero wepopo wakaibva ndokuchitochekwa napakati kwava kubviswa makanda ndokubviswa mhodzi hameno zvazopakurirwa nechomukati imomo zvinenge mhodzi dzamatamba kana dzamakosho kuti zvigodyiwa zvakasangana
ID_HGSVJW,oyo namoni awa eza neti fitroer eza mutuka munene neti camion nde yangoyo bazolakisa biso awa
ID_HGTFYG,awa tozomoni ezali nyama babengi panthere nde bazali kolakisa biso awa tozali komona ezali buku oyo babengi image stock tomoni pantere nde balakisi awa soki okoti na kati okoyeba makambo panthere osalaka
ID_HINBMW,elili oyo nazomona liboso na nga na moni mesa moko ya kitoko likolo na mesa oyo namoni mwa saani ya pembe ya kitoko pe na kati namoni mwa supe ya kitoko pe na moni bamwa ndunda na amwa misuni pe na mwa pima ya kitoko mpenza
ID_HKJBKE,gedhi remba rine ruvara rutema ririkuratidza kuti riri mukati memiti neruzhowa rune ruvara ruchena panze pane miti yakawanda miti imwe ine ruvara rwegirini nemaruva aino nhuwirira imwe miti haina maruva imwe miti inonzi ma shirabh nemimwe miti yakakura uye netumaruva tudiki tumwe tusingakure zvinoenda mberi
ID_HNLXNE,mhete yakanaka inovaima yakanyorwa kuti riyana iri mubhokisi rinotefetera kunze kwaro kune ruvara rutsvuku iyo ndeyesirivhera
ID_HNSQWM,mubhedha une hedhi bhodhi nema saidhi bhodhi zvebhuruu zvakaisvonaka
ID_HNTJIA,chuma chine muchinjiko uyezve chiri kuratidza kuti chakagadzirwa nesimbi yakasimba uyezve chiri mukara yegoridhe uyezve chakagadzikwa pamusoro pechinhu chinogara dzvuma chiri mukara yeredhi
ID_HOAJII,shangu dzechidzimai dziri pamwechete shangu dzacho dzakangogadzikwa ishangu dziya dzisina tambo uye ishangu dzekuti munhu anogona kueka achida kuvhakacha shangu dzacho hadzidhuri kana uchida kudzitenga
ID_HPCUNS,ezali batata kasi moko afandi aza pembeni ya tata soda oyo mosusu pembeni azali kolakisa lisapi na ye boye soki bazolanda nini boyeba te eloko bazosala balati bango nyonso bilamba ya mwindu
ID_HQEFTR,oyo namoni eza sandale ya mibali soki olingi opema makolo epema olataka kaka ba sandale oyo ezalaka kitoko so moto alati yango ayokaka malamu makolo ezalaka bien nde omona bato nyoso balingaka ba sandale oyo
ID_HQVEIS,ndunda ya mobesu eza na sani esilisami kosalema ndunda ya mobesu yango eza na balangi sangani eza na langi ya pondu langi ya motani langi ya longondo langi ya pembe
ID_HRQBUU,chitoro chirikutengesa zvuma zvinopfekwa muhuro mhete dzinopfekwa munzeve maringi anopfekwa muzvigunwe uye mabhenguro anopfekwa mumaoko izvi zvinhu zvakagadzirwa nemhando yezvinhu zvakasiyana siyana
ID_HRTYFL,murume akamira padivi pejuraworo remapanera akajoyinedzwa joinedzwa pane miti yemijakaranda ine mashizha namaruva epeporo pakamira murume padivi akatarisana nematombo padivi pemugwagwa wetara akapfeka mutirauzi mutema nehembe yebhuruu kumusoro
ID_HUPTLA,bandiko remuriwo wekabichi rakabatwa muruoko rakaratidzirwa richina mashizha akasvibirira uyewo rinoratidza kuti richakanaka rakamirira kubikwa
ID_HUUNAY,na balabala mama moko azoleka amemi mwana na mokongo asimbi sac a main na maboko tante moko eza wana place a koteka bainite na mobali moko atelemi likolwya moto na ye kote oyo sima amemi bakese ya sukre
ID_HVDLMN,muti webhurauni une makwande nemutanda muhombe pasi pawo pane mumvuri wawo nesora rakaoma rekake uye jecha dzvuku necheparutivi pane mugwagwa we tara mberi kune juraworo ine mapanera mukati mayo mune muti wemujakaranda une maruva e pepuru neimwe yemapaini
ID_HVVTQF,awa namoni toza likolo ya ngomba moko ya monene namoni eza na mwana mwasi moko oyo azoleka na nzela moko na kati ya zamba wana e namoni pe pembeni na ye eza na bamwa matiti ebele
ID_HXGURG,eawa namoni toza na kati ya ndako moko ya monene namoni eza na ba tata ebele oyo bafandi liboso na bango eza pe na ba tata misusu oyo bafandi bazosolola
ID_HXTVSU,bili oyo ezali komonisa biso book tozomona eza na badesin ya bana moke
ID_HXUZOB,esika bakondaka bato esi ekomi na zamba matiti ebele miboti eza ya mobesoeza na bakasa eza na langi ya pondo eza nakasa moko lipekapeka etelemi kasi yango eza ya mobeso eza na langi ya ma ya pondo lipeka mpeka yango eza na langi ya shokola eza na bakasa mosusi ya kokauka eza na langi ya shokola na langi ya mbue
ID_HYHDGB,e awa namoni balakisi biso kamwa étagere moko ya kitoko enamoni basilisi kobongisa yango bapakoli yango langi ya pembe enamoni eza ba étagere oyo batiaka na bandako esika oyo babongisaka suki
ID_HYKBKK,awa namoni balakisi ngai bana basi eza bana basi mitano bazosala biloko ya meniserie baeza neti bazotanga bazotanga babiloko ya meniserie ya cuture eza bana basi bazotanga biloko ya menuiserie na coutire na kopakola balayi
ID_HYKQPA,chimuchini chakatsvetwa pasi paivhu chine ruvara rutsvuku rutema ruchena chine mavhiri marefu neanotenderera chine mibato mitema negirazi nechepamusoro
ID_HZNFNO,mwana mobali oyo kitoko ye wana aza pembe kasi bakangi ye suki yakitoko aza na suki ya milai ye aza na nzoto ya pembe kasi alati neti kazaka ya mwindu kasi suki na ye peza na langi ya chokola pe neti mosaka
ID_HZRRCJ,yo tozbazali kolakisa biso mutu ya mwana mobali elenge mobali oyo basilisi kokata ye suki tomoni bakati kitoko modele bakati suki na ye ezali kitoko kasi tomoni suki na ye ezali ya mwindo kasi ezali kitoko kitoko na ndenge basali yango
ID_IABFQG,bana basi misato bazobeta bale ya volebol ba oyo ya ngambu oyo balati pembe pembe ba oyo ya kuna balati mosaka bazobeta bale yango na mabele
ID_IAQVWH,basoda batelemi na ba polise basoda bazali bamikonzi balati bapete ebele na libeka mosusu aza polisi atelemi pembeni na bango bazali pe na ba mosusu na nsima bilongi na bango ezomonana te
ID_IAZYFG,na photo ndenge nazali komona eza photo bakangi photo place ba desinaki batu misatu namoni eza bandeko misatu ya mibali moko akangi moninga naye na lokolo oyo bakangi ye na lokolo pe tomoni na loketo naye bakangi ye singa bazali kobenda
ID_IBOQSR,muchero unowanikwa munda nguva yekunaya muchero uyu unokura zvisingaite unonzi mwiwa mwiwa iri rine ruvara rwegirini kunze mukati maro rine ruvara rutsvuku nemhodzi dzichena nedzimwe dzakanoita dzitema
ID_IFDPXA,na elili oyo nazomona esika bazolakisa biso armoi esalemi na ndenge na yango moko ekesena misusu esalemi na libaya ya elengi ya bien na marafia ezali etaleli ya elengi ya kosepelisa miso esika bazolakisa biso elengi na yango
ID_IGVBWB,imba inoratidza kuti yakavakwa kare ikaiswa marata uyewo ine mudhuri wesemende hainawo kuzoiswa ruvara
ID_IHETUB,awa eza na kati ya kompani basalaka biloko a mabende ba mashine oyo egumbaka bamabela maambo ebelea kompani basalaka biloko ya mabende ba biloko ya kosala ba bato ba fungola babiloko basala mawambo ebele kaka eza biloko ya societé
ID_IIDVMA,bangomba moko ya minene minene bangomba yango eza na ba nzete ebele na ba matiti ebele na katikati ya bangomba yango eza na mwa mai oyo eleki likolo ya mai wana batongi pon moko ya monene makasi eza na ba mituka oyo ezoleka likolo ya pon wana
ID_IILLRK,esika oyo ba tandeli biso pilipili ewuti na bilanga eza mofudin eza na ba langi ebele toza na langi ya motane toza na pilipili ya langi ya pondu toza na pili pili ya langa ya lilala toza pe na pilipili ya langi ya mosaka
ID_IIOLEC,poto ine ruvara rwesirivha ne goridhe iine mubato yakavharwa nemuvharo une ruvara rwesirivha nemubato wegoridhewo zvakare
ID_IJLJDF,elenge ya mobali azotambola aokende wapi azokende wapi elenge ya mobali ya mirn
ID_IJZINK,na katikati ya balabala ya monene bandako ya milai eza mingi eza bana balilisa ya kitoko na se na yango mituka eza mingi etelemi ya mwindu ya langi ya mbwe bato batelemi na balabala yango banzete pe ezali nyonso eza esika moko
ID_ILSQAM,mapepa anoshandiswa navarairidzi nevana vechikoro anoshandiswa kuita zvakasiyana siyana pana manira anoshandiswa kunyorerwa zvimwe zvinhu kana kuisa kumadziro
ID_ILZBDG,lipa bul batie na kati maki ya ko kalinga na musuni pembeni na yango frit ezali pe eza na ndunda mobeso na pembeni na yango
ID_IMABFP,motokari chena yakamira kumashure kwayo kune rori irikutevera iri kufamba kumashure kwerori kune imwe motokari diki nhema iri kutevera kurutivi rweruboshwe rwerori kune mota tsvuku iriko zvakare
ID_IMDKXQ,tafura dzinoshandiswa mumahofisi kugara chigadzirwa kana chivezwa ichena ine maraini anochinjika machena nematema akayenzana mberi nechitema pakati chinotaridza kuti pakati payo ine cheya chena ina maoko matema kudivi kune kabati ina madhirowa
ID_IMGJFD,awa tozali kotala batu babilenge mibali oyo bazali bakonzi tomoni balati kitoko balati bakazaka ya kitoko toloki balati bacravate tooni balati na bachemise na kati tomoni bazali kosala eloko babengi masano tomoni bafanti na bakiti bango nyonso bazali kokoma bazali batu ya politiki
ID_IMQQQV,photo oyo eza liboso nabiso namoni mwana mwasi yakitoko pe ya pembe wwasi oyo aza naba sukimoko yakitoko penza azolakisa biso ndenge bakangikiye sukinaye yakitoko
ID_INGTEI,e awa namoni balakisi biso tata moko oyo azoleka liboso ya ndako amoni tata yango alati kitoko makasi pembeni namoni eza na mwa ndako moko oyo bapakoli yango langi ya pembe
ID_INJFRV,ishangu mbiri dzemativi ose emakumbo dzine ruvara rutema dzakatsvetwa pasi dzose dziine tambo dzokusungisa dzakakochekerwa pamusoro padzo
ID_INNLQH,na elili oyo tozali komona muselekete azali kotambola na matiti ya lange ya pondu donk oyo ezali muselekete
ID_IODZNG,vanhu vakawanda vari kufamba mumugwagwa vamwe vari kufamba vakatakura zvinhu zvavari kutengesa kumativi kwemugwagwa kune misika yakarongwa iri kutengesa muriwo matimati nehanyanisi
ID_IOLJWF,nzvimbo ine miti uswa nemazitombo pane mazitombo ane ruvara rutema neruvara ruchena poita miti ine mashizha ane ruvara rwegirini uswa huripo hune ruvara rwakachenerukira
ID_IOSAJP,mureza unomiririra imwe nyika rwakagadzirwa namavara akasiyana anosanganisira matema yero ruvara ruchena rutsvuku neruvara rwakafanana nedenga risina makore rwakasvibiruka pakati pawo
ID_IQDIMJ,na bilili oyo nali komona balakisi nga awa eza na kati ya ndako wana bamelaka masanga namoni ndeko mobali moko ya monene atelemi pe asimbi telefone na ye namoni mama moko alati bilamba ya mikuse
ID_IQYLWJ,buku ya kelasi bku ka aa ya la l
ID_IRJYBB,elili oyo ezali kolakisa biso bileyi kitoko biso ba congole toliaka ezali fumbwa oyo ezali fumbwa batie na kati mwamba na pili pili pembeni donk ezali bileyi kitoko ba bengi fumbwa
ID_ISKCCH,vanhu varipakati penhandare vanova vana vatatu vakapfeka mbatya dzine girini uye tema umwe wakapfeka mbatya dzeyero varipedyo nemudhuri pakanyorwa kuti zim cybercity
ID_ISOCJR,mu
ID_ISSMME,awa namoni eza esika basambelaka liboso na ngai nazomona mesa likolo ya mesa nazomona chapele moko ya molai ya kitoko mingi
ID_ITMCTW,maruva ari kuratidza kusvava uyezve mamwe akatumbuka sezvatumbuka zvacho zvasvava zvaoma pana mashizha akaoma ane ruvara rwebhurawuni mamwe ave neruvara ruchena aratidza kuti arikudonha kubva pamashizha eruva iri
ID_IUIMQR,na bilili oyo nayali komona awa eza ba mbuma ya kolia de nayali komona eza na balangi ya pondu pe eza ebele
ID_IVGGPA,imba yakavakwa yakaita dendenedzwa ikapfurirwa nehuswa dzimba idzi dzinowanzokuwanikwa kumusha dziri dzimba dzekubikira pamusuwo pacho pane munhu akamira nechekune rumwe rutivi rwemba iyi kuri kubuda motokari diki yakamira
ID_IVNORQ,michero yakasiyana siyana yakachekwa ikaiswa mubhodhoro mune mvura inodzivirira kuhora kwawo kuti igozodyiwa munguva ichatevera
ID_IVVGIB,e awa na moni eza na bato ebele oyo batelemi esika moko na kati ya ndako e liboso na bango eza na mwa mesa monene na ordinatere eza na mesa na mwa kopo ya komela mai
ID_IWEWTQ,logo ya pembe pe makomi na yango eza na langi ya bozenga baselela yango mingi na kati ya ba societe na ba entreprise
ID_IXDKJW,mucheka une ruvara rutema ruchena neru tsvuku unogona kushandiswa iwo kumiririra nyika
ID_IYXUVC,maruva akasiyana siyana uyezve nomurume akabata hwawa hwake uyezve akapfeka nhumbi yebhuruu neyejini ruva repepuri
ID_IZARIE,mureza wenyika inonzi dominica mureza uyu une zvikamu zvina zvine ruvara rwegirinhi uyezve woita mitsara ine mivara yeyero mitema nemichena pakati pawo rine denderedzwa ritsvuku rine nyeredzi dzirimukati dzine ruvara rwegirinhi neshiri
ID_JADHES,ndiro ine zvokudya zvinosanganisira mupunga uye nyama yemombe yakatsvukira parutivi pane imwe ndiro yegomba
ID_JBDFJJ,awa pez eza na balabala nazomona mutukoka moko lokola 2mite ezali koleka nazomona pena pacarte moko ya tn
ID_JCDLVE,awa tozali komona bazali kolakisa biso ndako moko ya etage ezali na langi oyo ezali ya mosaka na pembe kasi tomoni ekuki na yango oyo babengi portail ezali ya mwindo kasi na cloture ezali ya pembe tomoni na bafololo ezali pembeni na yango
ID_JCQMTM,dzimba idzi dzine marata matsvuku dzimba idzi dzakachengetedzwa nemudhuri midhuri iyi ndeye kirimu kumberi kwe dzimba kune gunda
ID_JCUBGG,na elili oyo nazo mona bazo lakisa biso etaleli ya libanda esika bazolakisa biso fololo fololo na kati ya ekolo esalema na sima
ID_JCXYBZ,mukomana akapfeka hembe chena nemudhebhe webhuruu neshangu chena akabata bepa dema arikufamba achienda nekune mvura akafuratira chivakwa chine ruvara rwebhuruu nemukomana akamira akapfeka tisheti ine ruvara rwebhuruu ine maoko mapfupi pane munhu akagara pasi ane hembe ine ruvara rutsvuku
ID_JDBNBJ,musikana wakamira kumusoro wakapfeka hembe inamavara akarerekera kuruvara rwechisoja ina mavara matema mavara akarerekera kugirini namavara machena kuzasi wakapfeka mutirauzi wakarva ruka kumabvi mutirauzi uyu uneruvara rwutema kumakumbo wakapfeka shangu mapata pata aneruvara rwutema nechapamusoro necheparutivi nekasimbi aneruvara rwesirivheri
ID_JDMXJQ,mabundo akamera akawanda chaizvo anoratidza kuti ndeeruvara rwebumhudza uye ndeerudzi rwumwechete panoonekera sekuti pane panga pachisakurwa pachibviswa mabundo iwaya asi kuti aachakwanda aripo asati abviswa
ID_JEKZXG,e awa namoni ba lakisi biso ba saani oyo ba bombaka biloko na kati na mesa
ID_JFEGKS,murume mutsvuku aripambozhanhare yake akapfeka chikabudura chitema uye shangu dzerudzi rwematenesi dzisina mushinda murume uyu arikufamba mumugwagwa achipesana nemota chena
ID_JFHUZS,pneu mibale ya motuka etoboki
ID_JGYBLF,mapushi erudzi rwepfumbu maviri rimwe rakatsika rimwe erudzi rwepuma arikuratidza kusakara asi akachena zvawo akagara pasi perudzi rwepfumbu nemitsete mitema
ID_JHGCDD,nzvimbo inamaruva akawanda anamashizha akasvibirira murikubudikira munhurume mumwe chete akapfeka hembe yebhuruu nemudhebhe wakasvibirira akabatawo ngowani nerumwe ruoko rwake ine ruvara rwakasvibirira
ID_JHHVQW,musasa wekutengesera wakapfurirwa nemapurasitiki matema uri parutivi pemugwagwa wetara mumugwagwa mune munhu ari kufamba uye pane tambo dzemagetsi dziri kufamba dzichitevera mugwagwa
ID_JIMMLA,wa namoni batata mikolo ya mindele bafandi esika moko bazosolola
ID_JIWBNE,awa namoni eza ba sapato ya basi ba sapato mingi eza kitoko penza namoni eza na ba langi mingi ba langi ya mosaka pe ba langi ya mwindo nde namoni yango
ID_JKLYVJ,zvishongo zvemumaoko zvakasungirirwa pamucheka pane wachi yakakura ine pamusoro pegoridhe yakashongedzwa mukati nechinhu chinenge rize nechimwewo chiri kurutivi rwerudyi ine bhandi rebhurawuni poita chimwe chishongedzo chitema chine pamwe pogoridhe zvishongedzo zvakanaka nekuti zvinowedzera vadzimai kunaka uyewo zvinoenderana nebhutsu kana mabhegi avanenge vakapakatira
ID_JKWHQU,vanhu vari kufamba mupevhumendi uye jurahoro miti yakareba mashizha emujakaranda akadonhera pasi zvigubhu zvakadonhera zvakare pasi mopu
ID_JLJRGG,panzvimbo pane michina inoshandiswa kugadzira migwagwa ine ruvara gweyero pane dzimba dzakapfurirwa nematenga matsvuku uye nzvimbo iyi yakakomberedzwa nemudhuri wakavakwa zvakasimba
ID_JNBDOP,sango rine sora rakaoma nemiti yakasvibira ine mashizha egirini rakakomberedzewa nehwaya ine mapouro esimbi machena uye miti midiki
ID_JODRQI,bendele bendele yango ezali bendele eza na langi boye ya bozinga eza pe na langi ya motane kasi yango bendele oyo ezali bendele ya mboka oyo nayebi te
ID_JPKLRV,esika nazali komona awa nazomona eza balabala bato ebele bazali koleka na balabala yango mpe nazomona eza lokola balabala yango epanzana nazomona ba salite nazomona ba nzete ekweyi nazomona balabala yango kutu koloba te eza nzela moko mwa mawa mpenza
ID_JRCNAR,musoro wemunhukadzi wakarukwa uchishandiswa vhudzi rake rekuzvarwa naro rine ruvara rutema rareba zvokurembera kugotsi akarukwa achivhurwa mitsara mitsara ichirukwa kubva kuhuma ichidzokera kumashure ichindosiiwa yakarembera
ID_JRCNKZ,awa namoni eza drapeau drapeau wana eza na trois couleur couleur moko eza ya pembe ya mosusu eza ya bleu na mosusu eza ya vert nde nazo mona eza drapeau ya pe
ID_JSLETR,nzvimbo inamatombo tombo nemiti miti iripo inoratidza kuti haina mazhizha angori matanda akamira aneruvara rwakachenerukira koita mazitombo akazara aneruvara rwutema neruvara rwakachenerukira
ID_JTAVKT,bato ebele bazali esika matanga ezali sanduku ya moto akufi ezali wana liboso moto moko azoyemba asimbi micro na maboko oyo ematisaka mongongo ya moto
ID_JTZFPP,awa tozomona ezali loboko loboko yango eomona neti eza loboko ya mwasi pe mwasi yango aza mwasi ya libala mpona lisapine ya mibale alati lopeto ezolakisa yete aza mwasi ya libala
ID_JVFLIH,mukati memotokari inoratidza kuti itsva ine zvigaro zvine mavara matema neegireyi mune mabhande anochengetedza vanhu kubva mujodzi parutivi payo pane ruva guru rine mashizha egirini
ID_JVWWXY,mando yenyoka inonzi anakonta yakazvimonerera pamuti iripedyo nemvura nyoka yacho ine madododo matema asi ine ruvara rweyero
ID_JWAFPP,na photo oyo nazali bongo komona loboko soki totali malamu ndenge manzaka eza milayi ezali bongo loboko ya ndeko mwasi asimbi na loboko naye molangi ya muke pe de bakomi na molangi yango ezali mafuta ya basi yakomipakola na nzoto
ID_JXEBBV,temberi imwe chete ine mudhuri mutsvuku pamusoro pawo pane chikwangwani chakanyorwa chichena chine mavara matema pamusoro pane denga remarata
ID_JXFHBA,shangu yerudzi rwetenesi iri imwe chete ineruvara rwe bhuru neruchena pamberi pacho yakasungwa netambo
ID_JZOPGC,musikana wakarukwa zvakanaka zvinonwisa mvura nechekuzasi akarukwa madhiredhi achiti namanama nemusoro nechekugotsi anosvika uata anobva anorembera achienda kuwauve
ID_KAXPYS,bilili oyo nazali komona awa nazomona ezali bongo mesa likolo ya mesa yango nazomona ba sahani sahani moko ezali na mbisi ya mayi sahani mosusu namoni ezali na ndunda pe pe sahani mususukuna batie mapa na kati
ID_KCSMOL,vanhu vari munhandare varikutamba mutambo webhora panoratidza kuti pane timu mbiri yevakapfeka zveyero kumusoro nevakapfeka zvebhuruu akapfeka zveyero ane bhora raarikuda kuyedza kuti amhanye naro kuyenda kunonwisa asi pane mumwe akapfeka zvebhuruu arikuyedza kumhanya kuti amuvharidzire pane vakagara varikuona zvirikuitika nechekumberi
ID_KCUAHT,awa namoni bolakisi biso bato oyo bazosala sport ya voley baza bana basi balati culotte
ID_KDCLWN,mopu imwe chete iri pasi ine ruvara rutsvuku negireyi ine mubato mutema
ID_KDXEAT,elili oyo ekolakisa eliina kati ybilili na kati ya bendele bendela ya balangi ya mosaka mosaka na likolo nzela ya pembe eleki nzela ya mwindu munase pe ya mosaka na kati ezali elili ya maboko mibale ya motane esimbi maseke na bikoti ya motane pe mosaka
ID_KGNJCZ,musoro wemunhukadzi une vhudzi rakasungwa zvakanaka vhudzi iri ririkusungwa zvipundu zvipundu richibva kumberi richidzoka kumashure uye vhudzi racho rine ruvara rwebhurawuni rurikuonekwa nechekure asi pasi paro pane ruvara rutema
ID_KHKIOB,tsoko shanu dziri kubudikira mujinga memuti une midzi yakabudikira yakakura zvikuru tshoko idzi dzine ruvara rutema neruchena kumeso kwadzo nekumusana dziri mumahuswa egirinhi
ID_KHNWAX,ezali sapato ya mobali sapato yango eza na se yango kasi yango sapato yango eza na langi ya pembe eza pe na langi boye eza neti ya sika boye kasi sapato yango eza nano sika
ID_KITUNQ,motokari iri kufamba iri mumugwagwa mukuru uyezve yadarika nepane bhiriji rihombesa rine marambi akawanda machena neepepuru
ID_KJKKHS,awa namoni bato ebele batelemi na ndako pembeni ya motuka nayebi te bazo sala nini
ID_KJPMTZ,awa tozali komona ezali esika oyo mabele ekweyi ebukani esika oyo babenga erosion tomoni bato mingi bazali wana bazali kotala ndenge nini mabele ebukanaki bazali kokamwa bazali kokamwa mingi
ID_KJVWAL,uyu mudziyo uyu tinoushandisa kutesta zvinhu zvedu zvese zvemagetsi uyezve uri mukara yeredhi uyezve une manhamba aripo pauri mudziyo uyu
ID_KMVRGB,rusero rudiki runa makotopeya mana namabhanana erudzi rwemadiki nepayiniepuro yakasiiwa chekumuromo chisina kubviswa zvakarongedzwa zvakanaka zviri patafura repuranga zvinoratidza kuti zvinhu izvi zvichiri fureshi kunze kwemabhanana akuratidza kuda kusvava nekutsva pane mamwe mativi
ID_KNAKMY,mafirizhongo chikafu chakabikwa nemutoo unoshamisa uye unoyemurika chinoti nyama magirini mambatatisi nezvimwe zvakawanda wanda zvakasanganiswa ipapo kudya namambo
ID_KNYOLJ,ezali alimentation cote ba tekisaka ba biloko ya kolia
ID_KPHGHG,pele ezali na langi misato langi na likolo ezali na langi ya mosaka na katikati ezali na langi ya pondu na se ezali na langi ya motane katikati ezali na minzoto moko ezali na langi ya pembe
ID_KQDYTS,mudzimai ari kufamba mumugwagwa wakapfeka hembe ine maoko marefu hembe yake ine ruvara rweyero neruvara ruchena neruvara rutema mumaoko akapendekera bhegi rine ruvara rutema mumusoro ane dhugu rine ruvara rutema zvakare
ID_KQOSNA,bataimol inzvimbo inezvitoro zvakawanda zviri mairi chimwe chezvitoro chiripo itv sals pane motokari mbiri chena nenhema dzakamira pamberi pechivakwa ichi
ID_KQOZUQ,awa namoni eza na ba ndako oyo eza pembeni ya balabala namoni na balabala eza na ba mituka oyo etelemi namoni pe awa liboso ya ba ndako eza na ba mwa mandalala moko ya kitoko
ID_KQXUZF,madzimai amwe arikufamba vamwe vakagara pamusika vachitengesa jinja nezvimwe zvakasiyana izvowo zvinoita kuti vawane mari vakwanise kuchengeta mhuri dzavo
ID_KRJRRI,munhu akabata banga rneruoko rwake rwerudyi rworuboshwe rwakabata domatisi rwakaritsigira kuti risadonha achiricheka cheka neruoko rwake rworudyi zvichiva zvnoita kuti tifungidzire kuti pane zvaarikubika uye arimuimba yekubikira
ID_KTMEGI,enamoni awa eza na stade ya baskete namoni bana mibali bazobeta baskete
ID_KTXNJJ,awa na gai nazomona ndako moko ya matiti na kati na yango nazomona bato bafukami bazo sambela
ID_KTZGRZ,nzvimbo inodzidza vanhu nezvekuchaira motikari pane madhiramu aripo akaronga uye pane mota chena iri kuratidza kuti ine munhu mukati madhiramu aya anoshandiswa kuti vanhu vadzidze kupinda pakamanikana vasingakwesherani nevamwe uyewo pane imwe mota nhema inotori pakati pemadhiramu chena irikuratidza kuti yabuda mumadhiramu
ID_KUAFOJ,miti ine mapazi akawanda uye mashizha egirinhi pasi pane zvidhinha zvakakomberedza majecha machena akaunganidzwa okuvakisa
ID_KVBDQL,mwana mudiki wakabata sumburena yebhuruu kunze mukati ine ruvara rwesirivheri mumakumbo mwana uyu wakapfeka mapushi eruvara rwenhundurwa nechekumusoro wakapfeka hembe ina mavara mavara une chikabudura chebhuruu
ID_KVDOAK,na bilili oyo tozali bongo komona photo ya libota libota tozomona ndeko ya mwasi ya mokolo oyo akoki kozala mama na bango asimbi mwana moko ya mwasi pe pembeni naye tozomona mwana moko ya mobali ya muke
ID_KVEFCF,liboso na nga awa namoni bazwika mwa insecte nde baolakisa biso awa batika yango likolo ya tapi po tomonaka yango malamu
ID_KVLQAJ,liboso na ngai nazomona eloko moko ya kitoko mingi likolo na yango namoni bakomi na monoko ya lopoto bekone papaya
ID_KWGXEV,masofa akagadzirwa nematanda ane matanda ane ruvara rutema neruvara rwakachenerukira nechepamusoro pawo ane ruvara ruchena masofa aya anoratidza kuti akanaka uye anoyevedza kuona akagadzirwa zvine unyanzvi
ID_KWONMZ,awwa namoni eza na batata ebele oyo batelemi esika moko na kati ya kelasi e namoni liboso na bango eza na mwa mesa oyo eza na babuku na mwa molange ya mai likolo namoni batata yango balati ndenge moko eza neti baza bazuzi na mwana mobali moko oyo atelemi katikati na bango
ID_KXHRFU,na foto oyo namoni balakisi nga awa eza ba joueurs batelemi na kati ya terrain bali kokanga bango foto pe balati bilamba ekokani me oyo ba liboso tek toye alati bilamba ya langi ya mosaka
ID_KXUYAU,mugwagwa usina tara urimudhorobha mugwagwa uyu wakanangana nechitoro chinonzi farm ncity kunze kwechitoro ichi kwakapakwa motokari zhinji dzineruvara rwakasiyana
ID_KXVLRC,na elili oyo nazomona esika bazolakisa biso motuka motuka eza na langi ya mobeso bafongoli na nsima esika nazomona eza na masaki ya kitungulu mibale
ID_KYQFZI,ba carton ya bakaye ya bafarde alade ba biki ya koteka mpona bana ya kelasi
ID_KYRBIL,foto oyo elakisi biso na kati ya ndako moko ndako oyo eza ya kitoko mpenza pe eza ya pembe na ndako oyo namoni mwana mwasi ya moke avandi likolo ya mesa pe pembeni na yango asimbi mwa televisio moko ya monene
ID_KYSXGP,ndako oyo ezali na porte ya moindo pe mwana moko atelemi liboso ya lopango oyo na kati ya ndako wana likolo bakomi bakomi ezali na langi ya mai ya pondu
ID_KZHIEW,muturi mudondo pane mahuswa nerukatu une hunde mbiri zasi hwakabatana kumusoro une mhanda dzakawanda hwakatemanwa mumatavi kukasara matete kuruboshwe padavi rakatemwa pane gomarara rakamera rineruva dzvuku
ID_KZOKGB,awa nazali komona biloko oyo basalelaka a bilanga babengaka yango congo pe kuna na liboso namoni mwa bilanga baloni biloko lokola ba chou eza komonana kuna liboso
ID_KZSWED,chikoro chakakura zvikuru chine makirasirumhu akawanda zvikuru uye chakavakwa chine ruvara rweyero uyezve midhuri yayo yakarongwa iri nemutsetse uyezve chikoro ichi chakapoteredzwa newaya
ID_LBCZYP,awa eza kiti nazomona esika yawa toku nini okoa kolekisa ngonga ntango basilisi zomi oy awa ofandi omeli eza na bakiti babongisi ebakiti oyo basali yango ya mabaya eza na langi ya shokola
ID_LBHOTH,nzvimbo ine zvitsvina pane vanhu vakamira nevamwe vakagara pane mumwe akazembera chingoro chakabheurwa pane rori iripo ine ruvara ruchena nekamutsarakatema padivi kakanyorwa nemavara machena
ID_LBNNVO,elili oyo nazali komona awa nazali komona bakiti ya kitoko oyo batu balingaka mingi kotia na sima ndako to esika batu basololaka libanda i tomoni pe esika yango bakiti ezali ebele
ID_LBOBOR,mai eza penepene ya zamba na kati ya mai eza na banzete na matiti banzete yango aakaea a lange ya pondu matiti yango pe eza na bakasa eza na lange ya pondu matiti moko eza ya kokauka matiti mosusu eza ya mobeso na loboko ya mwasi ya mai oyo eza na zamba
ID_LBPCDU,murume akazembera pasimbi ine ruvara rweyero akapfeka hembe tema netarauzi rejini pamberi pake pane murume akagara akaisa masiki pamuromo akabata mari muruoko rwerudyi ruoko rweruboshwe rune wachi uye ari kutengesa mamasiki
ID_LBUPDF,bandeko es tokomiawaesika tokomi awa naomona baolakisa nga na misu na ngai eza esika oyo batekisaka babiloko ebengami na monoko ya lingala bambabola naomona awa eza mbabola oyo babongisaka yango na bamanzanza
ID_LCANJA,buku ya bana kelasi ya mitano ezolakisa bango kotanga pe kokoma
ID_LCIVIO,loboko ya motu esimbi carto ya kisi carto ya kisi yango eza na langi ya bozinga na makomi eza na langi ya moindo na mosaka na motane namoni bakomi na kisi yango diklopenak eza kisi ya komela mpona koswanie ba maladi
ID_LCVUBW,na bilili oyo twali komona awa balabala moni ndeko moko azo tambola na balabala oyo amoni ba mituka namoni ba nzete ya molai namoni pe ba ndako moko ya molai ya kitoko
ID_LDWRZZ,mukati mechitoro mune zvigubhu zvemizera yakasiyana zvakadurikidzana zvezvinwiwa zvakasiyana siyana parutivi pane munhurume mumwechete akamira akazembera pachidziro
ID_LEPTJM,bilenge mibale bazosaka na bale ya match na kati ya stade bato ebele bafandi na stade bazotala bango
ID_LFETUG,namoni na kati ya ndako moko boye mwa mesa eza na bamwa biloko likolo na yango namoni bamwateni pe teni ya bamwa mbala oyo ya sokali na kati ya sani ya monene pe namoni bapondu na basane ya monene pe na bamwa biloko oyo ebele ya kolya mononi baza kozela batpa ya kolia pe eza mwa eyenga moko boye
ID_LFOMIT,muguta reharare munhurume arikufamba akaisa maoko muhomwe aine kepesi uye masiki motokari ichena motokari dziri kufamba mumugwagwa denga rine makore
ID_LFZTDM,he bilili oyo bazali kolakisa biso awa ezali bongo na se ya mayi bakamataki photo oyo na se ya mayi pe na se ya mayi yango tozali komona nkoba nkoba oyo ezali nkoba ya mayi ezali nkoba ya zamba te
ID_LHDEEV,nhundurwa dzine mavara ezerere netuchena hadzina kuibva dzimwe dzacho dzakachekwa kuitwa madenderedzwa matatu
ID_LIEJMC,hembe yechikadzi yakareba ineruvara rutema nezvinohwinya zveruvara rwakasiyana siyana irikutengeswa muchitoro nedzimwe hembe dzakananikwa pane mabhegi akananikwa nevhiri remota riri kuoneka kushure
ID_LIOGPY,bamapapa ya sika oyo ya bana basi namoni eza na balangi ekeseni namoni eza oyo eza na langi ya mosaka mosusu eza na langi ya pembe mosusu eza na langi ya moyindo na mosusu pe eza na langi ya chokola eza esika oyo bazotekisa yango
ID_LLASDQ,nzvimbo inevanhu vakasiyana siyana varikufamba vamwe vakapfeka hembe dzineruvara ruchena koitawo vamwe vakapfeka hembe dzineruvara rutsvuku nechekurutivi kunoratidza kuti kune zvitoro
ID_LLFEAD,tsuro dzakati wandei dziri muchirugu chakagadzirwa nemapuranga uye nefenzi muchirugu umu mune mahuswa pasi kuitira kuti tsuro dzigarepo uye dzisabaiwa nematanda iri pasi
ID_LMSRXP,buku na biso oyo me ezomonana ke eza kote ya libanda omona atene parabolike elaango mpe eza ya kokauka sal ondire bato baza te bana bakendeki klasse
ID_LNPWHH,bilenge mibali baza koyekola mechanique
ID_LNYEZX,shangu imwe ye kuboshwe wana mudiki yakavhara mberi nekumashure uye inoratidza kuti inopfekwa nguva dzechando nekuti inodziya
ID_LPEIYY,mwanasikana wechidiki akapfeka rokwe rake refu neshangu dzake mbiri uye akamira padhuze nechigaro
ID_LRTXFY,kambuyu katema kari kudya mashizha egirini kane makumbo mana ari kuoneka
ID_LSWZUO,mukomana ari mubhurawundi rekutambira nhabvu akapfeka jezi repingi nemasokisi matsvuku neshangu dzekutambisa nhabvu dzebhureki dzine mitsara michena
ID_LTFSXS,ba dessine mobali alati lineti bakomi qfc eza logo
ID_LTOEWY,oyo eza lokolo ya sapato ya mwana mwasi batiyango na mabele ezali sapato ya kitoko mpenza ezali bati yango na mabele na kati na yngo ezali bululu na likolo eza na malange ebele mwaa babiloko bati na likolo ya motane ya pembe ya moindo eza likolo ya sapatu ya mwana mwasi eza mpenza kitoko kitoko kitoko mingi
ID_LUJEWA,na moni ezali mafuta ya kopakola baza koteka ngo eza ma mafuta modele mingi ezali awa na kati cote batekaka ba mafuta
ID_LVPXZS,wachi yechikadzi yegoldh kazhinji kachona inowanzopiwa munhu seegift kana kuti puresidend kana kuti sechipo iri wachi yegod yechikadzi
ID_LWTHMI,ndiro chena yebhonzo yakagara pamucheka une ruvara gwegireyi uri patafura yedanda mundiro mune sadza jena uye mune muriwo une matomatisi nehanyanisi
ID_LYKQXB,ba joueur oyo mibale bazali na kati ya terrain ba lati bilamba ya ko kokana pe eza na langi ya mayi ya pondu ezali pe na langi ya mosaka baza ba joueur
ID_MACGWC,zvivakwa zviri mukati medhorobha uye mune motokari dzirikufamba mumugwagwa dzimwe dzakamiswa padivi pemugwagwa imwe ine ruvara rutsvuku imwe ine ruvara ruchena uye imwe ine ruvara rwebhuruu
ID_MCNTAD,oyo ezali drapeau ya mboka
ID_MCYHND,panzvimbo yekutengesera pane vanhu vakawanda pana mai vakabereka mwana nemubereko tsvuku ine mutaro mutema uye madomwe madomwe pane murume akabata nharembozha mumaoko akamira parutivi pemaputi
ID_MDBXFH,muchina unoshandiswa kusona hembe muchina uyu wakabatanidzwa netebhuru ineruvara rwebhurawuni kuzasi kunesimbi dzineruvara rutsvuku uyewo muchina wachona une ruvara ruchena neruvara rwebhuruu
ID_MDCGJE,liboso na ngai nazomona ekipe ya rdc ezobeta ndembo
ID_MEVBOM,eloko nazomona awa bandeko eza obele bendelaeya bendela moko mpenza ya monene mingi bendela oyo namoni eza na balangi ba langi minei ekeseni bendela oyo eza mpenza ya bendela moko ya kitoko mingi
ID_MEYEQA,awa nazomona eza lopango sikoyo badekore yango nazomona pe bafololo pe eza wana bafololo eza na lange ya ma ya pondo
ID_MFQGCD,naza komona buku buku yango ifo ezala ya eza bandesini na bani na couvertire na yango eza bato misato moko suki ya mosaka mosusu na suki ya moindo mosusu eza na ba tredre
ID_MGDHTX,elili oyo ekolakisa nzela ya monene ya gudron na kati ya zamba nzela eza na milongo ya langi ya pembe bato baza na loboko ya mwasi bakoleka na loboko pe ya mobali bato baza koleka na kati ya zamba monene
ID_MHRFHJ,varume nevakadzi vanemizera yakasiyana vakamira panzvimbo inemasimbi inoratidza kuti inogadzirwa zvinhu zvakasiyana zvinogadzirwa nesimbi zvinosanganisira magedhe epamajurahoro masimbi anoiswa pamafafitera kuti mbabva dzisapinda zvinyoro nezvingoro zvinotakurisa zvinhu mumutauru
ID_MHZXZI,kopo ya jus eza na langi ya motane
ID_MJJIBY,mudziyo unoshandiswa kana uchida kugeza mazino mudziyo wacho uyu wakanakira kuti unogona kuisa bhatry wotokwecha mazino iwo usingafambisi
ID_MJORJS,na elili oyo elili ezali kolakisa biso etaleli ya mosika ya libanda ya esika ya botekisi na esika yango nazomona ezali na bilembo bilembo ya botekisi esika bakomi na monoko na lokota ya bopaya wewe
ID_MJSRCG,awa nazomona bana mibali bake kosala sport bakende kosala sport na moni balati bilamba ya sport bana mibali bamosusu batelemi bamosusu bavandi
ID_MJZITO,awa toza komona baza kolakisa biso tomoni esika moko banzete ezali mingi na bafololo na esika baloni bafololo kasi kuna liboso kuna toza komona ndako moko ezali ya etage moko kasi ndako yango ezali mpenza kitoko mingi te ondire ezali ndako moko babigi na lopoto babandule oyo bato batika bafandaka lisusu na kati te nde yango wana tozali komona
ID_MKIPOE,bhora rakagadzikwa panzvimbo ine uhwa hune ruvara rwegirini inemavhu akawandisa pane mashizha emabanana akaoma akadonhera pabhora iri bhora iri rine ruvara rweyero neruvara rwepepuro
ID_MLEGVG,awa namoni toza na kati ya sale monene namoni eza na bato oyo basimbi bambunda na makolo bazobeta eza na bana basi na bana mibali namoni pe mosusu azobeta lindanda bango tobalati ndenge moko
ID_MMIEEU,nazomona na elilioyo bazolakisa biso bileko ya bilei nazomona ezali lokola motekisi atie bileko ya bilei ya kolia po bato baya kosomba
ID_MNHJZF,muti uri pakati pamatombo makuru maviri rimwe riri parutivi une mashizha maduku egirinhi
ID_MNKDTM,nzvimbo iri kutengeserwa mhando dzefoni dzakasiyana mazita efoni akanyorwa pazasi uyewo foni dzakarongedzerwa muzvinhu zvemagirazi kuti vaone kutengesa zvinhu zvakadai zvemhando dzakasiyana kwakanaka nokuti vanhu vanauya vachitsvaga zvavanoda chaizvo uye vanhu varikutengesa vanotwana kurarama uyewo varikutengesa ipapo vanowanawo mabasa vanopiwa nevaridzi vezvitoro
ID_MOIEXY,ba motoka minene oyo ekangi nzela te kasi kuna mosika antene ya molai eza nde tour de controne epi awa tomoni ba kontenere etelemi pembeni ya motoko oyo
ID_MPUFTN,na bilili oyo tozali komona awa ezali bongo kabati pe kabati yango tomoni ezali libanda paezali bongo nakati ya ndaku te pe tomoni esika ezali batiye yango likolo ya matiti
ID_MQDJDC,ba mafuta oyo eza ebele awa eza ya kopakola mwasi oyo atiaka yango na motu ba mosusu ya kopakola ba mosusu ba parfum na milangi oyo
ID_MQICOY,chuma nemhete yemumaoko zvakapfekwa muruoko mhete dzemumaoko dziviri dzine ruvara ruchena koita chuma chemumaoko chine mufananidzo werudo wakarembera pauri chakabva mufananidzo uyu wakabva wanyorwa namavara matema chuma chemumaoko chine mabhora zvakare ane ruvara rwepingi nemabhora ane ruvara rwesirivheri
ID_MRAIGA,na elilio ezali na kati ya ndako ya botangi bana kelasi bakotanga balati pe milato ya ndenge moko ya boziga mokanda eza likolo ya mesa bakolandela ndenge bakosala na bisalisi na bango
ID_MRGPUB,vanhu vakawanda vakamira mumutsara vari pamagirosa mumwe wavo munhukadzi wechikuru mumwechete akagara pasi pamberi pake pane bhaketi richena
ID_MUWHHA,awa na moni eza esika basalelaka politique liboso na ngai nazomona mokonzi moko atelemi nsima na ye koza ba mbila mibale oyo bazokengela ye
ID_MUYVGV,kisi eza na langi ya pembe motani pe mbwe na bozinga
ID_MVMHDG,pamufananidzo pane midziyo yakasiyana siyana yekushandisa muimba yokubikira midziyo mizhinji ine mibato ndiri kuona banga mugoti wekubikisa sadza mugotikubikisa murio neimwe midziyo ine mibato yepuranga
ID_MVOEEV,foto oyo nazomona awa na misu na ngai eza obele koza mwa ndako moko ndako oyo eza ndako moko ya monene mpenza bandeko epi sima na yango pembeni ya ndako oyo naomona eza obele nzete moko eza pembeni awa
ID_MVWCPO,mvuu mbiri dziri mumvura imwe inoratidza kuti ndiyo mai imwe imwana nokuti iduku dzine ganda rinemavara ebhurauni nematema
ID_MVXHMA,awa tozali komona wana basi mibali moko aza kokanga suki ya mosusu asalaki yango modele ya kitoko mpenza
ID_MWGZPD,mashini oyo batie awa eza mashini oyo ebimisaka pusiere na babiloko ya electronique soki neti biloko electronique ekoti pussiere eloko oyo esalaka mpona kopepola yango
ID_MWLIFS,shangu yeruvara rwedenga rwakasvibira ine ruvara ruchena muzasi neruvara rwegoridhe kumashure rakanyora kuti puma uye ine tambo dzisina kusungwa dzakasimukira pamusoro peshangu
ID_MWXPLB,makanika ari kusunga sunga motokari ari pasi payo achishandisa zvipanera zvekugadzira nazvo motokari
ID_MWZVRV,zvinyoreso zvema vara zviri pasherufu zvakadurikidzana zvinemavara anoti yero pingi girinhi neorenji
ID_MYASSN,foto elakisi biso na kati ya ndako mkoboye na ndako oyo namoni mobali moko atelemi na y likolo ya eloko pe aza kopakola mwa langi na ndako oyo pe alati mwa single
ID_MYATCF,varume nevakadzi vakapfeka hembe dzekudzanisa vakamira pasora rakasvibira rakachekererwa zvakanaka vane majakazi mumakumbo uye vakapfeka mbikiza nehembe tema pane mumwe ane rokwe jena akapfeka zvakasiyana nevamwe
ID_MYSUOX,apa papati uyezve parikuratidza kuti pakarongwa macheya nechivhitivhiti macheya aya akaiswa mucheka muchena uyezve pakarongwa kapeti pasi yegirini
ID_NANEDK,pane shangu mbiri dzine ruvara rutema dzakaiswa masvokisi ane mavara akasiyana siyana mukati madzo uye dzakatsvetwa mumba makaiswa ruware ruchena
ID_NBXFCB,awa nazomona na balabala camion etelemi na balabala camion monene ya pembe na mopanzi kuna na komona eza ndako
ID_NCTBDJ,pazasi pezambuko apa pazere miti yemujatirofa mujatirofa unomera pane mvura pane mapepa akawanda ayo akasvibisa nharaunda
ID_NCTMCH,awa na moni eza na kati ya ndako liboso na ngai nazomona saani moko ya pembe na motane na kati ya sayani nazomona bambuma moko ya kitoko oyo na monoko ya poto babengaka papai
ID_NDLOUL,oyo mutu asimbi sani eza na biloko ya kolia eza pepesupu eza nyama basangisi na ndunda batie pe bapilipili bapepi mibale eza na langi ya mosaka na nyama yango pe eza ya kotukisa basangisi yango na ndunda eza elengi boye
ID_NDMSAY,shangu mbiri dzakanaka kwazvo dzine ruvara rutema dzakavhurika mberi nekushure uye dzine tambo yakakora pamberi kuitira kubata gumbo dzinopfekwa nevanhukadzi nevanhurume
ID_NEFGZN,zvibhodhoro zvakawanda zviri pasi zvemizera yakasiyana pane zviduku poitawo zvihombe zvine ruvara rutema nemivharo michena ndezviya zvine mishonga inoshandiswa pamishina yakaita seyokudhinda mapepa kana imwewo mishina inoshanda nemapepa
ID_NEMBWZ,varume vanoratidza kuti ndevemutambo vakapfeka nguwo dzakafanana dzineruvara rumwechete ruchena nezvitema vakapfeka shangu dzakasiyana siyana vamwe vakamira vamwe vakakotamira
ID_NHJQMJ,chitoro chekutengesera hembe chine madziro egirazi anooneka zviri mukati mune zvidhori zvakapfekedzewa hembe dzavanhu chimwe chidhori chidiki chakapfeka dhirezi remwana repingi
ID_NIXPQE,mbeto batandi ba drat ya pembe pe na bapussin na tapi yalangi ya motani esangani na lange ya chokola fololo na mesa ya liboso awa pe na mopanzi kuna fololo na ngolomani na nsima ya mbeto yango na langi ya mosaka bakie pe bilei na plateau e biloko bazwaka ya kolia na ntongo
ID_NJUTWH,midhudhudhu iyi yakarongedzwa zvakanaka pamberi payo yakachengetedzwa necheni iyo yakapendwa zvitsvuku nezvichena
ID_NJZYRN,na elili oyo nazomona bazolakisa biso bato ya mibali ebele balati bango nyonso ndenge moko bazokende
ID_NKDDHC,na balabala taxi byse na mopanzi na langi ya pembe pe na langi ya pondo awa mibale mibale bakobenda pusu mobali ya liboso alatika botula ya langi ya bozinga ya pete pe likolo motani na ekoti ya pembe esangani na bozinga mosu alati mwindu mindu pe na ekoti ya pembe liboso kuna pe mituka na mopanzi bandako
ID_NKKWME,motikari dziriri mumugwagwa dzimwe dzakatakura vanhu dzakazara dzakavhurwa mabhutu dzimwe dzakavharwa asi dziri kufamba nemarori nemagonyeti nama mota bhaiki zvose izvi zviri kufamba zvakatakura vanhu
ID_NMFAKL,na kati ya sale bato ebele basangani ba cameron pona kolanda formation emoko pona bo bakutani
ID_NNEJUC,vanhurume vana vakabatana maoko vakamira vakapfeka nhumbi dzekutambisa mutambo vakapfeka shangu namasokisi zvakasiyana vakamira vakasanganisa maoko avo pamwe chete vakabatana varikuratidza kuti varikutorwa mufananidzo nechekurudivi kune miti yakawanda iriko nezvivakwa zviri nechekumashure pavakamira pane uswa hwakaoma
ID_NNNBWD,nzvimbo ine huswa namarara ine zvimiti miti zvangorara pasi zvimiti izvi zvine ruvara rwutema neruvara rwakachenerukira koita zvimarara zvakangorasika pese pese zvine ruvara ruchena uswa huripo humwe hune ruvara rweghirini humwe hune ruvara rwakachenerukira
ID_NOGIXK,na bilili oyo nali komona balakisinga awa mwana mwasi aza kitoko pe aza na misu ya kitoko nali komona ndenge bakangi ye suki pe amemikasaki na ye pembeni na ye namonika mwa ndako ya balangi ya motani
ID_NPRXQR,awa namoni balakisi biso mwa motuka moko ya monene makasi oyo etelemi esika moko namoni eza motuka oyo ememaka babiloko ebele e namoni bafungoli yango bazobimisa biloko na kati
ID_NQRVCV,elili oyo eza elili ya sango namoni na se bakomi paroise catholique saint jean paul deux eza ndako ya nzambe oyo ya ba katholike
ID_NRKEFH,esika na komi awa bandeko nazomona liboso na ngai eza bobele ba bendela ba bendela mibale eza awa bendela moko eza bendela ya union africaine mosusu eza bendela oyo ya mboka congo brazzaville
ID_NRYMLU,mwa palabala kitoko mpenza pe na balabalo namoni bato mibale namoni baza likola ya mwa moto bato oyo emonani ee baza bamwa polisie namoni balati bamwa elamba na bango pe nsima na bango namoni motuka oyo eza kokende oyo oben yango minibus pe na moni pembeni ya palabalo ya bamwa paraplu na bamwa biloko bato baza kotexa yango eza mwa balabala kitoko mpenza
ID_NSIWDG,murume akagara mumotokari motokari yakamira kumberi kwacho kune mugwagwa
ID_NSLCMX,awa namoni eza esika oyo bazo tekisa ba mafuta ya ndenge na ndenge ya bana basi na ya bana mike
ID_NSYLRD,awa nazomona mwasi moko boye nazomona mwasi moko boye azolakisa suki na ye nazomona suki na ye bakangi ye suki ya maboko bakangi ye suki na ye ya naturele azotala na se
ID_NTGLVW,eleko nazomona awa liboso na ngai eza eleko oyo babengaka eza mafuta ya bana mike ya babebe ya kopakola na nzoto eya mafuta moko ya kitoko vrema mpona babebe sikoona molangi yango pe namoni koza foto ya bana mibale batolo vide balati eloko te likolo eza babebe
ID_NTGXTG,elili oyo na moni liboso na ngai nabasi mibale ba telemi ba lati kitoko pe ba lati bamwa biloko ya matoyi oyo ba benga yango na monoko ya lopoto ba bijux pe namoni moko aza na mwa sac a main na loboko pe ba robe na bango eza na balangi oyo ya bozinga ba telemi pe kitoko mpenza
ID_NTYPHW,bana mine baza place moko mibale bavandi na kiti moko mibale batelemi mwana moko alati elamba ya likolo ya pembe akangi maboko ye aza mwana mwasi na nsima na bango bamatiti ya langi ya ma ya pondu
ID_NUNSVE,midziyo yakasiyana siyana inoshandiswa muimba yokubikira yakaiswa mubhodhoro mune zvipunu mune mugwaku mune musika wakagadzikwa nesimbi yerudzi rwesirivha mune mugoti zvekare
ID_NUOSCF,shiri ine ruvara ruchena muviri wese iri mudendere inoratidza kuti yakafuratira vana kana mazai ayo parutivi pana masora akasvibirira
ID_NWLPMF,na foto oyo nali komona balakisinga eza carton ya kisi ya komela batiango likolo ya mesa de nali komona balakisinga awa
ID_NXAUAF,awa tozali komona elenge mobali atelemi abetaka ndembo ya makolo tomoni alati ba uniforme na ye oyo ezali ya mayi ya pondu tomoni atelemi na terrain
ID_NXLUAE,vhiri rekuisa pa motokari rakagadzikwa riri rega rine ruvara rutema nesirivheri pakati uye rakanyorwa nezvichena rakagadzikwa pamusoro pechinhu chine ruvara rutema nesirivheri uye pasi paro pane mataira akatsinhanha zvakanaka
ID_NYOCNO,munhu rume nekadzi vari kuteverana munhukadzi akabereka mwana kumusana netauro rine ruvara iri mitsetse zvichena nezvitsvuku pamberi akapfeka nhumbi ine maoko mapfupi eruvara rwebhuruu neyekuzasi bhurugwa rakareba rine ruvara rwebhuruu
ID_NYWGFD,kasi bazotekisa biloko oyo oyo bana basalisaka eza biloko ya bana kelasi koyeba te ezali na langi ebele eza na langi ya bozinga eza na langi ya longondo eza na langi ya lilala eza na langi ya motani eza biloko ebele boye
ID_NZNZDT,na awa namoni balakisinga maindi eza na kati ya nzete na yango eza maindi ya kitoko eza na balangi ya mosaka pe na ba pembe pembe na nzete na yango eza na balangi ya pondu
ID_OAGKDL,liboso na nga awa nazokomona eza parfum moko bakomi na yango cenario pi bakomi pe losion parfume
ID_OAGTZM,musikana mumwe chete wechidiki ari kufamba achidya muchero wechitema musikana uyu une rokwe refu rine ruvara rutsvuku nehembe ine ruvara ruchena akabata purasitiki rine ruvara rutena
ID_OCZFPU,chitoro chinotengesa nhumbi dzemukati dzemadzimai dzakaita semabhurugwa nemabhuraa pane zvidhori zvitatu chakapfekedzwa zvimwe zvezvinhu izvi chimwe chidhori chakapfeka bhuraa nebhurugwa zvitsvuku
ID_ODFKRY,awa namoni ba lakisi nga likolo ya mesa oyo batie sani ya kitoko na kati ya sani oyo namoni biloko ya kolia pili pili ba misuni pe na ba legume
ID_ODGKGY,makolo mibale ya sapatu mpona mibale eza bongo na langi ya move
ID_OESMJN,michero miviri yerudzi rwendimu rimwe chete rakachekwa nechapakati richitaridzwa mukati maro umu makatsvukirira uyewo rakaibva rangomirira kushandiswa kana kudyiwa
ID_OEWYCL,dzimba dzakavakwa dzakabatana dzimba idzi dzakasiyana mavakirwe adzaiitwa dzimwe dzine ruvara rwakachenurukira uye dzidhiki koita imwe irikubudikira necheparutivi inoratidza kuti yakavakwa nezvidhinha zvinozikanwa kuti zvidhinha zvekubhotswana zvidhinha izvi zvine ruvara rutsvuku neruvara ruchena
ID_OFMRHS,miti dzakawanda dzemarudzi akasiyana siyana umwe une maruva epepuro ndewe mujakaranda pamberi pane bhusita remasaisai rakagadzirwa namasimbi akareba uye anemavara matsvuku nemachena
ID_OGFYLY,dhekodha riri pasi dhekodha iri rine ruvara rutema rakanyorwa namavara machena nemavara matema kuti canal box rinoratidza kuti rakabatidzwa uye rakanaka
ID_OIEWKO,elenge mobali atelemi liboso ya elembo ya airtel elembo yango eza na langi ya motane na pembe ye moko alati elamba ya langi ya mosaka
ID_OIRQQG,mushina werudzi rwemotokari yekutimba pasi inozivikamwa nezita rokuti giredha ina mavhiri mahombe uye kumberi kwayo kune dhishi rakashama rina mazino pasi rinotakura mavhu rinochera mavhu nemazino acho rotutira mukati richirasira kune imwe nzvimbo
ID_OIZXCN,muchero wemaliki wakawisa zvisingabviri zvino ose atsvuka kuratidza kuibva achirembura matavi emuti uyu ana mashizha akasvibira zvikuru achipenyerera mukupenyawo kwezuva
ID_OLQQKH,zvipembere zvakawanda zvinodarika zvitatu izvo zvakamira panenge parutivi pomugwagwa zvipembere izvi zvihombe uye zvinoratidza kuti zvava zvekare zvine ruvara rwedota muviri wese
ID_OMIOGO,basakosi ya bamama bamemaka na maboko eza ya sika eza na zando ezotekisana basakosi yango eza ya moke na oyo monene esangani pe ekeseni basakosi moko eza na langi ya shokola mosusu eza na langi ya mosaka mosusu eza na langi ya mwindo sakosi ya moke etongami na mayaka eza na langi na longondo esangani na pembe
ID_OMVDDX,awa tozali komona eza eloko ba bengi bar e restaurant tozali komona na kati awa baza koteka masanga ezali esika pe batekaka na biloko ya kolia kasi tomoni ba lakisi biso ba kiti oyo ba foteil ya kitoko na mesa ya kitoko kasi batu bazali te kasi na ndako yango ezali kitoko mingi
ID_OMYCXL,murume ari kusimbisa muviri wake akapfeka hembe yakasununguka kumusoro inosiya maoko ari pachena maoko ake akabatirawo simbi iri kumusoro nechekuzasi akapfeka chikabudura chakatsvuka
ID_ONBGPT,awa tozali komona ba materiele wana esalaka biloko ebele ya ba conssetion ba electricité tozomona ba pence tozomona ba tournevise moko eza na malangi ya moindo na motani esalaka biloko ebele
ID_OOXOVZ,masitirobheri matsvuku mukati memudziyo wekuchengeterwa mutsvuku sezvo nguva yekukohwa yasvika uye anotengeswa obva atengeswa mamwe achidyiwa
ID_OPDKDJ,balabala ya kokufa mpona mai ya mbula mai ya mbula ebeti etondi wana bato bazoleka na mopanzi moto moko alati ela mba langi ya pembe na likolo langi ya bozinga na se na sima eza na mai azoyakalati liputa ya langi ya mosaka
ID_OPOHQH,vanhu vari panzvimbo inopiwa zvidzidzo pane vanhu vari kuratidza kuti vapedza zvidzidzo saka vakupiwa mapepa avo vakapfeka magawuni ekuratidza kuti vagirajuweta panewo vari kucherechedza vari pamberi
ID_OQBYLS,zviri kuratidza kuti zvimafurii maketi zvinotengesa bhutsu uyo ari kuratidza kuti vane mapushi masendozi mapushi zveruvara rwakasiyana siyana yero wayiti bhuruu madzimai achifamba achidarika vanhu vakasiyana siyana uye akatobata mwana ari kufamba ari kudarika achiona kuratidza kuti ari kuda kutengawo zvirimo mumashopu imomo
ID_OQHYVU,vanhu varikufamba panzvimbo inotengeswa zvinhu zvakasiyana pane munhukadzi akabereka mwana wake kumasana mwana uyu akasiya maoko ake arikunze poitawo munhurume arikufamba akapfeka mujivha webhurauni neheti mumusoro varikufamba vakananga kunotengeswa zvinhu zvakawanda zvakasiyana siyana
ID_OQJLPT,awa esika na komi awa nazomona na misu na ngai eza ebele obele na wenze me wenze oyo namoni bazotekisa babiloko ndenge na ndenge naomona awa bamafuta kopakola basabuni babiloko ebele ebele vreme na omona eza na kati ya babasin oyo eza na kati ya wenze
ID_ORDZHU,mureza une mavara maviri ari kunyatsouoneka nechekumusoro kune ruvara ruchena asi munewo makada kusvibira kuzasi kwacho kune ruvara rutsvuku hapana kamwe kamufananidzo kari pamureza uyu
ID_ORXUPM,mhuka inonzi garakuni garakuni racho rine manhenga machena rinewo makumbo maviri nechekumberi kunechinhu chakatsvuka garakuni racho riri munzvimbo yakaiswa fenzi
ID_OSQUUH,murume akabata bhora mumaoko ake makapfeka magirovhosi ane rudzi ruchena wakapfeka hembe ine ruvara rutsvuku nemaoko eyero unoratidza kuva mubati webhora pamutambo wenhabvu
ID_OUJCUX,ba ndeko esika na komi awa nazomona bana basi bilenge bana basi awa balati babilamba ya biloko ya ba sportif baosakana na bango bazo sakana footboll bazo sakana sport oyo ya ndembo ya bana basi misato
ID_OUJOWD,na foto oyo nali komona balakisi nga balabala pembeni ya balabala namoni lupango ya pembe na kati ya lupango oyo namoni ndako ya pembe pembeni ya ndako namoni banzete ya milayi
ID_OUMCAD,varume vasere varimukati menhandare yekutambira mutambo webhora umwe wevarume vasere ava urikubudikira chidimbu chimwe chete umwe wavo wakapfeka nhumbi dzeyero vamwe vakapfeka nhumbi dzebhuruu umwe wavo wakapfeka nhumbi dzitema
ID_OWIOED,awa nazali komona camionete moko ezali na langi ya pembe tomoni mosusu ezali pembeni na yango nyonso etelemi tomoni ezali na langi ya bolulu etelemi wana ezali eloko babengi parking tomoni etelemi ezali kitoko
ID_OWPLHO,na bilili oyo tozali komona ezali basango oyo ntango ya colonisiation babandaki kokolonise biso awa tngna tomoni bazali basango balati makanzo na bango ya molai ya pembe tomoni bazali kopesa na mbote na bandeko ya mboka
ID_OXFWCP,magiranadhira akawanda ndeeyero uye ane mavara egirinhi rimwe chete rakachekwa rikaburitsa zvimedu zviviri mukati maro mutsvuku uye rine mhodzi dzitema
ID_OYEAHK,foto oyo na moni liboso na nga na moni loboko oyo esimbi mwa molanga ya mafuta ya basi mafuta oyo ezalaka kitoko mpona nzoto ya basi basi soki bapakali yango bazalaka kitoko mpenza pe na nzoto ya sembesembe
ID_OYPRHA,mudzimai mutsvuku ari kunyemwerera zvekuti mazino ake epamusoro ari kunyatsooneka akagerwa musoro achibvisa bvudzi rose akapfekawo zvekuti muviri wake wekumusoro unosara uri pachena
ID_OZLILC,awa nazomona eloko ebengami sapatu sapato yango eza sapatu kombo na yango puma eza ya langi ya langi ya moyindo ya langi ya moindo
ID_OZSILI,vanhu vakagara vari kukurukura pane akamira nechepangoro munhu uyu akapfeka hembe ine maoko mapfupi ine ruvara rwebhuruu neruvara ruchena kuzasi wakapfeka mutirauzi une ruvara rwebhuruu koita vamwe vakagara pasi mumwe anehembe ineruvara ruchena akapfeka nguwani yake ine ruvara ruchena zvakare kuzasi ane mutirauzi ine ruvara rutema
ID_PAKEML,nazomona mai ya ebale ebale bamabanga eza na batia na bakantine misusu eza na babido bakata nazomona pe moto na mai azosokola maboko na mopanzi fulu ya sali te ebima na mai eza na mopanzi wana
ID_PATITK,kunzvimbo inemvura inerwizi runoerera makamera masipundo akaita mashanga anomera mune mvura nomubhanana urikubudikira kudivi rorudyi kuruboshwe pasi pane marara dutu panotaridza kuti panzvimbo panouya vanhu vachirashira marara vasingabvumidzwi
ID_PAUVNP,zvivako zviripedyo nemugwagwa zvinofanira kunga zviri zvivako zvinoitirwa bhizinesi hazvina kukura nzvimbo yacho haina vanhu asi ine mugwagwa uripedyo
ID_PAZHTC,mudhorobha mune zvivakwa zvakawanda zvine midhuri yakareba uye yakadurikidzana parutivi pazvo pane motokari dziduku dzakawanda dzinofamba mumugwagwa
ID_PBZOVJ,elili oyo ezolakisa biso etaleli ya nsima esika tozomona mwana mwasi akangi suki ya maboko ezali ndenge moko te na misusu kokani na misusu nazomona bazolakisa biso modele ya suki ya maboko na ndenge ekangami
ID_PCHJMX,muchini unoshandiswa pakuongorora zvirwere zviri mumuviri uye unobairirwa kumagetsi kuti uwone kushanda mushure mekunge wabatidzwa padyo pane kamu inotwasanudzisa bvudzi
ID_PDIVWS,chitoro chinotengesa zvishongo zvemuhuro zvemunzeve zvemumaoko zvemumakumbo zvakasiyana siyana zvimwe maringi emuchato zvakagadzirwa zvakasiyana siyana zviri mumasherefu zvakaiswa pamusika kuti vanhu vaone zvishongedzeke zvimwe ndezvegoridhe vmwe zvesirivha zvimwe zvesitanre sitiro
ID_PEKFBS,eloko nmeleko naomona awa bandeko na esika moko boye basalaka babiloko balobaka na monoko ya lopoto eza babongisaka ba concaser naomona eza mashine moko eosala ba concase eza bambnga mabanga oyo ya miki
ID_PEYHNZ,bato mingi batelemi elongo bazotala makambu motu oyo avandi na se azoteya bango
ID_PFEHBE,nzvimbo yakakomberedzwa nerusvingo uye simbi nzvimbo yacho iyi inehuswa husina kunyatsa kusvibira huswa hwacho hauna kukura panewo muti wakaita zvekusimwa nechemukati merusvingo rwakavakwa nezvidhinha mune miti mihombe irikubudira
ID_PGCLNI,mukadzi akarukwa mabhanzi akanaka akarukwa neshinda nhema ari makomo akavhurwa mitsetse yakanyatsonaka nokuti ganda remusoro riri kuonekwa kuchena kuti weke iye akatarisa nechekurutivi mumabhanzi akaitwa hata yakanaka nechepakati achienda kumberi
ID_PHABFK,badza mudziyo unoshandiswa kuita mabasa akasiyana siyana vamwe vanoshandisa badza kutimbira mumunda kana kuchera makomba vamwe ndovanorishandisa panguva dzekusakura
ID_PHGEPM,elili oyo tozali komona tozali komona ba mbuma pe tomoni bassin tomoni ba mbuma yango eza manga mamanga yango esi eteli batandi yango nase misusu batiye yango nakati ya bassin
ID_PIRDKK,nyama ya zamba oyo eza mibale nyama ya zamba ngo eza na langi ya chokola na minoko ya liboso eza na langi ya mwingu nyama ya zamba ngo eza na zamba eza na matiti ya mokuse eza na langi ya pondu
ID_PIWSSK,miti miviri irikubudikira uri mudhuze unamashizha akasvibirira poita umwe uri nechekumberi womurara unamashizha akasvibirira panewo tambo dzamagetsi dzirikubudikira dzirikuvhungana nemiti idzi
ID_PJWOTA,saki ya mokongo ya bana kelasi ya bana mike ezali ya bozinga ya makasi moto atomboli yango po alakisa yango ezali na ba poche mibale pe ezali na ba poche pe pembeni
ID_PKWEOW,bana minei mibale ya mikolo mibale ya mikie ya mike moko alati tolo polele alati jupon mosusu alati elamba likolo yalangi ya pembe ya mokolo alati elamba ya langi ya motani ya langi ya mosaka langi ya mpondu mosusu alati elamba likolo ya lange ya mpondu
ID_PLPFOQ,chirimwa cheviza icho chakachekwa chinoratidza kuti mukati macho mutsvuku kunze ineruvara rwegirini rwakacheneruka chichirimwa ichi chinoratidza kuti chaibva chava kuda kudyiwa
ID_PLXELZ,imba yokutandarira inezvekugarira masofa machena mamwe aneruvara rwe bhurawuni nezvimampiro zvekutsamira mukati nechekumberi kuri kuonekawo kicheni iyokurongedzera zvinhu nefiriji yokuisa zvinhu kuti zvitonhorere
ID_PMAOSQ,ichi chivakwa chine vhuranda chivakwa ichi chinogona kuva chiri chitoro tinoona chiine simbi dzekuvhara kudzivirira vakunga vachipinda zvisiri pamutemo pavhurande racho tinoona paine maruva ekushongedza nzvimbo iyi mudenga tinoona makasungirirwawo tunhu twekushongedza tutsvuku netuchena
ID_PMRSSB,kamba iyo inoratidza kuti iri mumvura inoita makwati kunze kwayo pamusoro payo panewo datya riripo rinoita zvekutomhuka kana richifamba rine ruvara rwegirini nemamwe mavara
ID_PNORCR,na bilili oyo toalikomona eza moto alikomona eza na ba moteure ebele pe ya kitoko moto oyo eza na balangi ya bozinga
ID_PPVGVT,na esika tokomi awa nazomona ndeko mobali moko atelemi awa alati ba bilamba ya maputa epuis ndeko yango namoni aotala na maboko na ye fon telepone na ye mpona a benga motu
ID_PQWUBQ,mumunda mune mavhu akachegwa chegwa nemapundo mamwe akaoma nemamwewo manyoro nechekumhiri kune tumwe tupundo kwava kuda kufuridzirwa nemavhu akachegwa chegwa awo
ID_PQWWAS,gwenzi kana kuti ruva rinoratidza kuti riri pane mvura yakawanda rina mashizha akasvibirira ane mizera yakasiyana mamwe mashizha akareba poitawo mamwe mapfupi
ID_PRBMHZ,awa toza komona baza koteka ba coi ebele batiango na likolo batiango likolo ya banzete baza koteka yango baza ko expose yango
ID_PRSUDQ,vatambi vomutambo wecricket vari muharare sports club umo mune nhandare yavo iyo ina masora akasvibirira pane vakapfeka zveyero poitawo vane zvegirinhi vari pakati pokutamba mutambo wavo
ID_PSPVUJ,bhutsu yechikadzi imwe chete yakagadzikwa pasi ine ruvara rweorenji mukati ine ruvara rwakachena ine mabhande arikuonekwa anoshandiswa kuzosunga gumbo pasi apa pane ruvara rutema neruvara rwakachena rwune madododo matema
ID_PUGWCR,iyage po baya na lange ya mbwe eza na bapoto ya lange ya motani na lange ya pembe eza na poto mosusu eza na lange ya lilala esika mingi eza na milongo ya kotengama ya lange ya lange ya motani na lange ya pembe
ID_PUOAUM,midziyo yekuchengetedza hanzu zvakanaka zvinoita kuti dzisaunyane asi dzigogara dzakarembera dzakakochekerwa kumuti
ID_PUPCBF,mahuswa emushenjere nemamwewo maruva akamira akakombwa nematombo aneruvara rwebhuruu nezvichena akanakawo uye ndeemhando dzakasiyana mamwe ane tushizha tutete mamwe ane mashizha akakura uyewo mamwe anokura achienda nepasi mamwe anokura achienda mudenga
ID_PUXKZB,vasikana vanotamba bhora vakamira vakaisa maoko kumashure vakatarisa mberi vakapfeka shangu masokisi uye mabhurukwa oruvara rutsvuku nehembe dzeruvara rwegirinhi
ID_PVJVYB,musoro wemunhukadzi wakarukwa vhudzi rinorembera richidzaka nomusana rakaonyana zvinonakidza kuona uye riri muruvara rutsvuku
ID_PVXWGL,mharadzano dzemigwagwa miviri yakapamhamha ine tara muri kufamba motokari dzine mandudzi akasiyana nevanhu vari kufamba mujinga vamwe vari kuratidza kuti vari kuda kubira mugwagwa vamwe vakagara vachiratidza kuti vari kutengesa nechekumberi kwacho kuri kubuda midhuri yakanaka zvinoratidza kuti nzvimbo iyi iri mukati medhorobha
ID_PWNRMS,vanhu varikufamba vachienda kunzvimbo dzakasiyana vari pazvitoro mudhorobha vanosanganisira varume nevakadzi vamwe vari mumakombi apo vachienda kune imwe nzvimbo
ID_PXMPIS,awa tozali komona pantouffle mibale batie na se tomoni ezali ya kitoko ezali ya bana mibali tomoni ezali na langi misatu tomoni eza na langi ya moyindo to moni eza na langi ya mayi ya pondu tomoni eza langi ya pembe kasi ezali sapatu ya kitoko soki osombi yango oko regrette te
ID_PYLEZL,ihara ifoko imbezo ibadza tinoshandisa kurima midziyo iyi midziyo inoshandiswa pamba
ID_PYSGDM,sapato ya moke ya bana mibali
ID_PZNPDS,dutu ramaruva akasunganidzwa pamwe chete aneruvara ruchena kunze rouya richinoita ruvara rwakanoita yero pakati mamwe haasati abudikira atumbuka aneruvara rwegirini
ID_QAFTFH,katikati ya butikue ya cosmétique nazomona batekaka babiloko ya mafuta kopakala na nzoto nazomona pe basabon likide ya ba pomade ya bana moke faselene babengaka yango familia
ID_QBLCHX,elubu ya makayabu na ndunda na dongo dongo sani ya mbele ya langi ya pembe cuillere supu suka
ID_QDWOCD,motuka oyo esalaka taxi ya langi ya pondu likolo eza na langi ya pembe likolo logo na yango ya taxi eza na langi ya mosaka na bakoma na langi ya mwindo mwinda na yango eza langi ya motane
ID_QELUFU,mhete yemuhuro yakasimudzwa iri muruoko rwemunhu kuti anyatsoiongorora kuti yakamira sei mhete iyi ine ruvara rwesirivheri uye yakareba
ID_QFAWQN,misoro yezvidhori miviri yose yakasungwa madhugu ane mavara mavara miromo yazvo yakapendewa zvitsvuku
ID_QJKNRG,boye kasi nde nazomona ezali liboso na nga eza ndako neti na nsima ya ndako boye nazomona eza na langi moko ya chokola boyev na sima ndako yango nazomona eza na langi moko ondire ya pembe mepembe makasi te
ID_QKDYKB,masuwa mibale ya moke pena ya monene na langi ya pembe pe na langi ya bozinga bendele likolo na langi ya pondu langi ya mosaka pe na langi ya motani na nzete likolo nango na kati ya ebali
ID_QMZGIX,hofisi ine feni ichena mahwindo egirazi ane ruvara rutema mudhuri webhurauni une mutsara webhuru
ID_QNVSXY,liboso na nga awa namoni mutuka eza pembeni ya lopango pe eza na balabala ya mabele nde ba lakisi biso awa
ID_QNYPTX,bandeko awa na miso nangai nazomona lbana basi mibale ya kitoko bakangi suki nabango ya kitoko puis mwasi yango alati chemise ya jaune na minoko naye amipaki
ID_QOYCEF,elili ezolakisa biso matiti ya kotia bilengi na bilei ezali matiti eza na kati ya katini esalemi na nzete bokoko matiti yango na monoko yalopoto babengaka yango fe de lorier eza matiti batiaka na biloko ya kolia po epesa bilengi epesa pe solo eso eengiya esolo elengi
ID_QPGYFR,motokari inoshandiswa pamakwikwi okumhanyirana ine manyerekete machena nematema pane mavhiri akaunganidzwa kuitira kudzivirira kukuvara kwevanotekenya motokari idzi kune huma huri kuonekwa kubva mumotokari idzi
ID_QQBRNC,shiri yemhando yeshiri dzinowanikwa pedo nepakawanda mvura ina makumbo marefu nehuro yakareba irikufamba ichiita seirikuda kubhururuka kana seichangomhara yakasimudza mapapiro ayo ine ruvara rwebhurauni ruchena norutema
ID_QQNNCC,awa tozali komona ezali camion moko oyo ezali ya monene tomoni ezali camion te ezali bus oyo ya monene nde tomoni etelemi pembeni ya balabala tomoni ezali na langi oyo ezali na langi ya moindo tomoni na oyo ya motane ezali na kati tomoni etelemi na balabala yango tozali komona awa tomoni ngambo kuna bandako oyo ya etage ezali na na langi ya pembe nde tozali komona awa kasi na balabala bamutuka eza koleka te
ID_QQXOPN,nhandare irikuyevedza kutarisa nemhaka yokuti ine huswa hwegirini hwakanyatsochekererwa panewo chivako chiri kumashure nhandare iyi inogona kutambirwa mutambo wekiriketi
ID_QRTYMF,mafaira akawanda anoti mafurati firisi maakirivher fairisi nemamwewo mafaira aya mamwe ari mumapurasitiki akaiswa pamusoro akarongedzwa pasherefu repamusoro mamwe ari pazasi anonzi ma akirivher pashirefu repakati pane mapepa anoiswa anozoita kuti kana uchinge waisa zvinhu mukati ochinyora kuti uzokwanisa kutsvaka zvinhu zvauri kuda ane ruvara rwakasiyana siyana anoti bhuruu girini neyero nepingi nemamwewo matsvuku
ID_QRXFFJ,na elili oyo nazomona esika bazolakisa biso dalapo elembo ya dalapo esika nazo mona eza na molongo ya mwindo eza na langi ya mwindo langi ya motane na langi ya mobeso ezali na elembo
ID_QSHFNI,nzvimbo ine zvivakwa zvakawanda zvimwe zvine zvitinha zvitema poitawo zvimwe zvivakwa zvakaiswa ruvara ruchena pane vanhu vakawanda vakabereka mabhegi vari kuenda nokubva panzvimbo iyi inoratidzika sechikoro
ID_QSKAEW,zvivakwa zvakawanda zvinoratidza kuti panoitwa zvinhu zvakawanda zvimwe zvineruvara ruchena imwe yacho kambani iripo inonzi imara invisting inafrica zvakanyorwa nerudzi ruchena pane ruvara rwebhuruu zvinongoreva kuti pane zhivakwa panzvimbo iyi zvakawanda asi imwe kambani iripo ndeye imara
ID_QTCLHN,masora akawanda ari pasi ane mashizha ane mizera yakasiyana egirini parutivi pane matombo
ID_QTXJXV,girazi rakabatwa neruoko rwemunhu rine zvitairataira girazi iri rinoshandiswa kunwa mvura kana zvimwiwa zvimwe zvakasiyana siyana
ID_QVBLES,majirafu tuu marefu refu
ID_QVBRUU,elili oyo eza liboso na nga na moni eza bendela bendela oyo eza bendela ya pei moko boye eza na langi misato langi ya moindo langi ya mosaka langi pe ya motana
ID_QWDAYZ,chanza chemunhu chirikubudikira chakabata mashizha emuti mashizha emuti aya mamwe ane girini yakanosvibira mamwe ane girini yakanochenerukira mukati mechikwenzi umu mune kopisi itsvuku yakaturikana
ID_QWUCDJ,vana vakomana vechidiki vakagara zvavo vana ava vanoratidza kuti izera rimwe chete uye vakapfeka nhumbi dzechinyakare izvi zvinoonekwa nezvavakapfeka muhuro mavo vana ava vana mai vavo padivi pavo
ID_QYCETT,na esika tokomi awa bandeko na omona eza bapapa ebele na ba mama ebele bafandi na sale moko ya monene baza pe na babuku na bango liboso baosala mwa eloko babengana monoko ya lopoto mwi reignion
ID_QYNCYO,munhurume akarukwa musoro nemiswe yemadhogi uye wakareba kwazvo une ruvara rutema uye akaisa mabhidzi mumarutivi
ID_QYYXVJ,motuka ya monene efandami liboso ya ndako motuka oyo ekoki komema biloko ya ndenge na ndenge ezali motuka ya monene oyo tokoki kobenga bipie to pe sipie ememaka biloko ya makasi monene makasi
ID_QZWLVA,eawa namoni mwa tinebe moko eza na ba matiti ebele na mosika nazomona bato ebele eza neti eza na zando na bamituka oyo etelemi pembeni
ID_RBHTCP,bendela oyo eza liboso na nga eza bendela moko ya kitoko bendela oyo eza na balangi ebele ya motane ya bozinga ya pembe pe na oyo ya mosaka
ID_RBMMXG,musoro une bvudzi rakasvibira rakarukwa nebvudzi mitsara yakawanda uye mutsara wakamona monwa nebvudzi rekutengwa rine ruvara rutsvuku
ID_RBRMRJ,ezali eloko nazali komona ezali livre ya kotanga ezaekokieza istoire ya parao
ID_REPXZM,kana bulaalumutuiiiiiinabuomufatanna baluiuiiii
ID_RFARPF,awa bazalaki bazali kolakisa biso carton ekoki kozala carton ya ju ya manga mpona ekomami manga nectare
ID_RGNNZN,mayi ya liziba eza pembeni ya libanga fololo pe eza wana pembeni fololo yango eza na lange ya mayi ya pondu
ID_RGUARG,imba yakavakwa zvakanaka ikapendewa neruvara rwekirimu pa vhurandi pakaiswa zvidhinha zvitsvuku imba iyi yakapoteredzwa ne jurahoro rine ruvara rwekirimu pane gedhe pamba apa uye pane muti wekuti vanhu vanogara kana vari panze vachitandara zvavo
ID_RHQGBX,boye nazomona eza bato baza ba sportif bafandi na terrain bazosala ba entrainement na bango bazosakana ezali batata bafandi na mwasi pe moko aza pembeni na mafandi
ID_RHZQWU,awa tozali komona ezali bendele bendele yango tomoni eza na balangi oyo ya bolulu ya pebe ya motane tomoni ezali na minzoto oyo babengi ba etoile ezali na langi ya mosaka soki ezali ya mboka nini toyebi te
ID_RHZZCB,awa nazomona kamwa carton ya moke ya kisi eza karton moko ya moke bakisi eza na kati kisi nango nkombona yango artefane na pembeni wana nazomona tomwa mabanga moko boye ya pembe
ID_RIWQZN,chidhindo chinoshandiswa navanhu kunyanya mumahofisi chinoratidzawo mvumo yekuita zvinhu pangava pabepa kana kuti pai pachingada kuiswa chinonyanya kushandiswa nevakuru venzvimbo
ID_RLYSVG,shangu tema idzo dzakasonwa pamusoro padzo hadzishandiswi tambo kana munhu achinge ava kupfeka dzakaiswa pasi
ID_RMLTDJ,mushina unoshanda nemagetsi uripasi paneruvara rwebhurauni mushina uyu unoshandiswa muzvikoro muzvidzidzo kana mumahofisi pakunyora tsamba kana mamwe magwarowo uneruvara rwesirivha uyezve panemucherechedzo wehapuro pamusoro pemushina uyu
ID_RMYARZ,shangu dzakagadzikwa pasi imwe ndeye kuruboshwe imwe ndeye yekurudyi shangu idzi dzina mavara machena namavara egireyi nechemurutivi dzinoratidza kuti dzine ruvara rwutema
ID_RNMXPP,mureza wenyika yemaldivisi une ruvara rutsvuku negirinhi neruchena pakati une mufananidzo wemwedzi
ID_RPKIIV,muriwo urimugadheni wakarimwa unoratidza kuti muriwo werugare uyezve muriwo uyu unoratidza kuti wanga wareba asi hauna mvura yakakwana zvekare hauna chikafu chakakwana uneruvara rwegirinhi aikuratidza kusvava
ID_RQNSVH,munhukadzi wakarukwa musoro wakasonererwa bvudzi risiri rake pamusoro rakanaka kuhuma rakakura kugotsi ipfupi kudivi rokurudyi mberi rakandonamirwa paganda rake rakamonyana monyana wakapfeka magirazi achisekerera
ID_RRJHAQ,murume uyu arikuchengetedza chivanhu muruoko rwake akabata mukondo akapfeka matehwe nechepadumbu pake ane nyanga yaakasungira nedhende dzvuku mumaoko ake mune matehwe
ID_RSLMJI,maruva akadzvarwa kuti nzvimbo itaridzike zvakanaka akaitwa matatu matatu zvine unyanzvi mamwe ari mudendenedzwa ari egirini pakati pakaiswa anenge zvimuti akatumbuka maruva matsvuku
ID_RVJKZK,vanhu vakati wandei vari kufamba parutivi rwomugwagwa zvimwe vari kuenda uko vachawana zvokufambisa kuti vagodzokera zvakare kudzimba dzavo sezvo vapedza zvavanga vawira muguta
ID_RYIGAJ,zvinowedzeredza runako zvinopfekwa mumaoko zvakapfekwa zviine mavara mavara akawanda zvakapfekwa nemunhu tema muruoko rwake
ID_SACORM,e awa namoni toza na kati ya terrain namoni eza na bana mibali na bana basi oyo batelemi pembeni ya terrain na nsima na bango pe namoni eza na mwa lopango moko oyo eza na mwa ndako moko ya monene ya pembe na bamatiti oyo eza liboso ya lopango
ID_SAHAQF,mushina wamagetsi wakakwadaburwa kuita zvipisi zvipisi uye tambo dzinobatanidza moto dzangoti nyechi kose kose
ID_SAJIZD,namoni foto oyo bolakisi biso eza mobali atelemi aza na balle na kati ya maboko naye batu mosusu bavandi na sima naye
ID_SBFDCO,midziyo inoshandiswa kuita mabasa amaoko pamusha midziyo iyi inosanganisira chigero foko nefoshoro foshoro nechokumusoro kwayo ine ruvara rutema nechekuzasi ine ruvara rwakachenurukira koita zvakare chigero chine ruvara rutema nechekumusoro kuzasi chine ruvara rwakachenurukira zvakare
ID_SEHLEP,mafuta oyo mafuta ya kitoko ya kopakola babengi yango cokoa piter formila ezali mpona kopakola na nzoto ebombeli na yango ezali na langi ya pembe na ezali na langi ya shokola ezali pe na langi ya bozinga ezali pe na langi ya motane moto asimbi yango na maboko
ID_SEJVSP,musha wakakomberedzwa newaya mukati memusha umu mune sora ririkubudira rinoratidza kuti rakatsvukuruka kana kuti tingati harina utano zvichibva zvaita kuti tifungidzire kuti rava nenguva risina kumbowana mwando pane dutu rezvigubhu zvakaunganidzwa kuratidza kuti zvinorashirwa ipapo nechekunze kwacho kurikubuda marara akangorashwa rashwa anoratidza kuti mapepa
ID_SEZFBH,bana kelasi batelemi awa na balakisi bamemi babuku na maboko
ID_SFDNNH,fhoto elakisi place oyo ba tekisaka bikeko namoni oyo eza biloko basi balataka pe na biloko batiaka na ba rideo na ba hotel
ID_SFFHJS,awa nazomona na miso na nga photo ya bana bana mibale batelemi awa liboso na ngai eza bana mibale ya mibali batelemi liboso na nga awa bana mibale ya mibali
ID_SGJXRJ,chibhetibheti chine ruvara ruchena chinoonekwa zvakare ruvara rutsvuku zvinoratidza kuti hachina mambava akanatsowanda chinogona chiri chimwana chechibhetibheti nechekumberi chine nzeve dzakamira chobva chaita maziso matsvuku
ID_SIAOXE,mudhorobha mune midhuri yakavakwa ichienda mudenga munewo vanhu vakawanda varikufambamo mune motokari dzirikufamba mumugwagwa une tara imwe motokari dzegireyi imwewo ichena yakashama zvakare pane vanhu vanotengesa varikutengesa zvinwiwa
ID_SIVQTY,awa namoni balakisi biso mwa buku namoni eza buku oyo eza na lisitwale ya mwana mobali moko oyo asimbi appare ya foto na maboko na mwasi moko afandi pembeni na ye
ID_SJPJUN,elili oyo nazomona liboso na ngai eza liboka liboka oyo esalisaka bato kotuta na kati pondu pilipili nguba na biloko mosusu
ID_SKVOBK,na bilili oyo nali komona balakisinga eza frigo pe eza moko na kati ya ndako ali komona biloko na kati bamilangi pe na bamwa sani
ID_SLTFUI,foto oyo elakisi biso mwa mutuka na kati ya mutuka wana moni bamwa soda alati kitoko baza na bamanduki na boko moni mosusu atelemi aza na manduki moko ya monene azotala na liboso na ye emonani bato oyo bakei na kati ya bitumba
ID_SLVCBA,bhutsu dzinopfekwa nemadzimai dzakagadzikwa pasi bhutsu dzacho dzakagadzirwa zviri nyore uye dzine akaita mabhandi uye dzine ruvara rwebhuruu bhutsu dzacho ndedzevaya vanofarira zvemucheno
ID_SLVYIM,balabala ya molai na kati ya zamba ba nzete eza ebele kasi namoni mutuka na kati ya balabala oyo te nde balakisi biso na foto oyo
ID_SMSMAM,mudhorobheni mune zvivakwa nemigwagwa motokari dzimwe dzakamira pamativi emugwagwa vanhu vari kufamba vachiendawo kunzvimbo dzakasiyana siyana
ID_SMUHMR,na bilili oyo nali komona balakisinga awa eza bakopo ebele na kati ya bakopo oyo namoni biloko ya balangi ya moindo pe batiango likolo ya nsima ya macaro ya pembe
ID_SMXLEB,kasi boye koyeba te soki eza neti nini boye ezali moto batie na kati ya ebale ya moke neti riviere kasi ba tie na kati ye boye eza kosala ye bateme eza na ba tata mibale ba simbi ye na maboko mibale
ID_SNVZKP,matehwe mana embada aine mavara machena tema uye ebhurauni akawaridzwa pane girini pasi
ID_SOGDSX,mumba yekurarira mune mubhedha wakakura chaizvo mubhedha uyu wakawaridzwa jira rine mitsetse uyezve mapiro ane mitsetse pedyo nemubhedha uyu pane chioniso chiri parutivi
ID_SOQAUT,na elili oyo tozali komona biloko ebele te eloko tomoni kaka eza nakati ya ndako nase tozomona ndako yango eza ya monene mingi naba carreaux ya minene nase
ID_SPPKTX,pamberi pezvitoro zvakapfurirwa nemarata pane vanhu vakawanda vamwe vari kufamba vachitevedza mugwagwa vamwe vari kudimbura mugwagwa pane murume akapfeka shati yebhuruu netirauzi dema mukadzi akapfeka shati chena netirauzi dzvuku mai vakapfeka siketi chena nebhurauzi reyero
ID_SQJWFH,bana mike ya basi batelemi bazosimba na loketo na bango moko a kangi suki akatie biloko ya pembe na kati mosusu pe a kangi suki atie biloko ya pembe na kati moko alati elamba ya langi ya bozinga mosusu pe alati bilamba ya langi ya pembe
ID_SQYKGE,mureza une makara maviri rumwe ruvara rutsvuku ndoorine nzvimbo yakakura ruvara rwebhuruu rwuri nechekumusoro nechepakona
ID_SRCDPP,wanasikana vechidiki vanotamba bhora remaoko rinoti rimwe boka rine riri kurudyi rimwe riri kurutivi rweruboshwe
ID_SRQHVW,na bilili oyo tozali komona liboso na biso awa ezali bongo na balabala tozalmona ba ndeko bazali ko kende tomoni ba ndeko ya basi mibale bazali ko kende na batu mosusu pe liboso na bango ebele
ID_SSRXVC,tambo yemagetsi ineruvara rutema uye tambo iyi iri hobvu inoratidza kuti rimwe divi inonotora moto pamagetsi kune dzinesimbi mbiri dzakaita dzineruvara rwesirivha rimwe divi inoratidza kuti inonoisa moto kumushina
ID_SSVFHN,uyu mufananidzo unoratidza mureza uneruvara rutsvuku kumusoro neruvara rutema pakati pakati paneruvara muchena pobva paita nyeredzi mbiri ineruvara rwegirini
ID_SSZFJO,awa namoni beza esika batekiselaka bakiti liboso nangai nazomona kiti moko ya kitoko mingi eza na balangi misato langi ya liboso ezali pembe langi ya mibale ezali ya mwindo ya misat ezali ya mosaka
ID_STHTYS,batambib'ebboolabalemunandaalebakitambabboola
ID_STNWGU,miti iri mugomo yakawanda iri mugomo mune matutombo miti iyi ine ruvara rwegirinhi imwe yacho yakaita zvekusvibira pane mimwe miti iri nechepazasi mukati medzimba dzine ruvara rweyero nematenga ebhurawuni miti iyi ine mashizha akasangana egirinhi ane kahuyero
ID_SUQHVC,mbudzi nhanhatu dzine ruvara ruchena nemisoro yakandotsvukuruka mbiri dziri kufamba mumugwagwa pasi dzimwe ina dziri padhuze nemudhuri wemba
ID_SVEIZO,shiri ina makumbo marefu iri tema nemutsipa wakareba nemuromo wakareba yakatakura vana vayo kumusana vane ruvara rwebhurawuni shiri iyi iri pane masora ane ruvara rwegirini
ID_SWNBNQ,miti yamarudzi akasiyana ine mashizha egirini pamberi pane ruzhowa rwefenzi uye pane mapango akamisikidzwa uye akatenderera
ID_SWVGWH,zvinoswandiswa kukomha zvipikiri masimbi nemapuranga
ID_SXHEXC,na foto oyo nali komona za logo ya equipe wana balobaka yango ateletico madrid nde nali komona balakisi nga awa
ID_SXNTQP,muriwo uri mundiro muriwo uyu wakabikwa zvakanaka zvinomwisa mvura une ruvara rwegirini uye yakaiswa hudopi dopi hune ruvara rutsvuku uye yero
ID_SYDXFF,takishopu inezvinhu zvakawanda zvirikutengeswa zvimwiwa zvakare pane mukomana akapfeka chisikipa chitsvuku aripo panewo mudzimai ari kudarika akarukwa bhureidhi akabata bhegi dzvuku nechipepa chichena
ID_SYGVYQ,bazokotonga ndako ya etae
ID_SYIVJF,munhurume ari kufamba akapfeka bhachi dema rine hembe yakacheneruka mukati akapfekawo mudhebhe une ruvara rwedota uyewo akabata bhegi rine ruvara rwedota muruoko rwake rworudyi
ID_SZCLMK,huku dzakawanda dziri muchirugu ndedzemhando dzechibhoyi dziya dzinochengeterwa mumisha dzinamavara akada kuenderana ebhurawuni zvitema nezvichena
ID_SZMOVM,vakomana vaviri vari pakati pekurwa pamutambo wetsiva vakomana ava vakapfeka zvakasiyana mumwe akapfeka zvichena mumwe akapfeka zvebhuruu
ID_TAAQQG,zingizi rine musoro mutema nemuviri mutema une mitaro yeruvara rwegoridhe nemapapiro ane ruvara rwepfumbu rakamira pamusoro pechirimwa chine ruvara rwegoridhe rinoratidza kuti ririkudya mukati meruva nechekumashure kunoratidza kuti maruva aya eruvara rwegoridhe akawanda achienda
ID_TAJLWS,chigayo chakakura chigayo ichi chineruvara rwesiriveri nechepakati pacho chineunyeruvara rwebhuru muzasi munoratidza kuti makashama
ID_TAVWGO,motikari chena ine chikwangwani cheyero chakanyorwa nezvitema yakamira parubwe parubwe pane mapundo egirinhi ane zvitsvuku
ID_TBHFHI,mwasi moko alati kitoko baliputa kitoko liputa yango eza na langi ya bosaka pe na langi ya bozinga mwasi yango akangi suki naye bien alati matalatala azosala aza liboso ya masini na ye na mikanda na ye na maboko
ID_TCAKFV,h na moni liboso na nga awa eza ba kiti ya kekele eza soki mine don eza na couleur ya bleu na joune leu na oyo yango ya monene yango pe eza kaka na couleur wana
ID_TDFPVB,mureza wenyika yegatamala unamavara ebhuruu wekutanga nekumucheto pakati paneruvara ruchena panewo mucherechedzo weshiri nebepa uyewo nezvakaita zvirimwa
ID_TDKZJK,crayon ya malangi pake ya liboso eza na langi ya bozinga mosusu eza na langi ya chokola crayon mosusu eza na langi ya pondu mosusu eza na langi ya bozinga ya mapata mosusu eza na langi ya pondu mosusu eza na langi ya rose mosusu eza na langi ya longondo mosusu na langi ya mosaka mosusu na langi ya lilala
ID_TGHGEF,elili oyo ezali kolakisa bato bazali kotanga pe bazali ebele bazali mpenza ebele basangani basi na mibali bazali kotanga
ID_TGHZFK,muchero wemhando yezvinanazi zvakatanhiwa zvimwe nezvidhongothi zvacho zvinoruvara rweorenji kumusoro zasi zvinoruvara ruchakaita girinhi kutaridza kuti zvazvisati zvanyatsotsvuka nemazvo
ID_THPHQM,mudhorobha mune zvivakwa zvakawanda chimwe chakavakwa nezvidhina zvisina kupendwa dhoo regirazi rine ruvara rwegireyi vanhu vari kufamba mumwe munhurume akapfeka tirauzi rakasvibira hembe chena nenguwani motikari dzakamira mudhudhudhu mumwe chete
ID_TIXIKT,nnkoba ya mwana azali bongo na lange ya mosaka
ID_TJRFZC,vatami varikuserebhureta vakapfeka nhumbi dzeyuganda
ID_TJWMHI,derere rechipudzi rakabatwa mumaoko rimwe riri pasi muchibhasikiti derere rine mhumhu mupfupi uye rakakora derere rinonaka kwazvo kudyisa nesadza
ID_TKXQLV,na elili oyo tozali komona bandeko mibali liboso na bango ndenge alati akozala eza albitre pe sima eza bato babetaka ndembo ya makolo
ID_TLYNLJ,shiri yakamira pachitsiga chemuti ine ruvara ruchena neruvara rwebhurauni neruvara rutema zvakasangana ine muchochororo murefu yakamira iri pachitsiga chine ruvara ruchena neruvara rwebhurauni zvakada kuti isanganei
ID_TMTBFW,bandeko esika na komi awa nazomona naomona mboka moko monene mboka moko etondi bandako ebele epi na liboso na nga pe naomona eloko oyo babengaka panqarte publicitaire kwa panquarte moko boye ya monene mpenza eya likolo na misu na ngai
ID_TNMKEB,awa esika nazali komona eza esika moko ya kitoko esika ya kotambola esika kotema nazali komona ba nzete mai eza esika moko ya monene
ID_TOSHMK,na bilili oyo ali komona molangi moko batiango likolo ya mesa ya kitoko namoni pe bakiti bakiti wana eza na balangi ya longondo nde namoni balakisi nga awa
ID_TPVSMA,tafura yakagadzikwa zvinhu zvinoshandiswa mumahofisi muzvikoro kana mune dzimwewo nzvimbo dzakasiyana siyana zvakaita samapenzura ayo anoshandiswa kunyora kana kudhirowa zvigero zvinoshandiswa kucheka namabhuku anoshandiswao kunyorerwa
ID_TRPWAZ,zvirugu zvinoratidza kuti ndezvehuku izvo zvakavakwa namasimbi newaya pakaiswa zvikamu zviviri pasi nekumusoro munewo midziyo inoshandiswa pakuisira mvura uye chikafu chehuku
ID_TSWXQX,foto eza liboso na nga awa namoni mwa logo moko ya kitoko logo oyo bakomi mede liv eza kitoko mpenza
ID_TTMKHL,eloko nazomona awa eza obele biloko baliaka kombona yango ezalaka to eza na biloko babengaka aubergine eza mbuma moko baliaka eza mobesu kaka eza desi moko ya kitoko eza dessin moko ya kitoko bati yango na salad eza bilok moko ya kitoko penza mpona kolie
ID_TUTDTG,na bilili oyo nali komona balakisinga eza bamibali bazosala basport oyo babengaka yango bakarate te nali komona bamosusu batelemi pembe na bandako kuna bali kotala bango
ID_TVCMKS,awa esika na komi awa nazomona mobele naza na balabala me na pembeni ya balabala yango kuna nazomona ndako moko ya kitoko mpenza eza ndako moko eza ya langi ya grie epuis na kati eza langi ya pembe eza ndaku moko ya etage ya kitoko vreme eza pembeni kuna epuis na pembeni ya etage wana naomona koza bamwa jardin bamwa matiti matiti eza na se na cote ya parking nango
ID_TWOJWP,vanhu varikufamba pamugwagwa unowanikwa mudhorobha reharare panemunhukadzi akaisa pendi tsvuku mumusoro make akapfeka hembe yeyero akaisa chivharadzihwe arikufamba arikupesana neumwe akapfeka hembe ineruvara ruchena kumusoro neimwe yepingi kuzasi pane miti irikuonekawo uye nzvimbo iyi inoratidza kuti inoitwa zvinhu zvakawanda nekuti pane vanhu vakawanda varipo pane umwe akagara padhuze nemadziro akaisa zvinhu zvaka pasi zvekutengesa
ID_TYRTLE,mbhawudhi akaiswa pauriri huchena matatu maviri acho ane zvinenge zvimutsetse zvakaatenderedza kouya chimwe chisina chakagara chega chiri kurudyi chinoshanda kusungisa mabhawudhi ari kurutivi rwekuruboshwe
ID_TYVXWN,miti midiki yakati rebei ine matanda matete nemashizha mazhinji eruvara rwebumhudza yakasvibira imba iri kuonekwa neche chinhambwe kubva pane muti
ID_UBPBMQ,bana baza na kelasi ya maternel bazo tanga ba buku ya ba dessin animé bana ba misatu bazo tanga buku bavandi na ba kiti ya langi ya bleu bazo tanga ba buku na bango
ID_UCVSCL,na balabala ba mutuke ezoleka kuna pembeni eza zando bato baoteka na bato mosusu bazoya kosomba mama moko azokatisa balabala mobali moko avandi likolwa pusupuse na ye
ID_UCVURN,bilili oyo nazali komona na liboso na ngai awa namoni ezali bongo na balabala na balabala mutuka ya ndeko songolo ekufaki tomoni ndeko moko azali na se ya mutuka asi alongoli pneu azali ko bongisa yango
ID_UEICYL,nazomona na elili oyo bazolakisa biso esika babokolaka soso nazomona ezali lokola esika ya bobokoli soso
ID_UEKELA,bato basangani na mesa bamibale kaka bazokoma likolo ya mesa na bango wana eza bamai na basukre
ID_UFHMFI,mudhuri wakapendewa urikuratidza ruvara rwebhuruu panemifananidzo yevanhu vakagerewa misoro nezvigero nemapanga nemaoko nechemukati pane muti wemubhanana uneruvara mashizha aneruvara rwebhuruu rwegirini
ID_UFMNXZ,elakisi biso mwa eleko oyo babengango na monoko ya lopoto lecter lecter oyo eza mwa eloko otiaka na televizio pe elakisi ba mwa bafoto oyo olingi omona pe elakisi ba mwa bilili mosusu ya kitoko mpenza
ID_UFPBVD,mutambi wemutambo webhasiketi bhoro mumwechete ari munhandare pedyo nenzvimbo yekumwisa akamira negumbo rimwe achiratidza kuwuruka kuti amwise bhora akapfeka chipika cheruvara rwebumhudza nechimwe cheruvara rutsvuku mukati uye mudhebhe mutema neshaunhema kune vamwe vanhu vari kunze kwenhandare vari kuona achitamba
ID_UGAAJY,e liboso na nga awa namoni balakisi nga mwa bwate pe na kati ya bwate oyo eza na bakisi na kati likolo ya bwato bakomi talodol pa nde yango oyo eza kisi nde eza na kati
ID_UGYTQG,na bilili oyo nali komona balakisi biso awa eza bambuma kolia banana bapapaya pe na biloko misusu oyo ezalaka na vitamine mpona nzoto ya motu
ID_UGYUGB,liboso na ngai nazomona basi mine bazoseka pe bazosepela na maboko na bango baza na ndembo
ID_UHJNPI,chigubhu chinechimwiwa checoca cola chine ruvara rwakasvibira chigubhu ichi chakavharwa nechivharo cine ruvara ruchena uye padumbu pechigubhu pane pepa rine ruvara rutsvuku rnonyorwa nemavara machena
ID_UHKXAN,na elili oyo nazomona bazolakisa biso kisi ya komela eza na efungeli esika bakomi filometa plas eza kisi ya komela mpona kobikisa kokoso ya malaria
ID_UJQPMH,patapata regreen pinemabhande aneruvara rwegoridhe kagadzikwa pamusoro pejira jena iro rinopfekwa nemunhukadzi kana munhurume kana kuchinge kuchipisa kana kushandisa pakugezesa
ID_UKEIZM,ndako ya kitoko makasi eza na lopango na yango na likolo ya lopango batie bamabende moko ya pembe ndako yango pe eza na langi ya lilala na balabala na moni eza na mwana moke moko ya mobali oyo azoleka pembeni ya lopango yango
ID_UKNAIE,liboso na nga awa na moni toza na kati ya ndako pe tomoni bati bakiti ya kitoko badivan na kamwa mesa na kati ya ndako nde yango baolakisa biso
ID_ULNXEP,nyeredzi iri pamureza uyu ine ruvara ruchena kozotiwo kumusoro kwemureza kune ruvara rwegoridhe pakati nepakati pemureza pane ruvara rwemashizha kozotiwo kwekupedzisira pazasi pane ruvara rutsvuku
ID_UOPBUE,zvivakwa zvakakura zvakawanda zviri panzvimbo iyi zvakavakwa nezvitina zvineruvara rwebhurauni zvikapendwa neruvara ruchena pakati pezvivakwa izvi pane miti mihombe inemashizha aneruvara rwegirini
ID_UQGGPU,awa na moni eza na kati ya ndako liboso na ngai nazo mona ba escalier ya molai ezo mata ezo kende esika songolo
ID_URHPQJ,na elili oyo nazomona esika bazolakisa biso bana kelasi ya mbula mikie na kati ya ndako ya kelasi bavandi nazomona elili ya mwana kelasi ya mobali alati litala ya masu azotala liboso
ID_UROXOJ,tozali komona eza eloko oyo ya ba electronix tozo mona baza kolakisa biso ba baffle ba baffle ezali oyo soki oza kobeta miziki to ozali koloba na micro omona elekaka awa ebandi koloba makasi makasi po bato bayoka
ID_URTBTP,vanhu vakawanda varikuratidza kuti panzvimbo apa panechiitiko changa chiripo vakapfeka hembe asi pane madzimai akapfeka hembe dzebhuruu nezvekumusoro zvichena nesiketi yebhuruu uyezve nedhuku rakaita rebhuruu anoratidza kuti madzimai echechi uyezve zvinoratidza kuti hembe dzavo dzinopfekwa kana paine ungano
ID_URXXAU,munhukadzi akapfeka mbatya dzake dzakanaka akamira akabata rimwe ruoko kurutivi rimwe rakarembedzwa
ID_USSSXY,shangu mbiri dzemunhukadzi dzakaiswa mavara pamusoro uye dzine tambo yekubata gumbo dzakavhurika dzinoratidza kuti dzinopinza mhepo munguva yekupisa
ID_USZRFW,munhurume akabereka bhegi neruoko rumwechete unoratidza kuti wakatsikitsira ane zvaarikuona pamaoko ake wakapfeka hembe dzinopfekwa nevarume vechizvino zvino mumusoro make mune bhareta mumakumbo make mune mudhebhe kumusoro kwake kune nhumbi
ID_UTHIVY,vatambi vari munhandare vanomwe vatambi vari nechepamberi vakaita zvekuchonjomara varikumashure vakaita zvekumira uye vamwe vacho vakabatana kumafudzi mutambi aripakati akapfeka zvakasiyana nevamwe
ID_UTOAQG,biloko ya kolia ebele likolo ya mesa ezali bongo maki ya kotokisa salade bayeti fred soso ya kokalinga na thomson ya kokalinga
ID_UTRRNL,vana vari munzvimbo inoitirwa mutambo vamwe vari kufamba vamwe vakamira vakatarisa murairidzi wavo vakapfeka nhumbi dzine ruvara rwakasiyana vamwe vakapfeka zvitsvuku vamwe vakapfeka zvichena uye vamwe vakapfeka zvegirini nepingi
ID_UVMLAT,mureza wenyika une ruvara rutatu rokutanga ruvara rwebhuruu ruchiendzeka kuzasi potevera ruvara ruchena popedzezera norumwe ruvara rwebhuruu pane ruvara ruchena parikuoneka chipepa chakapeteka chakanyorwa neshiri yakamharapo
ID_UWBFTZ,bana bawewa bamotar
ID_UWMENO,awa nazomona bandako mibale ezomonana malamu mosusu ezomonana malamu te bandako ya ndenge ya kala na place monene ya kotambolela eza lokola nzela kasi eza na mabele
ID_UXUXQS,kaloti oyo eza mibale mibale mibale ndenge moko kasi nyonso eza na ba ndunda
ID_UYYZRT,bilanga esili ko bimisa ba mbuma nango oyo ezali fruit ba bengaka paka paka eza na langi ya lilala pe na mwa langi ya pondu moke
ID_UYZIDF,na bilili oyo nali komona balakisi nga awa balabala pe bamituka na balabala namoni pe bato batelemi mpo bali kozela ba mituka mpona bakota na kati ba maman basi ba misusu namoni ba memi basaki na bango na mokongo pe namoni bamayi ya bisoto wana ba milangi bisoto ebele eza awa pembeni ya balabala
ID_UZCUNE,milangi oyo eza na eloko na kati kasi misato nde ezomonana malamu biloko ya kati eza ya komela
ID_UZNHDS,nyama yehuku yakanatsobikwa zvakanaka uyezve yakabikwa zviri zvidya zvoga zvoga pamusoro pakabva pagadzikwa madomasi uyezve nezvimashizha zvegirinhi kuwedzera kunakisa zvibikwa izvi
ID_UZPOHC,shiri imwe chete iri mudendere yaro riri mumuti mukuru une mashizha egirini ine mavara ebhurauni namachena
ID_UZQPIE,sika tokomi awa bandeko na ngai na omona eza ebele buku eza buku moko ya kitoko mpenza buku oyo ya kosalisa bana na kelasi namoni bakomi na kolona yango buku ya francais eya buku moko ya kitoko mingi
ID_VAHYZX,chidhori chine ruvara ruchena chakapfekedzwa nhumbi yechikadzi iri rokwe rokwe iri riri kuonekwa rakareba asi nechekumusoro rine tambo harina maoko akarebenuka nechekumashure kuri kuonekwa chimwe chidhori zvichioneka kuti zviri muchitoro chinotengesa mbatya idzi
ID_VCINKB,murume ari pakati pekugadzira injini yemotokari injini iyi ine mavara mavara nechemukati ine ruvara rutema kunze yoita ruvara rwesirivheri nechepamusoro ine maburi maburi uyezve ine tusimbi simbi twakangobatana batana
ID_VCTYHQ,baba vari kufamba vakafuratira kuchikoro kwavari kubva vakatakura chikwama chavo chegoridhe vakapfeka hembe dzakasvibirira neshangu dzine ruvara rwebhuruwu
ID_VENALY,bandeko awa pe esika na komi awa eza esika na kati ya ndako me na ndako oyo babengi yango eza ebele place balambelaka biloko ya kolia awa nazomona koza ba fruit ndenge na ndenge babongisa yango mpona batie yango na mesa
ID_VFDVNQ,awa na moni eza esika batekaka ba buku ya bana na likolo ya buku yango namoni dessin ya nyama moko babengaka yango ngungi
ID_VGRHEU,dandemutande rine ruvara rwegirini neruvara rutema neruvara rwebhurawuni yakaita mitsetse inobva kumusoro ichidzika kumashure yakagara pasi pana mashizha akatumbuka mamwe ane ruvara rwepepuru mamwe ane ruvara rwakaita bhuruu mamwe ane ruvara rwegirini dandemutande ritori neshinda dzayo pane ruva rine ruvara rwegirini
ID_VINFUR,munhukadzi akabata ushaya akapfeka hembe ine ruvara rutsvuku akaruka zvinhu zvakanamira mumusoro zvichienda kumashure zvichiremberera muromo wake une ruvara rwepingi netsiye dzisina kugadzirwa
ID_VJNISQ,awa nazomona tondese ezali awa namoni mpe ba crayon mpe ezali eza bamateriolo tosalelaka namoni mpe babike pe eza wana
ID_VJUJUD,mugwagwa miviri une tara neusina motikari miti ine mashizha egirinhi nemaruva epepuru huswa hwakaoma
ID_VKRKCQ,bete ramabhachi ritema namapapiro makuru rakamhara padombo ririkutsvaka zvokudya
ID_VMCOFZ,mbozhanhare yerudzi rweiphone yakagadzikwa pamusoro pegumbezi ine kamufananidzo katema kehapuro risina kukwana
ID_VMOBST,bileyi na kati ya ba restaurant soso nyama pe na ba ndunda na mbala biloko ya epayi bipayi pe na ba loso
ID_VMYEXJ,na esika pe tokomi awa na moni eza placemo koza bamatiti ebele songolosongolo na moni pe na kati ya bamatiti wana koza bato misato bazosala spore na bango spore oyo babengaka na monoko ya lopoto spore oyo ya karate
ID_VMYHSN,shangu mbiri imwe yakagara pamusoro peimwe dzineruvara rutema dzinoratidza kuti ishangu dzerudzi rwesanduru dzakavhurika kumberi dzineruvara rutema mukati dzakanyorwa neruvara rwegoridhe asi pamusoro dzineruvara ruchena neruvara rutema dzakagara pasi pane ruvara rwepfumbu neruvara rutema
ID_VNQOPK,awa nkomona eza atelie ba mashine ezali wana ba mashine a oya konika fufu ekonika masangu ekonika nguba biloko nyonso nakomoni eza ba mashine bmashine esika batekisaka ba mashine mpe bakosala pe ma mashine
ID_VOZGMM,bandeko awa pe na omona eza bilei epi eza na kati ya nzungu baolamba namu nango eza ebele mbisi epui likolo ya mbisi oyo nazomona ba tomate na matungulu na ba poivron ea moto azolamba bilei oyo oabu mingi ezala kitoko penza
ID_VOZSMW,singi yekugezera ine ruvara rwesirivha pane pombi yemvura yakakwira mudenga ndokuzobhenda panewo mishonga inoshandiswa kana uchida kugeza zvinhu
ID_VSIQKV,mamwe amaturusi anoshandiswa kuita mabasa amaoko akasiyana siyana pane sikuruudhiraivha pinjisi nesipanera pinjisi ine mubato une ruvara rutema namavara eyero pinjidzisi dzinoratidza kuti dzakarongwa nehukuru wadzo kunotanga doko kuchinopedzisira hombe hombe zvipanera zvine ruvara rwutema namavara eyero zvakare
ID_VUVJWI,muti una mashizha madiki mazhinji anopa mumvuri wakanaka uye mukuru kwazvo
ID_VXVHZA,muti muhombe mitatu iri kumberi kwezvivakwa zvinobudikira zvine ruvara ruchena kwoita zvimwe zvimiti zvidiki zviri pasi pemazimiti aya
ID_VYRCXO,awa eza esika bakonzi batelemelaka makambo ya kelasi ndako ya kitoko
ID_VYVYRL,mango dzine ruvara rwakasiyana runoti yero girinhi dzimwe dziri pasi dzimwe dziri mudhega retsvuku parutivi pacho pane mahuswa egirinhi
ID_VZFEWT,vakomana vezera rechidiki vanofarira zvemutambo vakapfeka hembe dzavo dzakasununguka dzavanoshandisa kana vachida kutamba pane mumwe aripamberi akatarisa pasi akabata bhora
ID_VZPHOL,nzvimbo inoratidza kuti parutivi pemugwagwa wedzimotokari namabhazi pane kamba kaduku kangangova kari kemagetsi kana kuti kenharembozha kakanamirwa mapepa akawanda evaimbi nevanoita zvemotengerwo enyika
ID_WBDIEG,dhorobha rine midhuri yakareba umwe une ruvara rwebhurauni mahwindo akawanda miti ine mashizha egirinhi munhu ari pamotabhaiki akapfeka ngowani yebhuruu motokari dzine ruvara ruchena
ID_WBXQTC,munhurume akapfeka nhumbi ina mawara mawara muhuro make akapfekawo chuma icho chinechiratidzo chomuchinjikwa nechepamberi pacho zvakare anebvudziwo rakapendiwa rakachinjiwa kara
ID_WBZRLQ,bbalakisi biso awa h mutu ya mwana mwasi bakangi ye suki ende ao lakisa biso motindo nini bakangaki suki yango
ID_WDPIDY,oyo bakiti ya salonbakiti ya salon babengaka badivan eza pe eza na bakusen na yango mibale ekokana ya chokola na ba mwindo mosusu eza chokola kata
ID_WDZCRL,kabhokisi kemapini anoshandiswa mumakambani kana muzvikoro kabhokisi aka kane ruvara rutsvuku neruvara ruchena kakanyorwa namavara matsvuku namavara matema mapini arimo anoratidza kuti ane mavara akasiyanasiyana mamwe mapini ane ruvara rweyero mamwe ane ruvara rwebhuruu mamwe ane ruvara rwepingi
ID_WFSNBQ,liboso na ngai nazomona moteur moko ya mutuka
ID_WGDFIO,imba yakashongedzwa zvinonwisa mvura nekutandarira mune masofa matsvuku anoenderana netafura asi riine girazi pakaiswa maruva akashongedza imba iyi mune zvemudenga zvishongedzwo zvakanaka uyezve kumberi kunoratidza kuti kuri kuenderera nemataira ebhurawuni imba iyi inoratidza sehotera
ID_WGTTAV,bato mibale bazotambola na nzela mobali azali liboso mwasi azali nsima mobali ya liboso asimbi katini ya pembe mwasi na nsima asimbisaki na maboko
ID_WHRRVY,namoni mwa ndako ya kitoko pe ya se ndako oyo eza nakati ya lupango pe na kati ya lupango oyo mwa nzete ya monene pe namoni lupango yango eza na langi moko ya kitoko pe eza kongenga namoni liboso yango mwa matiti na mwa efololo ya kitoko mpenza
ID_WHTMGC,shangu tsvuku mbiri idzi dzinoshandiswa pamujaho kana pakumhanya uye shangu idzi dzinosungwa pamusoro kuitira kuti choka inyatsobata zvakanaka
ID_WHUXCU,mombe dziri mudanga uye mombe idzi dzine ruvara rwebhurauni dzimwe dzine nyanga panewo kamhuru kane ruvara rwebhurauni imwe yemombe idzi irikudya sauti ine ruvara ruchena
ID_WIBEDZ,poto oyo elakisi biso mwa buk eza buku oyo ya 3ieme primaire b buku oyo eza buku ya histware na geographie emonani eza ya kitoko mpenza
ID_WLATQT,panovezwa simbi panogadzirwa mawindo furemu nemadho furemu ayo matema aine dhiramu komana genareta uye chikwangwani marara pasi
ID_WLVCIE,shangu imwe chete yakagadzikwa pasi pane ruvara ruchena shangu iyi itenesi ineruvara rutema yoita madorodo eruvara rwegireyi nechemukati ine ruvara rutema yoita netambo dzine ruvara rutema
ID_WLVUHQ,hembe ine ruvara rwebhuruu yerudzi rwe lessi ina mabhatani matema pamberi namaoko akafara emunhukadzi irikuratidza kuti irikuratidzirwa irikutengeswa
ID_WNDDQC,motuka oyo etelemi eza neti etelemi esika basukolaka mituka na moni bato mibale wana batelemi bazotala yango
ID_WNPCLK,makicheni yuniti ari kutengeswa ane ruvara ruchena makicheni yuniti aya ane madhirowo matatu nema dhoo matatu uyezve akagara pasi pane mapuranga kuna masofa zvekare anoratidza kuti ari kutengeswa muchitoro ichi
ID_WOPOVQ,esika na komi awa bandeko naomona baolakisa ngai na pepo na pepo oyo namoni baolakisa ngai eloko babengi na noko ya lopoto eza ebele helicoptere ezotambola na pepo
ID_WPKARR,vanhukadzi vakamira vakaita mutsetse vakabatana mumabendekete avo vakapfekavo nhumbi dzinoratidza kuti vatambi vemutambo wevhoribhoro varikuratidza kuti vavekuda kunotanga mutambo wavo
ID_WRJKBM,tozomona eloko esimbi eloko babengi singa ya charge oyo esalaka moto ekota na kati ya telefone yango wana bazolakisa biso loboko esimbi yango ezali na langi ya pembe
ID_WSBTTM,buku ya bana kelasi ya motoba ekolakisa bango lolenge ya kotanga pe kokoma orthographe
ID_WSMAWR,bendele eza na langi ya bozinga likolo ya monene na ligne moko ya langi ya pembe na katikati mosusu na katikati langi ya motani na se nango lisusu molongo ya langi lisusu ya mpembe na se lisusu langi ya bozinga na katikati eza na minzoto esalisiaklya lange ya mosala
ID_WTRVXN,liboso awa nazali komona ezali bongo photo bakangi ndako pe ndako yango eza ndako yakovanda te eza esika ya mosala ponamoni bakomi likolo na monoko ya bopoto agence
ID_WUBYWS,chibhodhi chinonyorerwa nevana vadiki chine ruvara ruchena nerwebhuruu kunze chine chinyoreso chakatsvetwa pamusoro chakaputirwa nepepa repurasitiki jena
ID_WUIHHV,michero yakasiyana siyana inodyiwa navamwe imwe yacho irikuoneka mhodzi dzayo tsvuku uye imwe yacho yakacheneruka michero iyi ine imwe mitsvuku irikuwanikwa iine mambava
ID_WVPTRD,na liboso na nga namoni eza na monument likolo ya monument namoni bikeko mibale eza na maboko te namoni mabele na lisusu alati te kuna ya rompre wana namoni ndako ya monene
ID_WWYFTZ,awa tomoni bana ba mike baza na kati ya kelasi baza koyekola baza mwa mingi baza kotala moto aza kolakisa bango baza koyekola baza mingi na kati ya kelasi
ID_WXYBXH,awa bape na komona bilei na komona mkuna na mopanzi bono na katikate batie madesu na mopanzi kuna ate pilipili yalangi ya motani mbono na mopanzi kuna atenabatie bota tomson
ID_WZDBDJ,miti mapowo uye tambo dzemagetsi juraho mugwagwa unetara dzimba nehuswa hudoko hwakaoma
ID_WZHDZH,liboso na nga awa namoni ba tata mibale moto na moto aza na bic na loboko pe bao signer likolo ya ba papier oyo
ID_XBHYWJ,vakomana vanoita zvemutambo wetsiva vari pakati pemutambo wavo kune mumwe wakapfeka hembe ineruvara rwebhuruu kuzasi hembe iyi yakanyorwa nemavara machena kunzi twins special koitawo mumwe wakapfeka hembe ineruvara rutsvuku nechikabudura chine ruvara rutema neruvara ruchena
ID_XBNVDS,shangu dzekutambisa mutambo vazhinji vanotambisa shangu idzi mutambo wenhabvu shangu idzi dzine ruvara rwakada kurerekera kuruvara rwenhundurwa pamusoro murutivi dzine ruvara ruchena nechekumashure dzine ruvara rutema
ID_XBOTXS,na bilili oyo nali komona balakisinga ka mwa nzete ya mokuse pe namoni eza pembeni ya libanga ya monene namoni ka mwa sac pembeni na yango nde nali komona balakisi nga
ID_XDUUNH,oyo bato bazo sambela na kati ya eglise crétienne namoni kurusa yesu kuna na nsima toza naya kati ya eglise bazo sambela marc
ID_XEKFYB,bangomba pe bisobe ya matiti eza na bandako bato bavandaka matiti mosusu ya kokauka mosusu ezanani ya mobeso ya lange ya pondu mosika naya na bandako nazomona manzanza na bango
ID_XFCXUL,musika urikutengesa zvakasiyana siyana pane makotopeya zvinanazi mabhanana mango nezvimwewo zvakadaro makotopeya aneruvara rwegirinhi nemavara mavara matema koitawo mabhanana aneruvara rweyero nemamwe aneruvara rwegirinhi akakangavira mango dzineruvara rutsvuku
ID_XFMSIQ,awa namoni batongi ba mabanga ebele nakati ba tikamwa ndako bati vierge marie nde biloko namoni awa
ID_XFQJTD,awa tomoni sapatu ya bana basi tozali komona ezali kitoko tomoni ezali na langi oyo ezali ya motane na mwindo na kati kasi ezali ya bana basi ezali kitoko kitoko mpona kolata
ID_XGOOWY,liboso na ngai nazomona ba matiti ebele likolo na yango nazomona balabala na kati na yango nazomona ba mituka na batu ebele bazo tambola
ID_XGTHZP,nzela esi ebebi bato bazoleka kaka na nzela wana ndenge wana
ID_XHGAJR,elembo ya mboka ezali bongo na langi ya pembe na makomi na langi ya chokola
ID_XHJUVO,bandeko eleko nazomona awa na misu na ngai naza ebele na kati ya ndako mei ndako yango namoni naza na place oyo babengaka na monoko ya lopoto na sale a mange sale a manger oyo namoni bato bazolia bilei eza papa mama na mwana na ye baza na kati ya sale a mange baza na mesa bazolia biloko ya kolia
ID_XIHAIR,e awa na moni ba lakisi biso mwa mpuku moko ya monene makasi e na moni eza mpuku oyo e zalaka na zamba na se ya mabele
ID_XIPYIV,awa nazomona tomwa babole moko boye oyo batiaka biloko ya kolia na kati oti na fringo babole yango sikoyo moko eza na culere ya mosaka moko eza na coulere ya ma ya pondu msmosusu eza na coulere ya motane mosuseza na coulere ya lilala
ID_XIZBQT,awa tozali komona bazali kolakisa biso bazali kolakisa biso monima tomoni sima monima nzete moko mpe ezali wana kasi tomoni motu moko atelemi na ngambo ya balabala azali kotala monima yango motu yango alati pembe na mwindo na kasak moko na mabeka na ye
ID_XJNTHO,oyo eza logo ya republique du congo brazzaville logo yango ezalaka unité travay e progres ezalaka na dessin moneti lion asimi moto na ba elephant mibale sasu ngeso pal logo no eza ba elephant
ID_XKEGLX,zvinwiwa zvedoro rechirungu romumabhodhoro reblack lable riri mumabhodhoro ane bepa rine zvitsvuku ari mufiriji yegirazi inoonekwa zviri mukati kuti atonhorere ari kutengesewa akazara mufiriji
ID_XKFXQJ,motuka esali mikolo ebele ezali yaokufa liboso ya lopango a ya polise toza komona batole na ba fenetre ebele
ID_XKPYUW,liboso na nga na moni eza kabat kabatu mone kbato o batiaka babuku ya kotanga nde na moni yano liboso na nga atie babuku wana kitoko mpenza moni epesi mposa ya kotanga
ID_XLFFGX,mumugwagwa unoratidzika kuti unofamba mota dzakawanda kumativi kwawo kune vanhu variko vanhu ava vanosanisira varume vaviri kozoti mukadzi akamira akatakura bhegi
ID_XLNHAF,na elili oyo tozomona esika bazolakisa biso moto ya loposo ya mondele azoli koloba liboso na ye ezali na micro ya molai liboso na ye ezali na eloko esika bakomi na monoko lopoto secretere generol
ID_XLPSXR,vhudzi refu rakasvibirira rakarukwa zvakati tsepete nomusoro nechapanhongonya panewo madenderedzwa amaraini ayo akanosungwazve bvudzi richinorembera poitawo mimwe mitaro inobva nechapanhongonya ichidziyira musoro wose kuchizoiswa zvuma pekupedzisira
ID_XMKMDY,zvuma zvakarembedzwa kuti zvioneke haunaku hwazvo kune vanenge vachida kuzozvitenga
ID_XOSHIU,awa tozali komona ezali na kati ya nzela tomoni ba lakisi biso bisi moko ya monene mpenza ezali na langi oyo ya pembe kasi ezali kokende na pembeni yango tomoni bato bazali koleka bazali kokende esika sangolo
ID_XPFQKJ,eloko balakisinga awa bandeko na misu na ngai eza obele ndako moko mpenza ya kitoko ndako moko ya monene ndako oyo baloba monoko ya etage eza ndako ya ya etage epi eza ndako moko eza alangi ya pembepembe epi bavitre na yango eza langi ya moindo
ID_XQRCWT,likolo ya mesa ezali na sani ya pembe ya mbele kasi ozomona eza na lutu yango na sani yango eza na kati eza loso na pondu na madesu kasi boye eza na mbisi ya kokalinga yango nde babengaka mpiodi boye ozomona pe pilipili yango eza elengi
ID_XQUAPC,ekeko ya moto eza likolo moto ango aza molayi atelemi azo talana ngambo kuna alati kazaka ya molayi ya molai ekomi na makolo ba telemisi ekeka yango likolo ya beto moko boye ya langi ya mbwe
ID_XSCBVZ,chaja yerudzi rutema inetambo refu yakamonerana monerana kumusoro kwayo kunetuzino twuviri twesimbi twunova twunobairirwa kumadziro kuti tutore moto tuchiisa kuti tuchaje midziyo
ID_XTDFEU,elili oyo na moni liboso na ngawa na moni mwa nzete ya kitoko mpenza nzete oyo emonani eza nzete oyo babenga yango na monoko ya lopoto pambu eza kitoko mpenza
ID_XTVWHW,awa nazomona lokolo moko ya sapato ya basi ezaka lokolo moko ya sapato ya basi
ID_XUVOLK,muti yakamira pamusoro pedombo reruware regreenai
ID_XVWCUU,awa tozalikomona bato mingi tozomona baelenge mibali batelemi oyo baza kosala makambo ya miziki ya kobina baza na tolo pamba balati eloko te na likolo kasi na se balati biloko ya langi ya mosaka tomoni na basi mibale pe baza na kati nabangomosala na bango ezali kobina koyemba yangowana baza kolakisa biso
ID_XXFOBP,awa namoni eza milangi mingi nakati ya milangi namoni eza ba savon ya likide ya kosokola maboko nde nazomona awa moko eza na couleur ya vert na mosusu eza na couleur ya rouge nde nazomona
ID_XXGTFT,bana kelasi bazosala masano bazosala epes oyo moko aa sauti alati bilamba ya langi ya bozinga misusu bavandi na se balati bilamba balange ya pembe misusu balati balangi bilamba yalangi ya mai ya pondu mosusu balati bilamba ya rose mosusu balati bilamba ya mitani bavandi na mabele
ID_XXNSTV,elili oyo ekolakisa loboko ya mwana mwasi ekolakisa ebombeli ya kisi ya langi ya pembe pe elili ya mwana moke alatilamba ya mosaka akoseka kombokoma ezali na nkombo mpe ya kisi yango na bokono ya kobikisa
ID_XXRGUZ,muti une mashizha egirinhi akachenerukira nezvivana zvineruvara rwebhurauni zvakawanda muti uri padivi pemudhuri mukati memudhuri mune zimuti zihombe rinemashizha egirinhi akawandisa pane mumwe muti unetumabazi twakaenda mativi tune mashizha tudiki twegirinhi panze pemudhuri pane tumaruva twunetumiti twegirinhi
ID_XYNEAZ,na esika to komi awa nazomona eza ebele papa moko boye papa oyo na monoko ya lopoto ba bengaka ye aza obele professeur professeur oyo na moni aozwa ba biloko ba bengaka ba crie aotia yango na kati ya ba carton
ID_XYNGYT,mureza mumwechete mutsvuku pakati pawo pane denderedzwa guru richena mukati maro mune nyeredzi nemwedzi zvitsvuku
ID_XYRMYH,mitsvairo yakatsveta pasi yakaturikidzana yekutsvairisa panze uye mumba vamwe vanhu varikufamba vamwe vakagara motokari yakamira mumugwagwa
ID_XYSGOD,umu muchitoro munoita zvekutengesa midziyo yekubikira mimwe midziyo ine mibato mitema imwe midziyo ine mibato yeruvara rwegoridhe
ID_XZETLA,mri mamairi basokumisa emusiyeni awa
ID_XZTSMF,motokari dziri kufamba pane mugwagwa wakaiswa tara mugwagwa wacho uri pedyo nemiti yemijakaranda miti iyi haina mashizha akawanda uye ine maruva airi kudonhedza panewo rusvingo ruri kumberi runodzivirira kuti vanhu vasaende kudzimba dzevanhu nepavanoda
ID_YAZDEC,foto elakisi biso mwa portapare ya kitoko pe na se eza na mwa place ya kotea mwa iloko mosusu pe portapare oyo eza na mwa mabaya moko ya kitoko pe langi moko ya kitoko mpenza pe na moni eza na mwa bapne okoki kodeplace yango
ID_YBCTRD,murume muchena akagerwa ndokugadzirwa bvudzi rake zvakanaka murutivi rwemusoro make munoratidza kuti makagerwa bvudzi rakasiiwa radoko nechekumusoro bvudzi rakasiiwa rakakura ndokubva ratwasanudzwa richitarisa kumberi zvine unyanzvi
ID_YBFFUC,chidyiwa chinonzi tsangamidzi chinomerera muvhu chinonzi chinorapa zvirwere zvakasiyana kusanganisira mudumbu nedzihwa nezvikosoro inovava imwe iri apa yakachekwa
ID_YCUAQR,e fhoto nazomona liboso nangayi nazomona ndeko ya mwasi ya mokolo asi akoli asimbi mwana na maboko pe soki totali mwana malamu mwana ango azobela aza na nzoto kolongono te
ID_YEGQGO,sadza rakapakurwa nemuriwo wakanaka pane sadza rineruvara rwuchena koita muriwo uneruvara rwe girini kobva kwaita mashu mashu dzinoratidza kuti dzakanyatsotsvukira uye dzinonaka
ID_YEIYDD,na bilili oyo nali komona awa balakisinga mai ebele pe namoni bamabanga na kati ya mai oyo pe namoni me soki namoni malamu kuna amoni banzete pe na bandako ya milai
ID_YGOOHY,shangu dzemunhurume dzakapfekwa dzeruvara rwusvipa uye dzakavharika kumberi kumashure kwakavhurika dzakanaka kwazvo
ID_YGQLTC,liboso na nga awa na moni balakisi ngai na mesa bamwa eteni ya citron na mwa asiete nde yango oyo tomoni awa
ID_YHBQZY,elenge mibali bilenge mibali bango wana baza na molongo kasi baza neti kobeta bale yango wana bazomibongisana mpona kobeta bale balati mpe bilamba ya kokokana ya pembe
ID_YHQRIM,kisi nkombona ango doxisikrine eza na bwate ya pembe na langi ya pondu eza bakisi ya komela mpona kosalisa bato baza na infection
ID_YLFNDR,aya maruva maruva echirungu ukatotarisa toti anoratidza kuti anodiridzwa uye ane hutano ukatotarisa ti akutobereka michero yawo nhuye ukatotarisa t anoratidza kuti anobukira nepasi
ID_YLGJGF,nekiresi nemhete zvakatsvetwa pachimudhuri chine ruvara ruchena zvine ruvara rwegoridhe zvakabatwa neruoko kutsigirwa zvakatsvetwa pasi pane ruvara rwegirinhi
ID_YLLAAX,maruva aka dyarwa ayo ari kukura anewo mashizha egirini mamwewo ari kubhuruma zvine ruvara rwepichi anonakisawo nzvimbo pangava pamba kana pape pa akadyarwa
ID_YLLSZV,awa namoni eza buku moko boye likolo ya buku wana badesine mwana mobali aza likoloya mwa nyama na mwana mwasi aza pembeni
ID_YNKOQY,awa nazomona mashini awa
ID_YOANOW,ndiro ine ruvara rutsvuku inechikafu yakagadzikwa pamusoro petafura rine ruvara rwebhurawuni ndiro iyi yakapakurirwa sadza sadza iri rine ruvara ruchena uye mune nyama yakakangwa zvinomwisa mvura ine ruvara rwebhurauni padivi pane girazi rine chinwiwa chine ruvara rweorenji
ID_YOMUYB,muti unenge mupopo uripedyo zvikuru unetambo dzamagetsi kana ukabatira kutambo idzi vazhinji vanobata mupopo uyu vanogwinwa pane shiri dzakamharawo pamusoro petambo yapamusoro
ID_YOWFFV,nzvimbo yakaungana vanhu vamwe vari kuita zvekutengesa mbatya pane mudzimai wakabata mbatya dzaari kutengesa mudzimai uyu ari kutengesa mbatya dzine ruvara rwegirinhi dzimwe dzine ruvara rutsvuku dzimwewo ndidzo dzine ruvara rwebhuruu
ID_YPRMZQ,chirimwa chemaepuro chine kara tsvuku mashizha egirini mutanda wacho webhurawuni nemashizha mamwe eredhi
ID_YQCOJH,masamusa akawanda kwazvo ane ruvara rweyero akatsvetwa pachinhu chakafara uye akaiswa miriwo yakasiyana siyana yakachekwachekwa pane madomasi bhorokori onyeni neremoni
ID_YQXMBU,awa tomone ndako moko esili te esengeli babongisa yango ekomi ya paka ekomi esali mikolo ebele esengeli basala eloko babengi renovation mpo esi ebebi esi ekomi ya kala
ID_YRDTWP,ba nzete ya milayi na langi ya pondu
ID_YRXNJR,motuka oyo ezali neti ya sika kasi ozomona ezali motuka neti eza kitoko pe makasi mingi yango eza na langi ya mwindu eza pe na langi ya mbwe
ID_YSXMAC,na esika na komi awa bandeko naomoni eza na baala ma nzela moko ya mabele a pembeni na nzela na mabele namoni eza obele ba mituka mibale balemietelemi wana ba mituka oyo ezana langi ya mayi ya pondu
ID_YSXZVS,motuka moko ya monene etelemi eza na langi ya motane aza pe na milongo ya langi ya mosaka na sima na yango eza na langi ya pembe eza na bapine ya minene na se na yango pe eza na langi ya pembe
ID_YTBYDD,boye ezali balabala ozomona mituka na bato pe baza pembeni ya mituka yango ya monene yango eza na langi ya pembe kasi ndako yango eza molai kasi eza neti ya kobetela boye yango eza neti ya kala eza na langi ya mbwe
ID_YTIZJS,gonye rineruvara rwebhurawuni rakasimudza musoro uye rinedumbu rinoratidza kuti rakaguta uye rakaiswa panotefetera paneruvara ruchena
ID_YUBNIJ,na bilili oyo nayali komona na sani oyo namoni pondu namoni bakwanga namoni pe bamisuni ebele biloko ya kolia oyo eza ya kitoko
ID_YUELGH,awa nazomona logo bakomi luxio beauty land
ID_YUFIOJ,awa na moni eza esika batekiselaka biloko mingi liboso na ngai nazomona na kati ya étagere bamilangi ebele bazozela bato baya kosomba
ID_YXYKJA,na esika tokomi awa namoni bazolakisa nga bandeko eza obele esika baotekisa babiloko oyo bakomka na ngo na kati ya kelasi oyo babenga yango ba cri siko oyo eza ba cri ya ndenge na ndenge ya balangi ya pembe ya motane
ID_ZABUUU,mureza wenyika yemuafrika uneruvara rutsvuku kurudyi neruvara rweyero kubva kumusoro kurikuruboshwe ichiteverwa negirinhi
ID_ZCEOXY,ndako kasi eza ndako ya molayi ya monene kasi ndako yango eza na lopango moko eza na lopango yango eza a mwindu yango ndako yango eza neti mwa ya kala eza sika te eza esika bato bafandaka esika bato ba fandaka
ID_ZCKRYZ,bakonzi ya mapinga mibale bafandi na bureau moko alati teni ezali na langi ya moindo pe asimbi verre na maboko mosusu alati teni oyo ezali na langi ya pembe
ID_ZDNNEM,awa ba lakisi ngai bana mibale mibale bafandi baza na kati ya ndako bana mibale
ID_ZDVLXF,foto namoni namoni eza photo ya sapato bato balataka ya mwasi
ID_ZFGUDY,sango hombe rine miti mizhinji yakasvibira uye rinoratidza kuva neivhu dzvuku rine sora rakaoma uye pari kuonekwa chikomo chine miti mizhinji
ID_ZFITUP,na foto oyo nali komona balakisinga eza na kati ya lopango ya lange ya motani pe namoni bandako mibale moko eza na balange ya moindo na mosaka mosusu eza na balangi ya pembe pe namoni bilokolibanda babasin na balipapa
ID_ZFMADM,na bilili oyo nali komona bandeko mibali baza bakonzi batelemi ba misusu ba jeune bafandi na se pe nali komona balakisi ba moko balati makulu ngulu
ID_ZGAKHJ,likolo ya caro ya pembe mapapa ya bilenge basi na langi ya moyindo moko emati likolo ya mosusu nyonso ezali obele pembe makomami na langi ya lilala
ID_ZGDMMV,zvidhori zvakawanda kwazvo zvakapfekedzwa zvuma kuitira kuti vanotenga vaone kutarisa uye zvidhori zvakawaridzwa pasi zvichiitira kutengeswa
ID_ZHLJBD,ruva rakadyarirwa muchinhu chinenge vhiri remapuranga chivhiri ichi chakatsigirwa nedombo kune rumwe rutivi kuseri kweruva iri kune matombo nezvimwe zvinhu zvakadonha pasi uye kune chitsiga chemuti
ID_ZHXHFH,foto elakisi biso mwa mutuka ya monene pe eza mutuka camion pe namoni likolo bato baza ebele babimi mwa voyage moko ya mboka pe namoni mutuka oyo kombona yango binze ezalaki mutuka moko ya kitoko pe ezalaki mutuka moko ya makasi pona ba voyage pe mpona komema biloko mingi
ID_ZJIPOW,rin'i yakabatwa muruoko memunhu ichiratidza nzara dzakachekwa zvakanaka rin'i iruvara rwesirivha nechekumusoro ine ruvara rwegoridhe kumashure kuri kuonekwa nzvimbo yekurongedzera mabhuku ane ruvara rwebhurauni
ID_ZJNTLH,miti yakachekwa nechinoshandiswa kuchekwa miti yacho inonzi soo uye zvisimbi zvakasiyana
ID_ZNCIGH,chitoro chinotengeswa hembe dzechimanje manje nemabhegi echimanje manje pana mai vakatakura bhegi ravo ravakaisa kuruboshwe rakagadzirwa zvechimanje manje nejira pakati rikaiswa mufananidzo uripo wakanaka
ID_ZNLWNB,na elili oyo eza liboso nangai awa azye komona mutuka mutuka moko ya munene mutuka oyo eza mutuka oyo ememaka batu po namonoko yalopoto babengi bus pe bus yango ezali bongo na langi ya pembe
ID_ZOCOTL,motuka monene epine na yango etoboka etelemi liboso ya esika oyo eza na bendele bendela yango alange ya mopondo ya mosaka na ya motane motuka yango eza alange ya mosaka liboso yango eyana nzete ya mbila
ID_ZOGMYL,ndege huru iri mudenga yakaburitsa mavhiri ayo kuratidza kuti inoda kumhara ichena uye yakanyorwa namavara matema parutivi payo
ID_ZOIAKV,milangi mibale ya savon mpona kosokola zto milangi mibale ya savon ya mayi mpona kosokola nzoto
ID_ZPCTZV,vatambi vange vachitamba mutambo varikuratidza kuti vakunda pamutambo uyu vapihwa masetifiketi uye vane menduru dzavarikuratidzira
ID_ZPDKPY,shangu idzi dzitema uyezve dzinoratidza kuti dzakasonewa nechekumashure kwadzo dzinoratidza kuti dzakuperera pasi nokufamba
ID_ZPQRJW,kasi ezali suki bakangi mwasi oyo suki ya kitoko mingi ezali suki ya kolala kasi yango mpe eza molai mingi te eza kaka mokuse yango eza kokanga ye kitoko mingi eza na langi ya mwindu boye
ID_ZSCIPF,vatambi vesipoti yecricketi vari munhandare yavo yekutambira cricketi navamwe vakapfeka nhumbi dzakafanana dzinobvira kumusoro dzichidzira zasi uyezve vakapfeka mabhurugwa matema namasinika akasimba
ID_ZSRKOJ,tirikuona mireza yenyika dzakasiyana siyana pane imba inoratidza kuti panosangana vanhu vachiita misangano vanobva kwakasiyana siyana kana kuti vemapato akasiyana siyana tichionao mishina inoratidza kuti inogona kushandiswa kutumira nhau nezvivhitivhiti
ID_ZSWGRX,michero inopa hutano uye inodzivirira kubva kuzvirwere inoti maranjisi mabhanana tsangamidzi uye makerotsi
ID_ZSWMQN,eza ba manga ba manga yango ezaetondi bassin ba manga yango eteli eza ya kotela mosusu eza na se pemben na bassin ba manga yango kitoko makasi elengi pe
ID_ZTKFTF,maruva akagadzirwa zvakanaka uye miti inoyevedza motokari dyakamira nedzimwe motokari dzirinechekure nemiti mihombe
ID_ZUCSAV,chitoro chakaiswa mataira anopenya machena pane marokwe nehembe dzechikadzi dzirikubudikira dziri kutengeswa nechekumberi kunewo zvakaita samabhachi nemasutu ayo akaiswa mumapepa arikutengeswa
ID_ZUWDYE,na bilili oyo nali komona balabala ya moindo namoni ba fleur pembe na balabala oyo pe namoni ndako ya molai pe ya kitoko balakisinga awa
ID_ZVCYRR,patapata rakaiswa pasi pane ruvara rwepfumbu iro patapata iri riri repurasitiki kune rimwe divi uyezve tambo yepamusoro iri yepurasitiki rimwe divi riri puranga patapata iri rinoratidza kuti rakapfekwa kwenguva yakareba
ID_ZVIXHA,imba yokurarira ine mubhedha wakaiswa zvokufuka jira rakadhizainiwa zvakanaka nemaruva akasiyana siyana kune makabhodzi kumadziro okurongedzera mbatya nezvimwewo zvinhu kune rumwe rutivi kune fafitera nemaketeni
ID_ZWVNEU,awa na moni eza na kati ya zamba liboso na ngai nazo mona ba nyama mibale oyo ba bengaka na monoko ya lopoto singe
ID_ZXGTRS,naeloko naomona awa na misu na nga bandeko na moni naza na katikati ya lopango lopango oyo na moni eza na mwa porte moko ya langi ya motane pembe ya porte wana namoni koza mwa nzete moko boye ya monene epi
ID_ZZXYLS,na esika oyo tomoni baza kolakisa biso eloko babengi trombone fantai decleqe ezali na kati ezali ba biloko oyo ya balangi mingi na kati wana tozali komona ezali ba bic nde ezali na kati
